dataset,image_id,level,complexity
coco-rem,000000000761,5,0.6150745
coco-rem,000000001591,3,0.5011143
coco-rem,000000001756,5,0.8067851
coco-rem,000000001903,1,0.367964
coco-rem,000000002179,4,0.5538812
coco-rem,000000002283,3,0.4968579
coco-rem,000000002608,4,0.56224066
coco-rem,000000002764,4,0.5390183
coco-rem,000000003389,1,0.41062078
coco-rem,000000003729,2,0.41716304
coco-rem,000000004309,2,0.42219713
coco-rem,000000004489,3,0.4892608
coco-rem,000000004904,5,0.5937663
coco-rem,000000006101,5,0.57060283
coco-rem,000000006263,1,0.31685713
coco-rem,000000006409,3,0.49121442
coco-rem,000000006426,3,0.49064404
coco-rem,000000006451,1,0.32711998
coco-rem,000000006753,5,0.75169045
coco-rem,000000007625,3,0.49356785
coco-rem,000000007735,5,0.5916295
coco-rem,000000007890,1,0.40095752
coco-rem,000000008006,5,0.5933602
coco-rem,000000008188,4,0.53519875
coco-rem,000000008599,5,0.5707045
coco-rem,000000009668,1,0.39966404
coco-rem,000000010711,5,0.57345605
coco-rem,000000010785,2,0.46158564
coco-rem,000000011209,5,0.59135914
coco-rem,000000011265,5,0.6803142
coco-rem,000000011320,5,0.64404917
coco-rem,000000011349,3,0.5059988
coco-rem,000000012096,1,0.3104916
coco-rem,000000012455,1,0.39424035
coco-rem,000000012497,1,0.36344698
coco-rem,000000012700,5,0.6785365
coco-rem,000000012884,3,0.47528827
coco-rem,000000013292,5,0.64713204
coco-rem,000000013355,4,0.5340946
coco-rem,000000013900,1,0.41491193
coco-rem,000000013985,5,0.5717568
coco-rem,000000014857,2,0.44182825
coco-rem,000000014941,3,0.5134257
coco-rem,000000015190,4,0.56668204
coco-rem,000000015451,5,0.5965463
coco-rem,000000015586,3,0.47063586
coco-rem,000000015826,3,0.50207704
coco-rem,000000015919,4,0.56809586
coco-rem,000000016362,2,0.4177064
coco-rem,000000016523,2,0.4514829
coco-rem,000000017966,3,0.5052793
coco-rem,000000018267,1,0.3546538
coco-rem,000000018661,4,0.5638004
coco-rem,000000018819,2,0.43355888
coco-rem,000000019157,3,0.49254075
coco-rem,000000019375,5,0.5856783
coco-rem,000000019589,3,0.5034613
coco-rem,000000019781,1,0.40850016
coco-rem,000000020781,4,0.53377897
coco-rem,000000021674,3,0.49069032
coco-rem,000000021968,4,0.56291884
coco-rem,000000022403,4,0.568972
coco-rem,000000022482,2,0.44293192
coco-rem,000000022593,5,0.62376875
coco-rem,000000022741,5,0.5864248
coco-rem,000000023035,5,0.6094086
coco-rem,000000024264,3,0.49650273
coco-rem,000000024368,5,0.57242316
coco-rem,000000024923,5,0.6418695
coco-rem,000000025123,1,0.3023634
coco-rem,000000025758,2,0.46818045
coco-rem,000000026436,3,0.5051524
coco-rem,000000026512,1,0.23886293
coco-rem,000000026654,3,0.50241417
coco-rem,000000026833,2,0.44939482
coco-rem,000000027343,4,0.53782403
coco-rem,000000027412,4,0.53001386
coco-rem,000000027539,4,0.5347155
coco-rem,000000027642,5,0.6922682
coco-rem,000000027710,5,0.6164135
coco-rem,000000027776,3,0.49029115
coco-rem,000000028010,3,0.50321794
coco-rem,000000028588,4,0.5590527
coco-rem,000000028698,4,0.5206924
coco-rem,000000028806,5,0.57251656
coco-rem,000000029593,4,0.5261465
coco-rem,000000030113,4,0.54385626
coco-rem,000000030210,4,0.5259956
coco-rem,000000030548,1,0.2598098
coco-rem,000000030852,2,0.46590883
coco-rem,000000031653,1,0.38479146
coco-rem,000000032044,2,0.45661268
coco-rem,000000033172,5,0.7098132
coco-rem,000000033476,4,0.5465169
coco-rem,000000034097,5,0.5953012
coco-rem,000000034475,5,0.60360265
coco-rem,000000035004,5,0.6284838
coco-rem,000000035696,4,0.5268337
coco-rem,000000035725,3,0.51436305
coco-rem,000000036433,2,0.4201197
coco-rem,000000037401,1,0.41343608
coco-rem,000000037527,5,0.71591085
coco-rem,000000037638,5,0.6382142
coco-rem,000000037717,5,0.58874935
coco-rem,000000038053,5,0.5762501
coco-rem,000000039399,2,0.45582265
coco-rem,000000040407,4,0.53361994
coco-rem,000000040874,5,0.581214
coco-rem,000000041913,5,0.6282103
coco-rem,000000042044,2,0.44473702
coco-rem,000000042069,3,0.4759598
coco-rem,000000042204,5,0.84237486
coco-rem,000000042526,1,0.327131
coco-rem,000000043226,2,0.4675847
coco-rem,000000043393,1,0.3204872
coco-rem,000000043611,1,0.3063863
coco-rem,000000043933,3,0.5012468
coco-rem,000000044178,5,0.6310734
coco-rem,000000044488,4,0.56779677
coco-rem,000000044500,5,0.6273683
coco-rem,000000044523,3,0.49172044
coco-rem,000000045479,4,0.5259963
coco-rem,000000045840,4,0.55989283
coco-rem,000000046085,4,0.540687
coco-rem,000000046809,2,0.43411595
coco-rem,000000047898,3,0.48254752
coco-rem,000000047952,2,0.44745052
coco-rem,000000048719,4,0.52745044
coco-rem,000000049095,4,0.55656976
coco-rem,000000049175,1,0.3274572
coco-rem,000000049369,3,0.5113943
coco-rem,000000049819,2,0.44277468
coco-rem,000000050025,2,0.4613866
coco-rem,000000050204,4,0.5225095
coco-rem,000000050960,4,0.5299553
coco-rem,000000052086,4,0.545044
coco-rem,000000052461,3,0.51119506
coco-rem,000000052827,1,0.37766713
coco-rem,000000053361,2,0.43704617
coco-rem,000000053587,1,0.24511859
coco-rem,000000054335,2,0.45425534
coco-rem,000000054532,5,0.5945608
coco-rem,000000055873,2,0.46063694
coco-rem,000000056193,5,0.59406865
coco-rem,000000057892,1,0.37592897
coco-rem,000000058102,3,0.49593168
coco-rem,000000058232,5,0.6091135
coco-rem,000000059252,5,0.64062953
coco-rem,000000059584,3,0.4932399
coco-rem,000000061409,3,0.4927072
coco-rem,000000061660,5,0.59146106
coco-rem,000000061831,3,0.47910303
coco-rem,000000061899,3,0.49483597
coco-rem,000000061945,5,0.6506169
coco-rem,000000061951,5,0.782891
coco-rem,000000062017,3,0.4751754
coco-rem,000000062543,2,0.4289436
coco-rem,000000063140,2,0.447322
coco-rem,000000063676,4,0.51909363
coco-rem,000000064342,4,0.518748
coco-rem,000000065353,2,0.4184103
coco-rem,000000065518,4,0.5566878
coco-rem,000000065900,4,0.55282104
coco-rem,000000065955,1,0.32948732
coco-rem,000000066520,5,0.60122335
coco-rem,000000067207,4,0.52621704
coco-rem,000000067558,1,0.41183957
coco-rem,000000067577,1,0.33499992
coco-rem,000000067776,2,0.44507536
coco-rem,000000068003,5,0.6516025
coco-rem,000000068235,3,0.4814288
coco-rem,000000068381,3,0.4836304
coco-rem,000000068866,5,0.6785707
coco-rem,000000069311,1,0.28137487
coco-rem,000000069587,1,0.3563458
coco-rem,000000069978,5,0.6285049
coco-rem,000000070288,1,0.38860708
coco-rem,000000070336,4,0.5353271
coco-rem,000000070724,1,0.40550277
coco-rem,000000070829,4,0.54852766
coco-rem,000000070863,3,0.48511577
coco-rem,000000071214,2,0.42168024
coco-rem,000000072018,3,0.51275414
coco-rem,000000073016,5,0.6859211
coco-rem,000000073626,5,0.92524457
coco-rem,000000073634,3,0.47092158
coco-rem,000000074060,4,0.5344351
coco-rem,000000074127,5,0.72455394
coco-rem,000000074407,1,0.306641
coco-rem,000000074901,3,0.49624166
coco-rem,000000075270,4,0.56699336
coco-rem,000000075522,4,0.54690474
coco-rem,000000075630,3,0.51215166
coco-rem,000000075932,3,0.4721128
coco-rem,000000075982,1,0.39818114
coco-rem,000000076001,4,0.5234405
coco-rem,000000079992,2,0.4370548
coco-rem,000000080044,4,0.5508832
coco-rem,000000080892,1,0.40678844
coco-rem,000000081200,5,0.6077336
coco-rem,000000081315,3,0.50691295
coco-rem,000000081826,1,0.40150508
coco-rem,000000082275,2,0.44267452
coco-rem,000000082787,5,0.5816677
coco-rem,000000082957,2,0.4363022
coco-rem,000000083045,2,0.45476973
coco-rem,000000083507,2,0.45025945
coco-rem,000000083716,5,0.5949965
coco-rem,000000084454,3,0.50780404
coco-rem,000000084840,4,0.5651139
coco-rem,000000084881,1,0.41237405
coco-rem,000000084996,4,0.562016
coco-rem,000000085187,5,0.69610476
coco-rem,000000085802,1,0.39055446
coco-rem,000000085956,5,0.59631616
coco-rem,000000086139,1,0.41176885
coco-rem,000000086292,5,0.6985244
coco-rem,000000087105,3,0.487994
coco-rem,000000087249,5,0.5887415
coco-rem,000000087509,4,0.56828433
coco-rem,000000088162,4,0.54778665
coco-rem,000000088540,5,0.5960133
coco-rem,000000089725,5,0.57599586
coco-rem,000000090255,2,0.43759534
coco-rem,000000090343,3,0.50104547
coco-rem,000000091366,5,0.5739234
coco-rem,000000091948,4,0.5660168
coco-rem,000000091969,2,0.43068266
coco-rem,000000092219,1,0.3845884
coco-rem,000000092464,4,0.5434857
coco-rem,000000092847,4,0.54609203
coco-rem,000000093604,5,0.590487
coco-rem,000000094103,3,0.5133627
coco-rem,000000094920,4,0.5445105
coco-rem,000000095422,3,0.5170785
coco-rem,000000096070,1,0.40013787
coco-rem,000000096582,2,0.44187883
coco-rem,000000097021,4,0.5376789
coco-rem,000000097270,1,0.35414186
coco-rem,000000097365,2,0.42078042
coco-rem,000000097696,3,0.50189704
coco-rem,000000097873,2,0.46172455
coco-rem,000000097951,4,0.55654687
coco-rem,000000098904,5,0.60103637
coco-rem,000000099389,4,0.5580515
coco-rem,000000099443,3,0.5116839
coco-rem,000000100519,3,0.47955763
coco-rem,000000100560,2,0.4467753
coco-rem,000000100827,5,0.6866495
coco-rem,000000100959,2,0.4496528
coco-rem,000000101573,3,0.50907356
coco-rem,000000102037,5,0.8365016
coco-rem,000000102056,5,0.6098162
coco-rem,000000102330,2,0.4652588
coco-rem,000000102634,3,0.5067567
coco-rem,000000103697,3,0.4733521
coco-rem,000000103746,5,0.5887641
coco-rem,000000103804,2,0.4481632
coco-rem,000000103877,1,0.36864647
coco-rem,000000104211,1,0.39811233
coco-rem,000000104337,5,0.77275586
coco-rem,000000104594,2,0.4503394
coco-rem,000000104756,3,0.4952459
coco-rem,000000105027,2,0.44318146
coco-rem,000000105468,4,0.5659525
coco-rem,000000105768,5,0.7124934
coco-rem,000000106043,1,0.40863422
coco-rem,000000106199,1,0.41282862
coco-rem,000000106287,1,0.39394578
coco-rem,000000106813,4,0.5354859
coco-rem,000000106895,2,0.46099693
coco-rem,000000107216,3,0.50241494
coco-rem,000000107516,4,0.5325967
coco-rem,000000107519,4,0.5623614
coco-rem,000000107797,5,0.6216462
coco-rem,000000108392,5,0.7534733
coco-rem,000000108557,5,0.5766681
coco-rem,000000108701,5,0.6200601
coco-rem,000000108803,4,0.5418455
coco-rem,000000108862,1,0.22524206
coco-rem,000000109558,1,0.29220858
coco-rem,000000110642,4,0.5394421
coco-rem,000000110759,4,0.53609246
coco-rem,000000110794,5,0.6793962
coco-rem,000000111180,1,0.39802712
coco-rem,000000111245,1,0.37235397
coco-rem,000000111591,2,0.4510304
coco-rem,000000111824,3,0.51590896
coco-rem,000000113556,5,0.71126187
coco-rem,000000113898,4,0.5505646
coco-rem,000000113985,4,0.5317708
coco-rem,000000114173,2,0.41894057
coco-rem,000000115973,4,0.54620004
coco-rem,000000116031,3,0.5032705
coco-rem,000000116155,5,0.702151
coco-rem,000000116601,2,0.44061527
coco-rem,000000116872,1,0.34119338
coco-rem,000000117644,5,0.59817445
coco-rem,000000118277,1,0.2635889
coco-rem,000000118330,5,0.6694635
coco-rem,000000118436,2,0.4339559
coco-rem,000000118471,4,0.55175287
coco-rem,000000118477,2,0.45691857
coco-rem,000000118748,2,0.45853135
coco-rem,000000118775,5,0.5758604
coco-rem,000000119414,2,0.4409375
coco-rem,000000119787,3,0.5070057
coco-rem,000000120285,5,0.5931263
coco-rem,000000120380,4,0.5469908
coco-rem,000000120509,1,0.32767266
coco-rem,000000120524,2,0.42478904
coco-rem,000000121112,2,0.45978007
coco-rem,000000121349,3,0.50019217
coco-rem,000000121420,1,0.34911466
coco-rem,000000121690,1,0.39385632
coco-rem,000000121693,5,0.5969086
coco-rem,000000121718,4,0.5422202
coco-rem,000000122302,5,0.85632783
coco-rem,000000122357,5,0.6780233
coco-rem,000000122537,1,0.39470905
coco-rem,000000123330,5,0.57949716
coco-rem,000000123901,4,0.54288775
coco-rem,000000124002,1,0.3447751
coco-rem,000000124390,2,0.4370894
coco-rem,000000124627,5,0.7895758
coco-rem,000000124924,3,0.5086484
coco-rem,000000126229,3,0.5155485
coco-rem,000000126230,1,0.39830774
coco-rem,000000127153,3,0.46872133
coco-rem,000000127235,5,0.68623173
coco-rem,000000127259,5,0.7260876
coco-rem,000000127558,4,0.55129457
coco-rem,000000127945,4,0.5558122
coco-rem,000000128553,4,0.52269006
coco-rem,000000129334,4,0.56555307
coco-rem,000000129699,3,0.5146802
coco-rem,000000130538,3,0.5133055
coco-rem,000000131084,3,0.49739575
coco-rem,000000131364,5,0.57289916
coco-rem,000000131427,5,0.5700137
coco-rem,000000131494,4,0.54225004
coco-rem,000000131825,2,0.464912
coco-rem,000000131902,5,0.63245094
coco-rem,000000132067,4,0.56842285
coco-rem,000000132212,1,0.24045962
coco-rem,000000132612,3,0.5101668
coco-rem,000000132621,1,0.40811068
coco-rem,000000133237,2,0.46426842
coco-rem,000000133486,5,0.58414674
coco-rem,000000133609,5,0.57951444
coco-rem,000000134697,1,0.310955
coco-rem,000000135797,3,0.5053669
coco-rem,000000136415,3,0.47685853
coco-rem,000000136493,2,0.42531955
coco-rem,000000136683,5,0.6069073
coco-rem,000000137301,3,0.48034948
coco-rem,000000137666,4,0.56187636
coco-rem,000000140352,4,0.5639879
coco-rem,000000140473,1,0.3363902
coco-rem,000000140507,1,0.37879783
coco-rem,000000141587,4,0.53062546
coco-rem,000000141862,1,0.28255278
coco-rem,000000142680,2,0.44892734
coco-rem,000000143054,1,0.23416094
coco-rem,000000143445,4,0.55718684
coco-rem,000000143578,1,0.31022647
coco-rem,000000143929,3,0.5048354
coco-rem,000000144372,1,0.4111364
coco-rem,000000144935,1,0.2928618
coco-rem,000000144983,1,0.39094695
coco-rem,000000145163,2,0.46045077
coco-rem,000000145211,3,0.48953584
coco-rem,000000145488,3,0.47528473
coco-rem,000000145699,1,0.34375918
coco-rem,000000147591,3,0.47529173
coco-rem,000000147753,5,0.5921509
coco-rem,000000148409,1,0.3667798
coco-rem,000000149123,5,0.5850593
coco-rem,000000149364,4,0.5576168
coco-rem,000000149566,4,0.53501445
coco-rem,000000150212,4,0.53136706
coco-rem,000000150372,5,0.59154177
coco-rem,000000150444,4,0.5524561
coco-rem,000000150717,4,0.5541437
coco-rem,000000151375,1,0.4030388
coco-rem,000000151492,2,0.44958192
coco-rem,000000151577,4,0.5443599
coco-rem,000000151892,4,0.5260196
coco-rem,000000152633,3,0.4779978
coco-rem,000000153136,2,0.44566935
coco-rem,000000153734,5,0.6603971
coco-rem,000000154301,4,0.5300842
coco-rem,000000154713,2,0.46341887
coco-rem,000000154727,3,0.47330117
coco-rem,000000155270,5,0.6238132
coco-rem,000000155285,4,0.5215861
coco-rem,000000155386,4,0.53914005
coco-rem,000000155496,5,0.62630695
coco-rem,000000155861,2,0.41773638
coco-rem,000000156100,3,0.51632166
coco-rem,000000156284,1,0.3764816
coco-rem,000000157519,3,0.4768124
coco-rem,000000157804,4,0.5276722
coco-rem,000000157938,2,0.45878547
coco-rem,000000157960,3,0.49935055
coco-rem,000000158718,3,0.50623614
coco-rem,000000158887,1,0.3918593
coco-rem,000000158922,2,0.44953674
coco-rem,000000159582,5,0.60685843
coco-rem,000000160101,5,0.5848412
coco-rem,000000160139,3,0.46928236
coco-rem,000000160815,5,0.62715685
coco-rem,000000160866,3,0.4697757
coco-rem,000000160967,3,0.47428325
coco-rem,000000161060,4,0.5266284
coco-rem,000000161543,1,0.38536578
coco-rem,000000161603,5,0.57651174
coco-rem,000000161738,5,0.7656933
coco-rem,000000161897,5,0.6274532
coco-rem,000000162887,3,0.4806964
coco-rem,000000163138,5,0.66031885
coco-rem,000000163759,2,0.43147147
coco-rem,000000163985,3,0.48653862
coco-rem,000000164224,3,0.5006876
coco-rem,000000164330,5,0.59260935
coco-rem,000000164499,4,0.518279
coco-rem,000000165455,5,0.609737
coco-rem,000000165550,1,0.37157995
coco-rem,000000165750,1,0.3717832
coco-rem,000000165936,1,0.40413314
coco-rem,000000166828,2,0.41910902
coco-rem,000000169228,3,0.4725905
coco-rem,000000169634,2,0.46025708
coco-rem,000000169885,1,0.3999482
coco-rem,000000170000,2,0.44570705
coco-rem,000000170513,5,0.60084635
coco-rem,000000170601,2,0.45774034
coco-rem,000000171453,4,0.5194952
coco-rem,000000171536,5,0.6373097
coco-rem,000000172439,5,0.8667481
coco-rem,000000172492,1,0.2876049
coco-rem,000000172886,3,0.51073456
coco-rem,000000172989,1,0.3959483
coco-rem,000000173229,1,0.25737312
coco-rem,000000173447,1,0.38539472
coco-rem,000000175334,1,0.23731565
coco-rem,000000175437,5,0.73539245
coco-rem,000000175513,1,0.25663346
coco-rem,000000175830,3,0.47001016
coco-rem,000000176298,2,0.4275065
coco-rem,000000177323,2,0.42984688
coco-rem,000000178258,5,0.7424157
coco-rem,000000178566,4,0.54819405
coco-rem,000000178901,5,0.76409835
coco-rem,000000179011,3,0.50232255
coco-rem,000000179477,2,0.4256037
coco-rem,000000179571,3,0.5063709
coco-rem,000000180341,5,0.68448603
coco-rem,000000180779,2,0.45497555
coco-rem,000000180966,1,0.35047218
coco-rem,000000181084,5,0.6959214
coco-rem,000000181223,5,0.7225613
coco-rem,000000181851,4,0.54999995
coco-rem,000000181876,3,0.51279277
coco-rem,000000182401,4,0.54896134
coco-rem,000000182527,3,0.49221942
coco-rem,000000183007,3,0.4840748
coco-rem,000000183445,4,0.54855233
coco-rem,000000184161,4,0.5464288
coco-rem,000000184320,2,0.4258552
coco-rem,000000184431,5,0.6073485
coco-rem,000000184889,4,0.5416861
coco-rem,000000185002,5,0.6411417
coco-rem,000000185025,5,0.7040621
coco-rem,000000185041,3,0.490105
coco-rem,000000185091,4,0.5285393
coco-rem,000000185229,5,0.651634
coco-rem,000000185555,5,0.698129
coco-rem,000000186844,1,0.3574573
coco-rem,000000186968,3,0.5122424
coco-rem,000000187181,5,0.6061627
coco-rem,000000187286,5,0.66568655
coco-rem,000000187822,5,0.7517992
coco-rem,000000188068,4,0.537616
coco-rem,000000188532,5,0.5946231
coco-rem,000000189129,2,0.44493636
coco-rem,000000190277,1,0.39806128
coco-rem,000000190537,5,0.5711364
coco-rem,000000190700,1,0.38921046
coco-rem,000000190722,3,0.51203173
coco-rem,000000191225,5,0.6674906
coco-rem,000000191280,5,0.60151035
coco-rem,000000191283,4,0.553526
coco-rem,000000191327,5,0.59122103
coco-rem,000000191690,3,0.50391996
coco-rem,000000191716,2,0.42066437
coco-rem,000000193255,3,0.49267802
coco-rem,000000193444,1,0.34026876
coco-rem,000000193972,2,0.44006097
coco-rem,000000194774,5,0.6867408
coco-rem,000000194921,5,0.58231515
coco-rem,000000197616,3,0.49577147
coco-rem,000000198312,4,0.5372445
coco-rem,000000198508,5,0.5854344
coco-rem,000000198557,5,0.5928592
coco-rem,000000198596,5,0.6266298
coco-rem,000000198724,2,0.45960855
coco-rem,000000198978,1,0.41434252
coco-rem,000000199688,5,0.57227457
coco-rem,000000200735,5,0.5867236
coco-rem,000000201375,1,0.32771
coco-rem,000000202131,2,0.4349662
coco-rem,000000202372,5,0.73295456
coco-rem,000000202582,1,0.34258297
coco-rem,000000202842,2,0.46609852
coco-rem,000000202918,3,0.49869224
coco-rem,000000202990,5,0.6614035
coco-rem,000000203481,1,0.3961171
coco-rem,000000205344,5,0.5905864
coco-rem,000000205967,3,0.51518774
coco-rem,000000206068,3,0.48979053
coco-rem,000000206800,1,0.30299398
coco-rem,000000207264,1,0.38695112
coco-rem,000000207740,1,0.3433639
coco-rem,000000207763,3,0.49774286
coco-rem,000000207805,4,0.5412318
coco-rem,000000207995,2,0.4452554
coco-rem,000000208144,3,0.47248563
coco-rem,000000208288,5,0.79262114
coco-rem,000000209133,1,0.31138578
coco-rem,000000209286,2,0.42475873
coco-rem,000000209292,4,0.5294168
coco-rem,000000209428,4,0.55220026
coco-rem,000000209574,5,0.5749011
coco-rem,000000209904,5,0.68360925
coco-rem,000000210322,1,0.37888637
coco-rem,000000210549,1,0.40408206
coco-rem,000000210845,5,0.7644967
coco-rem,000000210997,1,0.3247243
coco-rem,000000211158,3,0.5026334
coco-rem,000000211172,1,0.33473536
coco-rem,000000211186,4,0.52410585
coco-rem,000000211217,5,0.7979834
coco-rem,000000211593,3,0.48556942
coco-rem,000000211722,2,0.44031
coco-rem,000000212733,3,0.48008972
coco-rem,000000212757,2,0.41554323
coco-rem,000000213268,3,0.516359
coco-rem,000000213694,3,0.49871022
coco-rem,000000214742,5,0.6992299
coco-rem,000000214834,3,0.5150528
coco-rem,000000215092,3,0.47718757
coco-rem,000000215196,3,0.5119102
coco-rem,000000215215,1,0.35123184
coco-rem,000000215376,1,0.41023076
coco-rem,000000215407,5,0.5792991
coco-rem,000000216364,1,0.33901387
coco-rem,000000217054,2,0.41886827
coco-rem,000000217303,4,0.55929923
coco-rem,000000217487,5,0.77682436
coco-rem,000000217938,4,0.54650676
coco-rem,000000218762,1,0.39699253
coco-rem,000000219179,1,0.37725168
coco-rem,000000220187,2,0.46299928
coco-rem,000000221044,4,0.5575614
coco-rem,000000221317,1,0.2758026
coco-rem,000000221536,3,0.51357555
coco-rem,000000222753,4,0.5574901
coco-rem,000000223020,5,0.69716614
coco-rem,000000223481,5,0.61936724
coco-rem,000000223992,5,0.5925912
coco-rem,000000224595,3,0.477748
coco-rem,000000225281,5,0.7225258
coco-rem,000000225490,2,0.4389554
coco-rem,000000225989,4,0.54918075
coco-rem,000000226136,3,0.50986123
coco-rem,000000226324,3,0.49975294
coco-rem,000000226494,1,0.36626184
coco-rem,000000227134,2,0.45078242
coco-rem,000000227422,1,0.3407167
coco-rem,000000227734,5,0.5866145
coco-rem,000000228261,5,0.69947034
coco-rem,000000228463,3,0.5056849
coco-rem,000000228681,3,0.49135032
coco-rem,000000229529,1,0.32910314
coco-rem,000000229539,1,0.26960802
coco-rem,000000230057,3,0.4689097
coco-rem,000000230548,2,0.422851
coco-rem,000000230554,5,0.58685076
coco-rem,000000230991,4,0.53684694
coco-rem,000000231267,2,0.45998386
coco-rem,000000231362,2,0.44128945
coco-rem,000000231460,3,0.5005856
coco-rem,000000231466,5,0.5741793
coco-rem,000000232001,4,0.5300482
coco-rem,000000232279,5,0.61936367
coco-rem,000000232819,2,0.42194486
coco-rem,000000233365,2,0.4610634
coco-rem,000000233994,1,0.26407355
coco-rem,000000234091,4,0.56300855
coco-rem,000000234728,3,0.5108692
coco-rem,000000235547,2,0.42183453
coco-rem,000000235683,5,0.73834777
coco-rem,000000236176,5,0.63310516
coco-rem,000000236282,5,0.68693024
coco-rem,000000236630,3,0.48431662
coco-rem,000000237203,1,0.36133394
coco-rem,000000237372,3,0.47954172
coco-rem,000000237632,3,0.5164244
coco-rem,000000238448,4,0.5480752
coco-rem,000000238858,2,0.45955467
coco-rem,000000239458,1,0.24401775
coco-rem,000000240243,1,0.32480058
coco-rem,000000240586,5,0.57160676
coco-rem,000000240952,5,0.6286496
coco-rem,000000241390,1,0.36375707
coco-rem,000000241402,5,0.57128876
coco-rem,000000241836,1,0.39854774
coco-rem,000000241916,5,0.61255807
coco-rem,000000242745,4,0.51746815
coco-rem,000000242828,1,0.39603144
coco-rem,000000243153,4,0.5512446
coco-rem,000000243171,1,0.4011796
coco-rem,000000244283,5,0.64899087
coco-rem,000000244317,3,0.49949363
coco-rem,000000244844,4,0.5603305
coco-rem,000000245505,2,0.4597378
coco-rem,000000246007,5,0.6108197
coco-rem,000000246014,5,0.75369775
coco-rem,000000246342,2,0.4581063
coco-rem,000000246540,2,0.43874776
coco-rem,000000246656,1,0.31660303
coco-rem,000000246815,1,0.3154654
coco-rem,000000247909,5,0.7368892
coco-rem,000000247945,5,0.6409646
coco-rem,000000248167,4,0.52756035
coco-rem,000000248771,3,0.4816567
coco-rem,000000249226,5,0.7201051
coco-rem,000000249273,3,0.48534343
coco-rem,000000250194,5,0.760214
coco-rem,000000250578,4,0.517847
coco-rem,000000250790,1,0.40691775
coco-rem,000000250877,3,0.49025178
coco-rem,000000251232,5,0.6511949
coco-rem,000000251242,5,0.66472185
coco-rem,000000252608,3,0.476972
coco-rem,000000253095,5,0.61248356
coco-rem,000000253170,2,0.4409505
coco-rem,000000253212,3,0.49480656
coco-rem,000000253474,5,0.71939707
coco-rem,000000253693,3,0.4699436
coco-rem,000000255093,3,0.50578326
coco-rem,000000255665,3,0.487952
coco-rem,000000255741,5,0.6673635
coco-rem,000000256031,2,0.43097812
coco-rem,000000256101,1,0.3656955
coco-rem,000000256284,2,0.45196325
coco-rem,000000256550,1,0.37144473
coco-rem,000000256648,3,0.47666994
coco-rem,000000258017,3,0.49421966
coco-rem,000000258089,3,0.4761199
coco-rem,000000258136,5,0.5871912
coco-rem,000000258327,5,0.62824005
coco-rem,000000258676,5,0.6463015
coco-rem,000000258792,2,0.46125948
coco-rem,000000258837,3,0.4809653
coco-rem,000000259491,2,0.466875
coco-rem,000000259884,5,0.6933306
coco-rem,000000260129,5,0.648991
coco-rem,000000260230,5,0.5714774
coco-rem,000000261026,5,0.60287905
coco-rem,000000261585,5,0.66471344
coco-rem,000000262359,5,0.60240936
coco-rem,000000263008,2,0.45668057
coco-rem,000000263668,5,0.6288799
coco-rem,000000264502,2,0.4481227
coco-rem,000000264619,1,0.293262
coco-rem,000000264930,2,0.45895344
coco-rem,000000264962,5,0.5894466
coco-rem,000000265253,5,0.61702716
coco-rem,000000265677,5,0.7234082
coco-rem,000000266442,4,0.5410892
coco-rem,000000266518,1,0.37675357
coco-rem,000000266533,4,0.5648906
coco-rem,000000267152,5,0.66138387
coco-rem,000000267284,4,0.5624012
coco-rem,000000267691,3,0.47116393
coco-rem,000000268579,3,0.482523
coco-rem,000000268739,4,0.55583304
coco-rem,000000268927,2,0.4639952
coco-rem,000000269033,2,0.44812578
coco-rem,000000269168,4,0.54521954
coco-rem,000000269306,2,0.42861652
coco-rem,000000269325,3,0.49011177
coco-rem,000000269346,5,0.7864897
coco-rem,000000269843,3,0.4787183
coco-rem,000000270330,3,0.5097236
coco-rem,000000270586,3,0.4756083
coco-rem,000000271310,2,0.4349734
coco-rem,000000271364,1,0.29074812
coco-rem,000000271461,3,0.48603138
coco-rem,000000271490,1,0.34352595
coco-rem,000000271495,5,0.6105012
coco-rem,000000271897,3,0.51224965
coco-rem,000000271943,2,0.44361985
coco-rem,000000272487,1,0.38361117
coco-rem,000000273600,2,0.42323682
coco-rem,000000273808,5,0.61711645
coco-rem,000000274753,4,0.5376122
coco-rem,000000275450,2,0.4401999
coco-rem,000000275631,5,0.6533052
coco-rem,000000275657,3,0.48800132
coco-rem,000000275930,3,0.47135007
coco-rem,000000276169,1,0.40788314
coco-rem,000000277089,5,0.6107142
coco-rem,000000279373,4,0.52022684
coco-rem,000000280087,1,0.37516987
coco-rem,000000280814,4,0.54547024
coco-rem,000000281210,1,0.22977899
coco-rem,000000281431,2,0.45187157
coco-rem,000000281679,5,0.69772637
coco-rem,000000283874,5,0.6963528
coco-rem,000000284324,2,0.44225574
coco-rem,000000284333,1,0.33147094
coco-rem,000000284366,2,0.4192484
coco-rem,000000284386,2,0.4615379
coco-rem,000000285457,4,0.5229596
coco-rem,000000285603,5,0.62732357
coco-rem,000000286348,3,0.47281983
coco-rem,000000286450,3,0.5162529
coco-rem,000000286760,2,0.44390368
coco-rem,000000287228,4,0.52400184
coco-rem,000000287235,5,0.5799135
coco-rem,000000288114,1,0.35191226
coco-rem,000000288219,1,0.26858923
coco-rem,000000288724,4,0.54258597
coco-rem,000000288906,5,0.77776885
coco-rem,000000289245,1,0.40269828
coco-rem,000000289510,5,0.58719265
coco-rem,000000290282,2,0.43253684
coco-rem,000000290379,5,0.6694008
coco-rem,000000290400,2,0.45818987
coco-rem,000000291788,1,0.38858274
coco-rem,000000291898,5,0.58143497
coco-rem,000000292227,3,0.4888129
coco-rem,000000292257,5,0.5947632
coco-rem,000000292901,3,0.47551826
coco-rem,000000293072,4,0.5651511
coco-rem,000000293165,5,0.65883464
coco-rem,000000293946,1,0.18470094
coco-rem,000000294943,3,0.50343096
coco-rem,000000295269,5,0.62784445
coco-rem,000000295334,5,0.5858231
coco-rem,000000295655,5,0.63251245
coco-rem,000000295823,1,0.39477623
coco-rem,000000297175,1,0.40436772
coco-rem,000000297220,1,0.36184275
coco-rem,000000297273,5,0.794613
coco-rem,000000297370,3,0.51401186
coco-rem,000000298004,4,0.5338272
coco-rem,000000298067,4,0.5181273
coco-rem,000000298225,2,0.42030695
coco-rem,000000298405,5,0.6120507
coco-rem,000000298540,4,0.5664402
coco-rem,000000298657,4,0.5424019
coco-rem,000000299764,5,0.6622434
coco-rem,000000300501,4,0.5408028
coco-rem,000000300782,4,0.5309109
coco-rem,000000300786,5,0.7837489
coco-rem,000000301110,5,0.70549214
coco-rem,000000301950,4,0.53362155
coco-rem,000000301965,3,0.5009552
coco-rem,000000301977,5,0.74689823
coco-rem,000000302489,5,0.5706423
coco-rem,000000303520,5,0.6173772
coco-rem,000000304523,3,0.5126318
coco-rem,000000304530,5,0.7851271
coco-rem,000000304789,3,0.4691673
coco-rem,000000305093,4,0.5543265
coco-rem,000000305501,3,0.51284707
coco-rem,000000306178,1,0.3718091
coco-rem,000000306947,1,0.3337698
coco-rem,000000307272,2,0.43118832
coco-rem,000000307583,1,0.3593944
coco-rem,000000307757,4,0.5624833
coco-rem,000000310390,3,0.5066429
coco-rem,000000310538,5,0.6557607
coco-rem,000000310553,5,0.60366166
coco-rem,000000310633,2,0.46533215
coco-rem,000000310772,5,0.6630191
coco-rem,000000310906,5,0.59021133
coco-rem,000000313465,3,0.51267564
coco-rem,000000313872,4,0.53064823
coco-rem,000000314082,3,0.47035077
coco-rem,000000314188,1,0.375991
coco-rem,000000314693,3,0.5115305
coco-rem,000000315062,3,0.47738558
coco-rem,000000315487,1,0.28749081
coco-rem,000000315868,4,0.5450558
coco-rem,000000317130,4,0.53297603
coco-rem,000000317595,4,0.5617552
coco-rem,000000317935,1,0.36846474
coco-rem,000000318200,5,0.6185488
coco-rem,000000318240,1,0.3998356
coco-rem,000000318386,1,0.39006385
coco-rem,000000318637,5,0.5838532
coco-rem,000000319031,3,0.49554363
coco-rem,000000319142,1,0.3861174
coco-rem,000000319494,1,0.34813264
coco-rem,000000319591,3,0.48567322
coco-rem,000000319690,5,0.6201961
coco-rem,000000320137,5,0.5800195
coco-rem,000000320374,5,0.5959637
coco-rem,000000321935,5,0.5811233
coco-rem,000000322094,2,0.45645988
coco-rem,000000322222,2,0.44222492
coco-rem,000000323599,1,0.39485434
coco-rem,000000323827,5,0.7046111
coco-rem,000000324052,4,0.5486868
coco-rem,000000324497,4,0.53868335
coco-rem,000000324962,2,0.46099874
coco-rem,000000325220,5,0.7935838
coco-rem,000000325328,4,0.5616433
coco-rem,000000325371,1,0.40540478
coco-rem,000000325836,5,0.64429665
coco-rem,000000326408,5,0.5739582
coco-rem,000000326531,5,0.6130404
coco-rem,000000326700,5,0.5944363
coco-rem,000000326811,2,0.4279331
coco-rem,000000327368,5,0.60865647
coco-rem,000000327532,5,0.60261136
coco-rem,000000328066,3,0.47693247
coco-rem,000000328346,3,0.48322076
coco-rem,000000328412,2,0.41592705
coco-rem,000000329097,1,0.36818844
coco-rem,000000329304,2,0.42982802
coco-rem,000000329343,5,0.682296
coco-rem,000000329613,5,0.6408606
coco-rem,000000329752,3,0.5109
coco-rem,000000330140,4,0.52865213
coco-rem,000000330701,3,0.51553583
coco-rem,000000331162,4,0.54337835
coco-rem,000000331395,5,0.61330456
coco-rem,000000332420,2,0.41921148
coco-rem,000000332943,5,0.5839267
coco-rem,000000333124,3,0.47956377
coco-rem,000000333654,5,0.7969759
coco-rem,000000334752,5,0.58985555
coco-rem,000000334840,3,0.49343604
coco-rem,000000334916,4,0.5690806
coco-rem,000000335874,4,0.5219224
coco-rem,000000335940,3,0.4890703
coco-rem,000000336167,5,0.68343705
coco-rem,000000337146,5,0.6456421
coco-rem,000000338018,3,0.51177025
coco-rem,000000338086,5,0.7059549
coco-rem,000000338121,1,0.41056117
coco-rem,000000338156,1,0.3424881
coco-rem,000000338972,2,0.45847026
coco-rem,000000338980,3,0.4811922
coco-rem,000000339105,4,0.5309064
coco-rem,000000339536,5,0.6940136
coco-rem,000000340060,3,0.47131014
coco-rem,000000340217,4,0.51807225
coco-rem,000000340488,5,0.69968855
coco-rem,000000340804,3,0.5060192
coco-rem,000000341111,2,0.42717108
coco-rem,000000341189,1,0.28352752
coco-rem,000000341232,5,0.57204306
coco-rem,000000342639,3,0.5073945
coco-rem,000000342874,3,0.4893024
coco-rem,000000342996,5,0.59409904
coco-rem,000000343349,5,0.7124885
coco-rem,000000343619,2,0.4319196
coco-rem,000000344190,1,0.41333836
coco-rem,000000344920,2,0.43972895
coco-rem,000000345880,3,0.47283867
coco-rem,000000346469,3,0.4764757
coco-rem,000000346702,1,0.40822074
coco-rem,000000346997,5,0.6179962
coco-rem,000000347292,3,0.48108214
coco-rem,000000347976,4,0.5589145
coco-rem,000000348144,3,0.4795583
coco-rem,000000348314,5,0.5874149
coco-rem,000000348371,2,0.430232
coco-rem,000000348602,4,0.55133945
coco-rem,000000348702,5,0.6495425
coco-rem,000000349230,3,0.48565522
coco-rem,000000349344,5,0.68450195
coco-rem,000000349485,5,0.84933823
coco-rem,000000350514,4,0.5516523
coco-rem,000000351148,3,0.4775556
coco-rem,000000351268,3,0.47598276
coco-rem,000000351554,2,0.43740815
coco-rem,000000351621,1,0.19951479
coco-rem,000000351808,4,0.55446607
coco-rem,000000352091,5,0.6305601
coco-rem,000000352480,4,0.53986514
coco-rem,000000352524,1,0.38713813
coco-rem,000000352965,2,0.42554247
coco-rem,000000353981,2,0.4599202
coco-rem,000000354070,4,0.5659391
coco-rem,000000354402,1,0.41376966
coco-rem,000000354827,5,0.63446224
coco-rem,000000355214,3,0.4995869
coco-rem,000000355304,5,0.6162001
coco-rem,000000355425,4,0.52914435
coco-rem,000000355685,5,0.6281436
coco-rem,000000355737,5,0.7178359
coco-rem,000000356153,2,0.42895553
coco-rem,000000356733,3,0.47824878
coco-rem,000000357498,5,0.66330063
coco-rem,000000357805,2,0.45804825
coco-rem,000000357966,1,0.4014807
coco-rem,000000358421,1,0.27661
coco-rem,000000358429,4,0.52662545
coco-rem,000000358795,4,0.5413225
coco-rem,000000359131,3,0.5073183
coco-rem,000000359232,5,0.60333645
coco-rem,000000359357,2,0.45892826
coco-rem,000000361030,1,0.27639648
coco-rem,000000361572,5,0.7585532
coco-rem,000000361670,5,0.62217253
coco-rem,000000362314,4,0.5525599
coco-rem,000000362373,5,0.6917482
coco-rem,000000363344,1,0.39295453
coco-rem,000000363986,5,0.6447088
coco-rem,000000364010,3,0.478366
coco-rem,000000364079,2,0.44370013
coco-rem,000000364299,2,0.43750724
coco-rem,000000364436,2,0.4243133
coco-rem,000000364683,2,0.43957
coco-rem,000000365131,1,0.345432
coco-rem,000000365205,1,0.39644387
coco-rem,000000365271,5,0.57767713
coco-rem,000000365353,1,0.2668976
coco-rem,000000365444,2,0.45743465
coco-rem,000000365479,4,0.52687865
coco-rem,000000365652,5,0.62706906
coco-rem,000000366648,4,0.53280425
coco-rem,000000366651,4,0.5361262
coco-rem,000000366789,5,0.59996283
coco-rem,000000367639,1,0.35636237
coco-rem,000000368081,3,0.47287613
coco-rem,000000368541,4,0.5507231
coco-rem,000000368727,4,0.5239556
coco-rem,000000369140,3,0.48620835
coco-rem,000000369296,2,0.4675553
coco-rem,000000370121,3,0.48438978
coco-rem,000000370310,2,0.42858216
coco-rem,000000370831,4,0.5309556
coco-rem,000000371791,5,0.6759758
coco-rem,000000372464,2,0.43632984
coco-rem,000000372536,4,0.52693164
coco-rem,000000372548,3,0.504778
coco-rem,000000372625,1,0.2940648
coco-rem,000000373648,4,0.5406833
coco-rem,000000373758,5,0.75613946
coco-rem,000000374829,5,0.6236407
coco-rem,000000375321,3,0.5059207
coco-rem,000000375425,4,0.5698535
coco-rem,000000376490,1,0.26900014
coco-rem,000000376911,4,0.5428116
coco-rem,000000377155,4,0.520621
coco-rem,000000377432,5,0.7931068
coco-rem,000000377910,4,0.5415035
coco-rem,000000378618,5,0.57188433
coco-rem,000000378692,3,0.51218486
coco-rem,000000378872,1,0.2939694
coco-rem,000000379067,3,0.50980586
coco-rem,000000379188,1,0.3982381
coco-rem,000000379630,3,0.5094653
coco-rem,000000379672,5,0.5865625
coco-rem,000000379760,3,0.47945347
coco-rem,000000380122,3,0.47512922
coco-rem,000000380271,3,0.47996098
coco-rem,000000380828,5,0.6311822
coco-rem,000000381334,3,0.476294
coco-rem,000000382101,2,0.45677218
coco-rem,000000382345,1,0.34729806
coco-rem,000000382563,5,0.5831586
coco-rem,000000382715,4,0.56195545
coco-rem,000000382729,1,0.2802548
coco-rem,000000383210,3,0.47629535
coco-rem,000000383389,5,0.5889973
coco-rem,000000383972,4,0.5298311
coco-rem,000000384422,4,0.53244114
coco-rem,000000384641,4,0.5378347
coco-rem,000000384967,5,0.638404
coco-rem,000000384998,3,0.4704502
coco-rem,000000385098,5,0.7383947
coco-rem,000000385272,4,0.5195721
coco-rem,000000385577,4,0.5278821
coco-rem,000000385705,2,0.433227
coco-rem,000000385770,4,0.52546096
coco-rem,000000386371,5,0.6297632
coco-rem,000000386589,3,0.50970626
coco-rem,000000386945,2,0.43711922
coco-rem,000000387421,4,0.54515713
coco-rem,000000388880,4,0.5474462
coco-rem,000000389036,2,0.42136192
coco-rem,000000389159,5,0.6565017
coco-rem,000000390179,1,0.40303782
coco-rem,000000390183,2,0.4363661
coco-rem,000000390782,2,0.42204252
coco-rem,000000392099,4,0.52172816
coco-rem,000000392320,5,0.7319617
coco-rem,000000392753,2,0.41539115
coco-rem,000000392871,4,0.5394814
coco-rem,000000392985,2,0.46114781
coco-rem,000000393317,5,0.5792134
coco-rem,000000393493,5,0.5707314
coco-rem,000000393617,4,0.5176649
coco-rem,000000393735,2,0.46466684
coco-rem,000000393887,5,0.6013868
coco-rem,000000395321,4,0.5293167
coco-rem,000000395527,5,0.60498744
coco-rem,000000395749,1,0.4133741
coco-rem,000000396420,5,0.8118437
coco-rem,000000396481,1,0.20057073
coco-rem,000000396661,5,0.79038113
coco-rem,000000396862,5,0.6221324
coco-rem,000000397241,2,0.4158867
coco-rem,000000397365,4,0.5208863
coco-rem,000000397685,1,0.3893243
coco-rem,000000398209,2,0.4350203
coco-rem,000000398419,5,0.5924868
coco-rem,000000398463,1,0.38088396
coco-rem,000000399288,4,0.5320575
coco-rem,000000399540,5,0.61960256
coco-rem,000000400567,4,0.5408029
coco-rem,000000400596,2,0.447145
coco-rem,000000400975,2,0.44232693
coco-rem,000000401251,1,0.37173212
coco-rem,000000401398,1,0.4091593
coco-rem,000000401416,2,0.44670334
coco-rem,000000401499,1,0.31229296
coco-rem,000000401785,5,0.78198063
coco-rem,000000402378,2,0.44397765
coco-rem,000000402420,3,0.46935388
coco-rem,000000402671,2,0.41840613
coco-rem,000000402759,5,0.6037654
coco-rem,000000402806,2,0.42692977
coco-rem,000000402855,2,0.45262912
coco-rem,000000403143,4,0.5182562
coco-rem,000000403150,2,0.44263622
coco-rem,000000403830,3,0.47579184
coco-rem,000000403853,3,0.4842274
coco-rem,000000404222,1,0.40061462
coco-rem,000000404271,1,0.3468539
coco-rem,000000404471,2,0.46797806
coco-rem,000000404579,4,0.5227956
coco-rem,000000404929,1,0.37838575
coco-rem,000000405271,5,0.6862426
coco-rem,000000405605,5,0.5910234
coco-rem,000000406908,3,0.4686465
coco-rem,000000407990,1,0.3672709
coco-rem,000000409239,3,0.4721803
coco-rem,000000409364,2,0.43345273
coco-rem,000000409707,4,0.5656529
coco-rem,000000409956,1,0.24596457
coco-rem,000000410373,3,0.49403968
coco-rem,000000410590,5,0.61275977
coco-rem,000000411343,3,0.49256313
coco-rem,000000412510,2,0.45976815
coco-rem,000000412914,5,0.6012957
coco-rem,000000413600,1,0.3893338
coco-rem,000000413626,4,0.566519
coco-rem,000000413970,4,0.5665742
coco-rem,000000415856,4,0.5304267
coco-rem,000000416048,3,0.46880913
coco-rem,000000416188,3,0.49370193
coco-rem,000000416202,1,0.31695879
coco-rem,000000416705,4,0.5235107
coco-rem,000000417219,4,0.5435545
coco-rem,000000417440,1,0.35039955
coco-rem,000000417766,3,0.48209542
coco-rem,000000418297,2,0.4590061
coco-rem,000000418653,1,0.3875467
coco-rem,000000418692,3,0.503074
coco-rem,000000419216,5,0.6189967
coco-rem,000000419483,5,0.85920024
coco-rem,000000419767,3,0.49360758
coco-rem,000000419819,1,0.3723889
coco-rem,000000420411,5,0.60150594
coco-rem,000000420490,4,0.5698773
coco-rem,000000421360,5,0.70165706
coco-rem,000000421889,4,0.53087825
coco-rem,000000422279,4,0.52975863
coco-rem,000000423161,5,0.6135741
coco-rem,000000423165,3,0.5052916
coco-rem,000000423534,4,0.51831746
coco-rem,000000423717,2,0.4233075
coco-rem,000000424370,1,0.3244881
coco-rem,000000424544,2,0.4336555
coco-rem,000000424554,2,0.46613207
coco-rem,000000424637,4,0.5311664
coco-rem,000000424989,3,0.50024825
coco-rem,000000425000,4,0.5237796
coco-rem,000000426064,3,0.47604856
coco-rem,000000426128,4,0.5670273
coco-rem,000000426252,4,0.5368948
coco-rem,000000426377,5,0.6853362
coco-rem,000000426551,5,0.59940946
coco-rem,000000426975,4,0.5695848
coco-rem,000000427232,1,0.38924605
coco-rem,000000427382,2,0.46213102
coco-rem,000000427449,5,0.60180527
coco-rem,000000427802,3,0.4916952
coco-rem,000000427958,2,0.41796634
coco-rem,000000428079,1,0.32084855
coco-rem,000000428152,5,0.57604396
coco-rem,000000428263,4,0.5447676
coco-rem,000000428391,2,0.42246097
coco-rem,000000428440,4,0.5652802
coco-rem,000000428786,2,0.41741002
coco-rem,000000429741,3,0.5056086
coco-rem,000000429990,3,0.49809417
coco-rem,000000430281,2,0.42637295
coco-rem,000000430319,2,0.46622816
coco-rem,000000430489,2,0.4173906
coco-rem,000000430583,5,0.5751091
coco-rem,000000430660,5,0.7266175
coco-rem,000000431660,3,0.49085364
coco-rem,000000431853,5,0.5933438
coco-rem,000000432120,1,0.40552345
coco-rem,000000432417,4,0.52315277
coco-rem,000000432569,4,0.52289724
coco-rem,000000432615,4,0.53550035
coco-rem,000000432796,4,0.54776645
coco-rem,000000432997,5,0.60502505
coco-rem,000000433446,4,0.5312909
coco-rem,000000433968,1,0.24181777
coco-rem,000000434326,2,0.4262134
coco-rem,000000435076,5,0.7266163
coco-rem,000000435377,5,0.58795816
coco-rem,000000435750,2,0.4205973
coco-rem,000000435764,3,0.5172451
coco-rem,000000436511,4,0.56333566
coco-rem,000000436571,4,0.5414111
coco-rem,000000436605,2,0.4554033
coco-rem,000000436611,3,0.49044096
coco-rem,000000437209,2,0.44781685
coco-rem,000000437892,4,0.55746484
coco-rem,000000438539,3,0.5060474
coco-rem,000000438617,1,0.285106
coco-rem,000000439288,2,0.4484349
coco-rem,000000439486,1,0.37853715
coco-rem,000000439837,5,0.58670276
coco-rem,000000439874,2,0.44970658
coco-rem,000000440329,5,0.6479952
coco-rem,000000440387,2,0.45301983
coco-rem,000000440891,5,0.64069766
coco-rem,000000441473,2,0.44400084
coco-rem,000000441824,1,0.32053936
coco-rem,000000442232,3,0.49391797
coco-rem,000000442811,2,0.43410984
coco-rem,000000443635,5,0.67875123
coco-rem,000000443964,2,0.43452924
coco-rem,000000445087,4,0.5305504
coco-rem,000000445745,1,0.38299158
coco-rem,000000446354,5,0.6673116
coco-rem,000000446500,2,0.46024188
coco-rem,000000446670,1,0.40106404
coco-rem,000000447224,1,0.3178505
coco-rem,000000447448,5,0.65134174
coco-rem,000000447983,2,0.41809776
coco-rem,000000448759,1,0.39991403
coco-rem,000000448826,4,0.5494061
coco-rem,000000448944,3,0.48783955
coco-rem,000000449598,2,0.44495252
coco-rem,000000449712,5,0.6241871
coco-rem,000000450107,2,0.45030203
coco-rem,000000450543,2,0.43483856
coco-rem,000000450724,2,0.43843535
coco-rem,000000450800,3,0.48820785
coco-rem,000000452783,2,0.42617583
coco-rem,000000453352,3,0.4871424
coco-rem,000000454867,3,0.5134971
coco-rem,000000455363,2,0.4287206
coco-rem,000000455481,2,0.4685968
coco-rem,000000455548,2,0.46348834
coco-rem,000000456833,3,0.5084126
coco-rem,000000457168,5,0.69334567
coco-rem,000000458156,1,0.40352303
coco-rem,000000458361,5,0.6359763
coco-rem,000000458401,4,0.5688443
coco-rem,000000458611,4,0.52421236
coco-rem,000000458802,3,0.4782033
coco-rem,000000458870,1,0.3625956
coco-rem,000000458935,5,0.6115447
coco-rem,000000459537,1,0.1696067
coco-rem,000000459566,3,0.4731714
coco-rem,000000459585,1,0.23897292
coco-rem,000000460038,4,0.5234876
coco-rem,000000460370,5,0.5810589
coco-rem,000000460496,4,0.5352648
coco-rem,000000460858,1,0.30364862
coco-rem,000000461365,1,0.37734625
coco-rem,000000462565,5,0.6051112
coco-rem,000000463452,1,0.34345415
coco-rem,000000463581,2,0.42017037
coco-rem,000000464296,2,0.45845014
coco-rem,000000464602,1,0.25875252
coco-rem,000000466197,2,0.45070413
coco-rem,000000466599,5,0.5981288
coco-rem,000000466665,2,0.43770114
coco-rem,000000467145,5,0.724021
coco-rem,000000467432,4,0.5647961
coco-rem,000000467686,4,0.51969606
coco-rem,000000467939,3,0.4984861
coco-rem,000000468346,5,0.60965073
coco-rem,000000469195,4,0.52993125
coco-rem,000000469300,3,0.47525132
coco-rem,000000469896,1,0.36601964
coco-rem,000000470004,5,0.6230729
coco-rem,000000470112,3,0.5079177
coco-rem,000000470442,5,0.59315974
coco-rem,000000470516,3,0.47719517
coco-rem,000000470770,4,0.5610574
coco-rem,000000471039,5,0.5826955
coco-rem,000000471330,1,0.38783082
coco-rem,000000471895,2,0.44454885
coco-rem,000000472054,5,0.7081122
coco-rem,000000472253,5,0.7024318
coco-rem,000000472405,5,0.57312804
coco-rem,000000472614,5,0.60745555
coco-rem,000000472630,2,0.43041065
coco-rem,000000472690,5,0.6293103
coco-rem,000000474031,5,0.58429605
coco-rem,000000474953,2,0.43870527
coco-rem,000000475403,5,0.59345573
coco-rem,000000475621,3,0.4910872
coco-rem,000000475808,5,0.65237606
coco-rem,000000476080,5,0.62081254
coco-rem,000000477259,5,0.6976168
coco-rem,000000477622,1,0.41138998
coco-rem,000000477718,4,0.54117966
coco-rem,000000478005,4,0.54989594
coco-rem,000000478380,5,0.58358634
coco-rem,000000478805,5,0.5763784
coco-rem,000000478922,4,0.53215396
coco-rem,000000480014,4,0.5528885
coco-rem,000000480057,5,0.6642613
coco-rem,000000480576,3,0.50487214
coco-rem,000000482122,3,0.51400834
coco-rem,000000482984,1,0.40391818
coco-rem,000000483047,3,0.4950955
coco-rem,000000483611,3,0.5060931
coco-rem,000000483923,1,0.40520555
coco-rem,000000483941,1,0.3624793
coco-rem,000000484579,5,0.60443246
coco-rem,000000485142,1,0.38237908
coco-rem,000000485447,4,0.56566596
coco-rem,000000485946,1,0.27084392
coco-rem,000000486503,4,0.53265804
coco-rem,000000486513,5,0.63283217
coco-rem,000000486571,5,0.60974884
coco-rem,000000487612,4,0.5284553
coco-rem,000000487970,1,0.39387962
coco-rem,000000488731,2,0.4602967
coco-rem,000000488796,3,0.49523947
coco-rem,000000489900,3,0.49141514
coco-rem,000000490044,5,0.75739497
coco-rem,000000490244,4,0.52151537
coco-rem,000000490405,5,0.63744164
coco-rem,000000490461,2,0.44355303
coco-rem,000000491211,1,0.34757605
coco-rem,000000491384,5,0.6031618
coco-rem,000000491681,1,0.3305115
coco-rem,000000491831,5,0.73996454
coco-rem,000000491872,1,0.354186
coco-rem,000000492183,3,0.51469636
coco-rem,000000492215,4,0.56631833
coco-rem,000000492817,2,0.46680525
coco-rem,000000493294,4,0.5190672
coco-rem,000000493707,4,0.54828566
coco-rem,000000493760,4,0.5469952
coco-rem,000000493840,5,0.5782932
coco-rem,000000495356,2,0.42382342
coco-rem,000000495692,4,0.5355734
coco-rem,000000496097,4,0.54784614
coco-rem,000000496274,4,0.56833136
coco-rem,000000496313,5,0.59657633
coco-rem,000000496339,1,0.35120744
coco-rem,000000496430,4,0.51910144
coco-rem,000000496687,2,0.43268323
coco-rem,000000497273,5,0.6183145
coco-rem,000000497873,5,0.61688346
coco-rem,000000498022,3,0.514359
coco-rem,000000498371,2,0.42312834
coco-rem,000000498436,4,0.54030454
coco-rem,000000498915,1,0.40541497
coco-rem,000000498988,2,0.45102575
coco-rem,000000499168,2,0.45832425
coco-rem,000000499274,2,0.45426065
coco-rem,000000499627,2,0.43338192
coco-rem,000000500071,2,0.45221323
coco-rem,000000501054,1,0.40277353
coco-rem,000000502126,4,0.55390036
coco-rem,000000502197,5,0.593526
coco-rem,000000502712,3,0.49892002
coco-rem,000000502978,2,0.4619791
coco-rem,000000503569,2,0.42508566
coco-rem,000000503860,5,0.5718195
coco-rem,000000504769,2,0.4561118
coco-rem,000000505188,3,0.51162136
coco-rem,000000505520,1,0.3949066
coco-rem,000000505919,2,0.42353526
coco-rem,000000506371,1,0.18833031
coco-rem,000000506388,1,0.3952396
coco-rem,000000507263,5,0.71627975
coco-rem,000000507871,2,0.4405375
coco-rem,000000508004,1,0.373036
coco-rem,000000508087,5,0.70872366
coco-rem,000000508430,3,0.50679445
coco-rem,000000509811,5,0.6630249
coco-rem,000000511026,5,0.65022165
coco-rem,000000511639,5,0.6847442
coco-rem,000000511774,2,0.45454797
coco-rem,000000511929,1,0.33694103
coco-rem,000000512380,1,0.35730663
coco-rem,000000512436,2,0.456616
coco-rem,000000512845,2,0.44063532
coco-rem,000000512864,2,0.4308723
coco-rem,000000513434,4,0.5435094
coco-rem,000000513574,5,0.64484626
coco-rem,000000513690,1,0.36098012
coco-rem,000000513899,2,0.44117397
coco-rem,000000513946,1,0.40167576
coco-rem,000000514016,4,0.56452024
coco-rem,000000514321,2,0.433018
coco-rem,000000515392,1,0.34716845
coco-rem,000000515837,4,0.5378808
coco-rem,000000516088,2,0.41752815
coco-rem,000000516782,5,0.5747851
coco-rem,000000517007,4,0.51760817
coco-rem,000000517032,4,0.542219
coco-rem,000000517748,3,0.50511134
coco-rem,000000518027,3,0.47192594
coco-rem,000000518858,5,0.67574626
coco-rem,000000518889,2,0.42122328
coco-rem,000000518932,4,0.54579645
coco-rem,000000519035,2,0.4536743
coco-rem,000000519076,5,0.57945985
coco-rem,000000519707,5,0.63324785
coco-rem,000000521232,5,0.6186709
coco-rem,000000521306,1,0.37961933
coco-rem,000000521533,2,0.43613756
coco-rem,000000521620,2,0.46226448
coco-rem,000000521652,5,0.62957954
coco-rem,000000521752,5,0.598899
coco-rem,000000522061,2,0.46109363
coco-rem,000000522452,3,0.5021075
coco-rem,000000522930,3,0.48108605
coco-rem,000000523468,5,0.64772004
coco-rem,000000523754,5,0.57970726
coco-rem,000000524059,2,0.4222084
coco-rem,000000524956,5,0.61933404
coco-rem,000000525087,5,0.5998221
coco-rem,000000525615,3,0.49770048
coco-rem,000000525813,4,0.51854587
coco-rem,000000525880,3,0.48560095
coco-rem,000000526085,4,0.5642798
coco-rem,000000526227,1,0.41403428
coco-rem,000000526432,5,0.6152466
coco-rem,000000527219,3,0.5000966
coco-rem,000000527518,2,0.42582935
coco-rem,000000527906,3,0.4688016
coco-rem,000000527994,3,0.49063107
coco-rem,000000528341,2,0.42338225
coco-rem,000000528957,5,0.6767364
coco-rem,000000529061,2,0.46618193
coco-rem,000000529787,2,0.4541686
coco-rem,000000530160,1,0.19418684
coco-rem,000000530313,5,0.6351847
coco-rem,000000530384,5,0.5758185
coco-rem,000000530599,4,0.52633005
coco-rem,000000530631,5,0.75655556
coco-rem,000000530758,5,0.6274414
coco-rem,000000530863,4,0.52352756
coco-rem,000000532245,5,0.79081196
coco-rem,000000532260,5,0.6646243
coco-rem,000000532817,5,0.66780037
coco-rem,000000533137,2,0.4494726
coco-rem,000000533677,1,0.40314543
coco-rem,000000534736,5,0.7092457
coco-rem,000000535013,1,0.29939425
coco-rem,000000535151,2,0.46668497
coco-rem,000000535179,3,0.47635615
coco-rem,000000536200,3,0.4848199
coco-rem,000000536237,3,0.47609547
coco-rem,000000536366,2,0.41519022
coco-rem,000000536605,2,0.43736252
coco-rem,000000536949,5,0.5913466
coco-rem,000000537248,4,0.5660806
coco-rem,000000537337,5,0.5842002
coco-rem,000000538187,4,0.5327418
coco-rem,000000539793,5,0.6340191
coco-rem,000000540068,1,0.35043547
coco-rem,000000540342,5,0.57140774
coco-rem,000000541493,1,0.4150361
coco-rem,000000541783,3,0.48676243
coco-rem,000000541999,5,0.6087162
coco-rem,000000542325,4,0.5223814
coco-rem,000000542472,5,0.57609284
coco-rem,000000543166,4,0.51764923
coco-rem,000000543836,3,0.47731182
coco-rem,000000544329,2,0.44072703
coco-rem,000000544615,3,0.5171864
coco-rem,000000545022,5,0.6295785
coco-rem,000000545181,4,0.53712976
coco-rem,000000545293,3,0.50590384
coco-rem,000000546147,5,0.5776947
coco-rem,000000546159,5,0.5859727
coco-rem,000000546352,4,0.5680812
coco-rem,000000546480,4,0.5509792
coco-rem,000000546952,5,0.5771138
coco-rem,000000547644,3,0.48819524
coco-rem,000000549224,3,0.5119989
coco-rem,000000549410,1,0.38864022
coco-rem,000000549797,1,0.38861117
coco-rem,000000550056,5,0.59740067
coco-rem,000000550392,4,0.52467954
coco-rem,000000550477,2,0.4341509
coco-rem,000000550597,3,0.4921832
coco-rem,000000550643,5,0.57655925
coco-rem,000000550842,1,0.34407273
coco-rem,000000551170,2,0.41905904
coco-rem,000000551515,2,0.42886317
coco-rem,000000552159,5,0.6711875
coco-rem,000000552222,1,0.32139316
coco-rem,000000552336,1,0.36708426
coco-rem,000000554106,4,0.5197157
coco-rem,000000554587,5,0.6619018
coco-rem,000000554643,1,0.3590277
coco-rem,000000555101,2,0.46527487
coco-rem,000000555847,1,0.40389
coco-rem,000000556360,2,0.45649922
coco-rem,000000557065,1,0.3521643
coco-rem,000000557811,2,0.43447727
coco-rem,000000557812,1,0.35763597
coco-rem,000000557922,3,0.48674515
coco-rem,000000557985,3,0.51233786
coco-rem,000000559039,4,0.5339329
coco-rem,000000559463,5,0.586183
coco-rem,000000560123,4,0.56706375
coco-rem,000000560158,4,0.5632693
coco-rem,000000560254,4,0.5416908
coco-rem,000000560511,4,0.5222374
coco-rem,000000560976,2,0.42302766
coco-rem,000000561047,2,0.4261328
coco-rem,000000561589,5,0.5883865
coco-rem,000000562008,4,0.5306629
coco-rem,000000563258,4,0.5489029
coco-rem,000000563301,4,0.5319285
coco-rem,000000563809,5,0.6160052
coco-rem,000000564803,4,0.5378218
coco-rem,000000564936,1,0.34435856
coco-rem,000000565070,4,0.529059
coco-rem,000000565245,4,0.5645427
coco-rem,000000565405,4,0.5433128
coco-rem,000000565625,1,0.30889848
coco-rem,000000566668,5,0.6298494
coco-rem,000000566927,2,0.4634718
coco-rem,000000567495,1,0.39505005
coco-rem,000000567764,2,0.45751247
coco-rem,000000568137,2,0.4686224
coco-rem,000000568155,3,0.49023297
coco-rem,000000568256,3,0.47887114
coco-rem,000000568396,3,0.4845458
coco-rem,000000568459,4,0.5174942
coco-rem,000000569437,3,0.5139904
coco-rem,000000569769,3,0.51034135
coco-rem,000000570023,5,0.66080296
coco-rem,000000570268,4,0.5485586
coco-rem,000000570963,5,0.58027214
coco-rem,000000571185,3,0.4760504
coco-rem,000000572016,2,0.4567649
coco-rem,000000572572,2,0.46762428
coco-rem,000000572786,3,0.4975109
coco-rem,000000573357,5,0.6129977
coco-rem,000000573622,4,0.55671155
coco-rem,000000574135,2,0.45952955
coco-rem,000000574208,2,0.4248997
coco-rem,000000574537,3,0.47279495
coco-rem,000000574623,3,0.49277648
coco-rem,000000575361,5,0.57607275
coco-rem,000000575909,2,0.46371838
coco-rem,000000576397,5,0.6098802
coco-rem,000000576709,4,0.5593948
coco-rem,000000576857,5,0.73891056
coco-rem,000000577843,3,0.5060303
coco-rem,000000578060,4,0.5405009
coco-rem,000000579303,3,0.49662805
coco-rem,000000579463,4,0.51755303
coco-rem,000000579548,4,0.5195437
coco-rem,000000579909,4,0.53715694
coco-rem,000000580975,5,0.60226965
coco-rem,000000581766,1,0.35571507
