dataset,image_id,predicted_score
coco-rem,000000000761,0.47577399015426636
coco-rem,000000001591,0.45388951897621155
coco-rem,000000001756,0.38025957345962524
coco-rem,000000001903,0.5861340761184692
coco-rem,000000002179,0.48264047503471375
coco-rem,000000002283,0.4453553259372711
coco-rem,000000002608,0.45002442598342896
coco-rem,000000002764,0.5017039775848389
coco-rem,000000003389,0.6907036304473877
coco-rem,000000003729,0.6418646574020386
coco-rem,000000004309,0.6402480602264404
coco-rem,000000004489,0.5000056028366089
coco-rem,000000004904,0.49734750390052795
coco-rem,000000006101,0.4842314124107361
coco-rem,000000006263,0.6558181643486023
coco-rem,000000006409,0.7155563831329346
coco-rem,000000006426,0.7132911682128906
coco-rem,000000006451,0.6484890580177307
coco-rem,000000006753,0.3573596477508545
coco-rem,000000007625,0.6201950907707214
coco-rem,000000007735,0.5527732372283936
coco-rem,000000007890,0.6156506538391113
coco-rem,000000008006,0.6579346060752869
coco-rem,000000008188,0.437295138835907
coco-rem,000000008599,0.4099440574645996
coco-rem,000000009668,0.5562419295310974
coco-rem,000000010711,0.5923518538475037
coco-rem,000000010785,0.6190648078918457
coco-rem,000000011209,0.4888613224029541
coco-rem,000000011265,0.5690599083900452
coco-rem,000000011320,0.49084800481796265
coco-rem,000000011349,0.6515876054763794
coco-rem,000000012096,0.6058766841888428
coco-rem,000000012455,0.5869573950767517
coco-rem,000000012497,0.6212118864059448
coco-rem,000000012700,0.4138985872268677
coco-rem,000000012884,0.6920751333236694
coco-rem,000000013292,0.5133388638496399
coco-rem,000000013355,0.5028961300849915
coco-rem,000000013900,0.6600003838539124
coco-rem,000000013985,0.5516207218170166
coco-rem,000000014857,0.7159947752952576
coco-rem,000000014941,0.5619797110557556
coco-rem,000000015190,0.6157466769218445
coco-rem,000000015451,0.5822298526763916
coco-rem,000000015586,0.5157082676887512
coco-rem,000000015826,0.5621463656425476
coco-rem,000000015919,0.6745917797088623
coco-rem,000000016362,0.6995980739593506
coco-rem,000000016523,0.5303325057029724
coco-rem,000000017966,0.7027413249015808
coco-rem,000000018267,0.656312108039856
coco-rem,000000018661,0.455157995223999
coco-rem,000000018819,0.7161480784416199
coco-rem,000000019157,0.6863262057304382
coco-rem,000000019375,0.5042358636856079
coco-rem,000000019589,0.46864810585975647
coco-rem,000000019781,0.6490296125411987
coco-rem,000000020781,0.5388374328613281
coco-rem,000000021674,0.6032514572143555
coco-rem,000000021968,0.40954849123954773
coco-rem,000000022403,0.611812174320221
coco-rem,000000022482,0.7247408032417297
coco-rem,000000022593,0.4739696979522705
coco-rem,000000022741,0.5464464426040649
coco-rem,000000023035,0.49311912059783936
coco-rem,000000024264,0.6732421517372131
coco-rem,000000024368,0.5901206135749817
coco-rem,000000024923,0.5723747611045837
coco-rem,000000025123,0.6031850576400757
coco-rem,000000025758,0.4818240702152252
coco-rem,000000026436,0.5861247181892395
coco-rem,000000026512,0.7634009122848511
coco-rem,000000026654,0.5376888513565063
coco-rem,000000026833,0.5233800411224365
coco-rem,000000027343,0.58223557472229
coco-rem,000000027412,0.5325407385826111
coco-rem,000000027539,0.5531566143035889
coco-rem,000000027642,0.6540969610214233
coco-rem,000000027710,0.6600497364997864
coco-rem,000000027776,0.5036906003952026
coco-rem,000000028010,0.5333554148674011
coco-rem,000000028588,0.6181285977363586
coco-rem,000000028698,0.5775862336158752
coco-rem,000000028806,0.5936824083328247
coco-rem,000000029593,0.516177773475647
coco-rem,000000030113,0.5058385133743286
coco-rem,000000030210,0.6647116541862488
coco-rem,000000030548,0.7068094611167908
coco-rem,000000030852,0.5597353577613831
coco-rem,000000031653,0.5288097262382507
coco-rem,000000032044,0.6568058729171753
coco-rem,000000033172,0.5180270671844482
coco-rem,000000033476,0.7102808952331543
coco-rem,000000034097,0.584893524646759
coco-rem,000000034475,0.4435868263244629
coco-rem,000000035004,0.38952159881591797
coco-rem,000000035696,0.5433916449546814
coco-rem,000000035725,0.6799958348274231
coco-rem,000000036433,0.5961756706237793
coco-rem,000000037401,0.7245270013809204
coco-rem,000000037527,0.44321906566619873
coco-rem,000000037638,0.5432419776916504
coco-rem,000000037717,0.602372407913208
coco-rem,000000038053,0.6437927484512329
coco-rem,000000039399,0.506055474281311
coco-rem,000000040407,0.5809780359268188
coco-rem,000000040874,0.4778359532356262
coco-rem,000000041913,0.473674476146698
coco-rem,000000042044,0.6611117720603943
coco-rem,000000042069,0.580051064491272
coco-rem,000000042204,0.22106847167015076
coco-rem,000000042526,0.6293244957923889
coco-rem,000000043226,0.7664675712585449
coco-rem,000000043393,0.6213622689247131
coco-rem,000000043611,0.5826323628425598
coco-rem,000000043933,0.5278944373130798
coco-rem,000000044178,0.6229641437530518
coco-rem,000000044488,0.3697868585586548
coco-rem,000000044500,0.45802590250968933
coco-rem,000000044523,0.5953993797302246
coco-rem,000000045479,0.670265257358551
coco-rem,000000045840,0.7191144227981567
coco-rem,000000046085,0.5898468494415283
coco-rem,000000046809,0.6553779244422913
coco-rem,000000047898,0.5604152083396912
coco-rem,000000047952,0.5023078322410583
coco-rem,000000048719,0.5371459722518921
coco-rem,000000049095,0.5016531944274902
coco-rem,000000049175,0.6076507568359375
coco-rem,000000049369,0.7136569023132324
coco-rem,000000049819,0.6848193407058716
coco-rem,000000050025,0.6314980983734131
coco-rem,000000050204,0.49964889883995056
coco-rem,000000050960,0.5396185517311096
coco-rem,000000052086,0.41900140047073364
coco-rem,000000052461,0.595186173915863
coco-rem,000000052827,0.5967134237289429
coco-rem,000000053361,0.5169699192047119
coco-rem,000000053587,0.6026744842529297
coco-rem,000000054335,0.638834536075592
coco-rem,000000054532,0.5863531827926636
coco-rem,000000055873,0.4976819157600403
coco-rem,000000056193,0.4299185574054718
coco-rem,000000057892,0.6310088038444519
coco-rem,000000058102,0.5623462796211243
coco-rem,000000058232,0.3424769937992096
coco-rem,000000059252,0.6135923862457275
coco-rem,000000059584,0.7287617921829224
coco-rem,000000061409,0.6064959168434143
coco-rem,000000061660,0.5988329648971558
coco-rem,000000061831,0.626319169998169
coco-rem,000000061899,0.5216805338859558
coco-rem,000000061945,0.5165525674819946
coco-rem,000000061951,0.4842599630355835
coco-rem,000000062017,0.7830581665039062
coco-rem,000000062543,0.624366819858551
coco-rem,000000063140,0.6660287976264954
coco-rem,000000063676,0.5378163456916809
coco-rem,000000064342,0.595582902431488
coco-rem,000000065353,0.7069945335388184
coco-rem,000000065518,0.6522689461708069
coco-rem,000000065900,0.5606343746185303
coco-rem,000000065955,0.6590688824653625
coco-rem,000000066520,0.5746468305587769
coco-rem,000000067207,0.6142525672912598
coco-rem,000000067558,0.7167319059371948
coco-rem,000000067577,0.6635145545005798
coco-rem,000000067776,0.7382127642631531
coco-rem,000000068003,0.6076310873031616
coco-rem,000000068235,0.5058808326721191
coco-rem,000000068381,0.5787858963012695
coco-rem,000000068866,0.49915045499801636
coco-rem,000000069311,0.6303895115852356
coco-rem,000000069587,0.5932847261428833
coco-rem,000000069978,0.5407782793045044
coco-rem,000000070288,0.6904587149620056
coco-rem,000000070336,0.5688801407814026
coco-rem,000000070724,0.6695375442504883
coco-rem,000000070829,0.5578396916389465
coco-rem,000000070863,0.5944368839263916
coco-rem,000000071214,0.4755833148956299
coco-rem,000000072018,0.5776594281196594
coco-rem,000000073016,0.6028543710708618
coco-rem,000000073626,0.4486100375652313
coco-rem,000000073634,0.5982767939567566
coco-rem,000000074060,0.6409038305282593
coco-rem,000000074127,0.3390651345252991
coco-rem,000000074407,0.6375091075897217
coco-rem,000000074901,0.5641083717346191
coco-rem,000000075270,0.5057496428489685
coco-rem,000000075522,0.660815417766571
coco-rem,000000075630,0.6329464316368103
coco-rem,000000075932,0.5234586000442505
coco-rem,000000075982,0.6653489470481873
coco-rem,000000076001,0.6764364242553711
coco-rem,000000079992,0.5081273317337036
coco-rem,000000080044,0.5588419437408447
coco-rem,000000080892,0.5789641737937927
coco-rem,000000081200,0.5141443014144897
coco-rem,000000081315,0.5555003881454468
coco-rem,000000081826,0.6366284489631653
coco-rem,000000082275,0.6035400629043579
coco-rem,000000082787,0.5832951068878174
coco-rem,000000082957,0.702865719795227
coco-rem,000000083045,0.7092535495758057
coco-rem,000000083507,0.6110622882843018
coco-rem,000000083716,0.5483976006507874
coco-rem,000000084454,0.5322529077529907
coco-rem,000000084840,0.6093589067459106
coco-rem,000000084881,0.6771280169487
coco-rem,000000084996,0.3896326422691345
coco-rem,000000085187,0.5271177887916565
coco-rem,000000085802,0.5806776881217957
coco-rem,000000085956,0.543033242225647
coco-rem,000000086139,0.704235851764679
coco-rem,000000086292,0.570874035358429
coco-rem,000000087105,0.5582334995269775
coco-rem,000000087249,0.3478272259235382
coco-rem,000000087509,0.6910917162895203
coco-rem,000000088162,0.5915152430534363
coco-rem,000000088540,0.47627002000808716
coco-rem,000000089725,0.4869835376739502
coco-rem,000000090255,0.519766092300415
coco-rem,000000090343,0.6229071617126465
coco-rem,000000091366,0.6764472723007202
coco-rem,000000091948,0.6579733490943909
coco-rem,000000091969,0.6452727317810059
coco-rem,000000092219,0.6218898892402649
coco-rem,000000092464,0.5303450226783752
coco-rem,000000092847,0.5987136960029602
coco-rem,000000093604,0.4691488444805145
coco-rem,000000094103,0.4522501826286316
coco-rem,000000094920,0.6565395593643188
coco-rem,000000095422,0.6342636942863464
coco-rem,000000096070,0.6147057414054871
coco-rem,000000096582,0.585320234298706
coco-rem,000000097021,0.6873777508735657
coco-rem,000000097270,0.6400285959243774
coco-rem,000000097365,0.6307281255722046
coco-rem,000000097696,0.5811482071876526
coco-rem,000000097873,0.7033520340919495
coco-rem,000000097951,0.6310349702835083
coco-rem,000000098904,0.5768136978149414
coco-rem,000000099389,0.6284888982772827
coco-rem,000000099443,0.6865891218185425
coco-rem,000000100519,0.6543958187103271
coco-rem,000000100560,0.6571866869926453
coco-rem,000000100827,0.3580360412597656
coco-rem,000000100959,0.6181066632270813
coco-rem,000000101573,0.7383940815925598
coco-rem,000000102037,0.5551570653915405
coco-rem,000000102056,0.4377831816673279
coco-rem,000000102330,0.6575761437416077
coco-rem,000000102634,0.6419965624809265
coco-rem,000000103697,0.5483803153038025
coco-rem,000000103746,0.618674099445343
coco-rem,000000103804,0.5020111203193665
coco-rem,000000103877,0.7172485589981079
coco-rem,000000104211,0.585948646068573
coco-rem,000000104337,0.4964043200016022
coco-rem,000000104594,0.5346015691757202
coco-rem,000000104756,0.5542711615562439
coco-rem,000000105027,0.5330013036727905
coco-rem,000000105468,0.5621911287307739
coco-rem,000000105768,0.3450920879840851
coco-rem,000000106043,0.6898581981658936
coco-rem,000000106199,0.758959949016571
coco-rem,000000106287,0.6774476766586304
coco-rem,000000106813,0.511705756187439
coco-rem,000000106895,0.7348173260688782
coco-rem,000000107216,0.5993271470069885
coco-rem,000000107516,0.41187652945518494
coco-rem,000000107519,0.389696329832077
coco-rem,000000107797,0.6376252174377441
coco-rem,000000108392,0.5294879078865051
coco-rem,000000108557,0.410975843667984
coco-rem,000000108701,0.4871104657649994
coco-rem,000000108803,0.513878583908081
coco-rem,000000108862,0.5433962345123291
coco-rem,000000109558,0.681286633014679
coco-rem,000000110642,0.6201364398002625
coco-rem,000000110759,0.744265615940094
coco-rem,000000110794,0.43047404289245605
coco-rem,000000111180,0.7036740779876709
coco-rem,000000111245,0.4363718628883362
coco-rem,000000111591,0.6083629131317139
coco-rem,000000111824,0.49633434414863586
coco-rem,000000113556,0.5215415954589844
coco-rem,000000113898,0.5901398658752441
coco-rem,000000113985,0.4218890070915222
coco-rem,000000114173,0.7148723602294922
coco-rem,000000115973,0.6438491940498352
coco-rem,000000116031,0.6858083009719849
coco-rem,000000116155,0.4343460202217102
coco-rem,000000116601,0.6085343956947327
coco-rem,000000116872,0.7571110129356384
coco-rem,000000117644,0.5589969158172607
coco-rem,000000118277,0.776934027671814
coco-rem,000000118330,0.4049813151359558
coco-rem,000000118436,0.6977806687355042
coco-rem,000000118471,0.5950543880462646
coco-rem,000000118477,0.5764710903167725
coco-rem,000000118748,0.7006089687347412
coco-rem,000000118775,0.6463871002197266
coco-rem,000000119414,0.5089919567108154
coco-rem,000000119787,0.582683265209198
coco-rem,000000120285,0.47726672887802124
coco-rem,000000120380,0.5030215382575989
coco-rem,000000120509,0.6377853155136108
coco-rem,000000120524,0.7185600399971008
coco-rem,000000121112,0.5992401838302612
coco-rem,000000121349,0.622913122177124
coco-rem,000000121420,0.5516929626464844
coco-rem,000000121690,0.6407018303871155
coco-rem,000000121693,0.5823416113853455
coco-rem,000000121718,0.4985925555229187
coco-rem,000000122302,0.4459630846977234
coco-rem,000000122357,0.3682144284248352
coco-rem,000000122537,0.6759036183357239
coco-rem,000000123330,0.5921722650527954
coco-rem,000000123901,0.7197608351707458
coco-rem,000000124002,0.7260815501213074
coco-rem,000000124390,0.7191288471221924
coco-rem,000000124627,0.44361257553100586
coco-rem,000000124924,0.6434224247932434
coco-rem,000000126229,0.5961712002754211
coco-rem,000000126230,0.5857689380645752
coco-rem,000000127153,0.4862568974494934
coco-rem,000000127235,0.5036662220954895
coco-rem,000000127259,0.4574682116508484
coco-rem,000000127558,0.5995630025863647
coco-rem,000000127945,0.6503124833106995
coco-rem,000000128553,0.5671486854553223
coco-rem,000000129334,0.5676963329315186
coco-rem,000000129699,0.643095850944519
coco-rem,000000130538,0.5772786736488342
coco-rem,000000131084,0.7232890725135803
coco-rem,000000131364,0.5222559571266174
coco-rem,000000131427,0.4962786138057709
coco-rem,000000131494,0.6541618704795837
coco-rem,000000131825,0.6183466911315918
coco-rem,000000131902,0.6044415831565857
coco-rem,000000132067,0.5318299531936646
coco-rem,000000132212,0.613866925239563
coco-rem,000000132612,0.6751249432563782
coco-rem,000000132621,0.5895754098892212
coco-rem,000000133237,0.6490069627761841
coco-rem,000000133486,0.4848448634147644
coco-rem,000000133609,0.6539065837860107
coco-rem,000000134697,0.6388161778450012
coco-rem,000000135797,0.47537440061569214
coco-rem,000000136415,0.6648356914520264
coco-rem,000000136493,0.67951899766922
coco-rem,000000136683,0.4519560933113098
coco-rem,000000137301,0.6245480179786682
coco-rem,000000137666,0.5271157622337341
coco-rem,000000140352,0.5644464492797852
coco-rem,000000140473,0.6448685526847839
coco-rem,000000140507,0.6826845407485962
coco-rem,000000141587,0.599532961845398
coco-rem,000000141862,0.6753795146942139
coco-rem,000000142680,0.6444717645645142
coco-rem,000000143054,0.7009122371673584
coco-rem,000000143445,0.5207440853118896
coco-rem,000000143578,0.7153852581977844
coco-rem,000000143929,0.6301525235176086
coco-rem,000000144372,0.6312190890312195
coco-rem,000000144935,0.5494192838668823
coco-rem,000000144983,0.6206200122833252
coco-rem,000000145163,0.5936930179595947
coco-rem,000000145211,0.4897143840789795
coco-rem,000000145488,0.6472273468971252
coco-rem,000000145699,0.6082924008369446
coco-rem,000000147591,0.567714512348175
coco-rem,000000147753,0.4081304669380188
coco-rem,000000148409,0.5905167460441589
coco-rem,000000149123,0.5670949220657349
coco-rem,000000149364,0.6180151104927063
coco-rem,000000149566,0.5812643766403198
coco-rem,000000150212,0.5231644511222839
coco-rem,000000150372,0.6427357196807861
coco-rem,000000150444,0.44854289293289185
coco-rem,000000150717,0.5616140365600586
coco-rem,000000151375,0.49987363815307617
coco-rem,000000151492,0.5925159454345703
coco-rem,000000151577,0.6526895761489868
coco-rem,000000151892,0.5461315512657166
coco-rem,000000152633,0.6540126204490662
coco-rem,000000153136,0.5909340381622314
coco-rem,000000153734,0.5918157696723938
coco-rem,000000154301,0.5104001760482788
coco-rem,000000154713,0.5579177737236023
coco-rem,000000154727,0.6040694117546082
coco-rem,000000155270,0.5643988251686096
coco-rem,000000155285,0.49903392791748047
coco-rem,000000155386,0.5923992991447449
coco-rem,000000155496,0.6457431316375732
coco-rem,000000155861,0.6185125112533569
coco-rem,000000156100,0.5639915466308594
coco-rem,000000156284,0.6508618593215942
coco-rem,000000157519,0.5829365849494934
coco-rem,000000157804,0.5271129012107849
coco-rem,000000157938,0.640826404094696
coco-rem,000000157960,0.6020209789276123
coco-rem,000000158718,0.45776593685150146
coco-rem,000000158887,0.6642621159553528
coco-rem,000000158922,0.5773521661758423
coco-rem,000000159582,0.5709025859832764
coco-rem,000000160101,0.6208245754241943
coco-rem,000000160139,0.5923470854759216
coco-rem,000000160815,0.5096310377120972
coco-rem,000000160866,0.4115017056465149
coco-rem,000000160967,0.5444170832633972
coco-rem,000000161060,0.5141299366950989
coco-rem,000000161543,0.713822066783905
coco-rem,000000161603,0.7384873628616333
coco-rem,000000161738,0.4228293001651764
coco-rem,000000161897,0.5513080954551697
coco-rem,000000162887,0.6388915181159973
coco-rem,000000163138,0.5303787589073181
coco-rem,000000163759,0.7170841693878174
coco-rem,000000163985,0.6334936618804932
coco-rem,000000164224,0.5328611731529236
coco-rem,000000164330,0.575757622718811
coco-rem,000000164499,0.47966933250427246
coco-rem,000000165455,0.6006529927253723
coco-rem,000000165550,0.6582165360450745
coco-rem,000000165750,0.6740065217018127
coco-rem,000000165936,0.5745651125907898
coco-rem,000000166828,0.6085361838340759
coco-rem,000000169228,0.7017812132835388
coco-rem,000000169634,0.6918666958808899
coco-rem,000000169885,0.6306978464126587
coco-rem,000000170000,0.7108511924743652
coco-rem,000000170513,0.4657626450061798
coco-rem,000000170601,0.7456896901130676
coco-rem,000000171453,0.5784152746200562
coco-rem,000000171536,0.4274370074272156
coco-rem,000000172439,0.5551806092262268
coco-rem,000000172492,0.6281951665878296
coco-rem,000000172886,0.6060706973075867
coco-rem,000000172989,0.5780131220817566
coco-rem,000000173229,0.7900196313858032
coco-rem,000000173447,0.5919062495231628
coco-rem,000000175334,0.6714463233947754
coco-rem,000000175437,0.3968057930469513
coco-rem,000000175513,0.6561045050621033
coco-rem,000000175830,0.559243381023407
coco-rem,000000176298,0.5975488424301147
coco-rem,000000177323,0.655083179473877
coco-rem,000000178258,0.597324013710022
coco-rem,000000178566,0.635840892791748
coco-rem,000000178901,0.47505950927734375
coco-rem,000000179011,0.5616847276687622
coco-rem,000000179477,0.6706448793411255
coco-rem,000000179571,0.6208889484405518
coco-rem,000000180341,0.46315497159957886
coco-rem,000000180779,0.5845981240272522
coco-rem,000000180966,0.5619294047355652
coco-rem,000000181084,0.5510520935058594
coco-rem,000000181223,0.38335728645324707
coco-rem,000000181851,0.47192493081092834
coco-rem,000000181876,0.6077197790145874
coco-rem,000000182401,0.6785584688186646
coco-rem,000000182527,0.5639815926551819
coco-rem,000000183007,0.6977906823158264
coco-rem,000000183445,0.4664436876773834
coco-rem,000000184161,0.588218092918396
coco-rem,000000184320,0.6499397158622742
coco-rem,000000184431,0.48326027393341064
coco-rem,000000184889,0.6085788607597351
coco-rem,000000185002,0.36793002486228943
coco-rem,000000185025,0.49890172481536865
coco-rem,000000185041,0.59893798828125
coco-rem,000000185091,0.5556443929672241
coco-rem,000000185229,0.5248144268989563
coco-rem,000000185555,0.484932541847229
coco-rem,000000186844,0.6334708333015442
coco-rem,000000186968,0.4992079734802246
coco-rem,000000187181,0.5119942426681519
coco-rem,000000187286,0.40849679708480835
coco-rem,000000187822,0.4177870750427246
coco-rem,000000188068,0.6295719742774963
coco-rem,000000188532,0.39530760049819946
coco-rem,000000189129,0.6043074131011963
coco-rem,000000190277,0.5409614443778992
coco-rem,000000190537,0.5945814251899719
coco-rem,000000190700,0.646386981010437
coco-rem,000000190722,0.6520215272903442
coco-rem,000000191225,0.41154971718788147
coco-rem,000000191280,0.6008632183074951
coco-rem,000000191283,0.5432958602905273
coco-rem,000000191327,0.6520670652389526
coco-rem,000000191690,0.48531463742256165
coco-rem,000000191716,0.5607645511627197
coco-rem,000000193255,0.6595156788825989
coco-rem,000000193444,0.6792131066322327
coco-rem,000000193972,0.5438586473464966
coco-rem,000000194774,0.3237069845199585
coco-rem,000000194921,0.6067787408828735
coco-rem,000000197616,0.5556958913803101
coco-rem,000000198312,0.4794476628303528
coco-rem,000000198508,0.548326849937439
coco-rem,000000198557,0.49539539217948914
coco-rem,000000198596,0.5643197298049927
coco-rem,000000198724,0.774493396282196
coco-rem,000000198978,0.5457887053489685
coco-rem,000000199688,0.38506221771240234
coco-rem,000000200735,0.5230693817138672
coco-rem,000000201375,0.6074179410934448
coco-rem,000000202131,0.6087198853492737
coco-rem,000000202372,0.342311292886734
coco-rem,000000202582,0.6378127336502075
coco-rem,000000202842,0.6575687527656555
coco-rem,000000202918,0.5686306357383728
coco-rem,000000202990,0.4663057327270508
coco-rem,000000203481,0.6078044772148132
coco-rem,000000205344,0.4053493142127991
coco-rem,000000205967,0.48835518956184387
coco-rem,000000206068,0.4111839532852173
coco-rem,000000206800,0.677323043346405
coco-rem,000000207264,0.7355585098266602
coco-rem,000000207740,0.7072845697402954
coco-rem,000000207763,0.6011523008346558
coco-rem,000000207805,0.5204482078552246
coco-rem,000000207995,0.56390780210495
coco-rem,000000208144,0.5841456055641174
coco-rem,000000208288,0.5130548477172852
coco-rem,000000209133,0.746089518070221
coco-rem,000000209286,0.6840313076972961
coco-rem,000000209292,0.44353315234184265
coco-rem,000000209428,0.404482364654541
coco-rem,000000209574,0.5387299656867981
coco-rem,000000209904,0.5962453484535217
coco-rem,000000210322,0.6092849373817444
coco-rem,000000210549,0.716351330280304
coco-rem,000000210845,0.290688157081604
coco-rem,000000210997,0.5352478623390198
coco-rem,000000211158,0.9119964838027954
coco-rem,000000211172,0.6683434844017029
coco-rem,000000211186,0.5067164301872253
coco-rem,000000211217,0.3868773281574249
coco-rem,000000211593,0.5579862594604492
coco-rem,000000211722,0.6262699365615845
coco-rem,000000212733,0.6757322549819946
coco-rem,000000212757,0.669678807258606
coco-rem,000000213268,0.7207282185554504
coco-rem,000000213694,0.6171212792396545
coco-rem,000000214742,0.38404783606529236
coco-rem,000000214834,0.48362740874290466
coco-rem,000000215092,0.48030391335487366
coco-rem,000000215196,0.7872896194458008
coco-rem,000000215215,0.7348968386650085
coco-rem,000000215376,0.7311049103736877
coco-rem,000000215407,0.5034530758857727
coco-rem,000000216364,0.7474566102027893
coco-rem,000000217054,0.7039259672164917
coco-rem,000000217303,0.6206070184707642
coco-rem,000000217487,0.32642948627471924
coco-rem,000000217938,0.5727552771568298
coco-rem,000000218762,0.6659245491027832
coco-rem,000000219179,0.676004946231842
coco-rem,000000220187,0.5850266814231873
coco-rem,000000221044,0.47191953659057617
coco-rem,000000221317,0.5370076298713684
coco-rem,000000221536,0.45794540643692017
coco-rem,000000222753,0.6406343579292297
coco-rem,000000223020,0.6127880215644836
coco-rem,000000223481,0.6101214289665222
coco-rem,000000223992,0.4552270770072937
coco-rem,000000224595,0.6163567900657654
coco-rem,000000225281,0.48092126846313477
coco-rem,000000225490,0.5965961813926697
coco-rem,000000225989,0.4961214065551758
coco-rem,000000226136,0.5361001491546631
coco-rem,000000226324,0.6207709312438965
coco-rem,000000226494,0.6838350296020508
coco-rem,000000227134,0.6944430470466614
coco-rem,000000227422,0.7137082815170288
coco-rem,000000227734,0.47021013498306274
coco-rem,000000228261,0.42774713039398193
coco-rem,000000228463,0.6497611999511719
coco-rem,000000228681,0.45211857557296753
coco-rem,000000229529,0.6600167155265808
coco-rem,000000229539,0.606777548789978
coco-rem,000000230057,0.7096927762031555
coco-rem,000000230548,0.670732319355011
coco-rem,000000230554,0.5617630481719971
coco-rem,000000230991,0.514319121837616
coco-rem,000000231267,0.6387070417404175
coco-rem,000000231362,0.6645714044570923
coco-rem,000000231460,0.6082046031951904
coco-rem,000000231466,0.5111207365989685
coco-rem,000000232001,0.5997299551963806
coco-rem,000000232279,0.4485764503479004
coco-rem,000000232819,0.6968461275100708
coco-rem,000000233365,0.6408826112747192
coco-rem,000000233994,0.5123733282089233
coco-rem,000000234091,0.5290849804878235
coco-rem,000000234728,0.5463594794273376
coco-rem,000000235547,0.707533061504364
coco-rem,000000235683,0.4512125253677368
coco-rem,000000236176,0.6566027998924255
coco-rem,000000236282,0.5022375583648682
coco-rem,000000236630,0.30065515637397766
coco-rem,000000237203,0.7053919434547424
coco-rem,000000237372,0.5717921257019043
coco-rem,000000237632,0.6006003618240356
coco-rem,000000238448,0.62669438123703
coco-rem,000000238858,0.5433618426322937
coco-rem,000000239458,0.651228666305542
coco-rem,000000240243,0.7175215482711792
coco-rem,000000240586,0.5508818030357361
coco-rem,000000240952,0.46617642045021057
coco-rem,000000241390,0.6912492513656616
coco-rem,000000241402,0.5748695731163025
coco-rem,000000241836,0.5250769257545471
coco-rem,000000241916,0.48014914989471436
coco-rem,000000242745,0.5819041728973389
coco-rem,000000242828,0.6580557823181152
coco-rem,000000243153,0.62367844581604
coco-rem,000000243171,0.6881402134895325
coco-rem,000000244283,0.5688151121139526
coco-rem,000000244317,0.6490694880485535
coco-rem,000000244844,0.5260896682739258
coco-rem,000000245505,0.6482899785041809
coco-rem,000000246007,0.4893476068973541
coco-rem,000000246014,0.6312061548233032
coco-rem,000000246342,0.5698615908622742
coco-rem,000000246540,0.6169632077217102
coco-rem,000000246656,0.7588383555412292
coco-rem,000000246815,0.6262410283088684
coco-rem,000000247909,0.48337358236312866
coco-rem,000000247945,0.6159898042678833
coco-rem,000000248167,0.5438408255577087
coco-rem,000000248771,0.5596663355827332
coco-rem,000000249226,0.3539888858795166
coco-rem,000000249273,0.6246343851089478
coco-rem,000000250194,0.43792957067489624
coco-rem,000000250578,0.488525390625
coco-rem,000000250790,0.6062792539596558
coco-rem,000000250877,0.5484498143196106
coco-rem,000000251232,0.5813452005386353
coco-rem,000000251242,0.5788472294807434
coco-rem,000000252608,0.5876507759094238
coco-rem,000000253095,0.3577931225299835
coco-rem,000000253170,0.6293447613716125
coco-rem,000000253212,0.5318650007247925
coco-rem,000000253474,0.4426387548446655
coco-rem,000000253693,0.7169022560119629
coco-rem,000000255093,0.5011880397796631
coco-rem,000000255665,0.5611247420310974
coco-rem,000000255741,0.6481028199195862
coco-rem,000000256031,0.6951195597648621
coco-rem,000000256101,0.6530255675315857
coco-rem,000000256284,0.6526647210121155
coco-rem,000000256550,0.7254766225814819
coco-rem,000000256648,0.607322096824646
coco-rem,000000258017,0.5546779036521912
coco-rem,000000258089,0.6394684910774231
coco-rem,000000258136,0.6678004860877991
coco-rem,000000258327,0.5116250514984131
coco-rem,000000258676,0.6964174509048462
coco-rem,000000258792,0.6091885566711426
coco-rem,000000258837,0.7753068804740906
coco-rem,000000259491,0.6375575661659241
coco-rem,000000259884,0.4638872444629669
coco-rem,000000260129,0.47452592849731445
coco-rem,000000260230,0.4607143998146057
coco-rem,000000261026,0.5544208288192749
coco-rem,000000261585,0.3989958167076111
coco-rem,000000262359,0.4529593586921692
coco-rem,000000263008,0.530543327331543
coco-rem,000000263668,0.6254732608795166
coco-rem,000000264502,0.6717780232429504
coco-rem,000000264619,0.6442455649375916
coco-rem,000000264930,0.6251314878463745
coco-rem,000000264962,0.7102779746055603
coco-rem,000000265253,0.41980209946632385
coco-rem,000000265677,0.4239543080329895
coco-rem,000000266442,0.7302517890930176
coco-rem,000000266518,0.7491222023963928
coco-rem,000000266533,0.506695032119751
coco-rem,000000267152,0.49057871103286743
coco-rem,000000267284,0.4894315302371979
coco-rem,000000267691,0.5512823462486267
coco-rem,000000268579,0.6436001658439636
coco-rem,000000268739,0.5389995574951172
coco-rem,000000268927,0.5950266122817993
coco-rem,000000269033,0.7057132720947266
coco-rem,000000269168,0.5527331233024597
coco-rem,000000269306,0.6292553544044495
coco-rem,000000269325,0.5948500633239746
coco-rem,000000269346,0.4517894685268402
coco-rem,000000269843,0.5147194862365723
coco-rem,000000270330,0.741150975227356
coco-rem,000000270586,0.6886047720909119
coco-rem,000000271310,0.6998879313468933
coco-rem,000000271364,0.7010164260864258
coco-rem,000000271461,0.5299332141876221
coco-rem,000000271490,0.6007779836654663
coco-rem,000000271495,0.43188580870628357
coco-rem,000000271897,0.5777993202209473
coco-rem,000000271943,0.6865440607070923
coco-rem,000000272487,0.6005676984786987
coco-rem,000000273600,0.6223211288452148
coco-rem,000000273808,0.4222961664199829
coco-rem,000000274753,0.5664132833480835
coco-rem,000000275450,0.537805438041687
coco-rem,000000275631,0.4893778860569
coco-rem,000000275657,0.49866601824760437
coco-rem,000000275930,0.566257119178772
coco-rem,000000276169,0.6153241991996765
coco-rem,000000277089,0.5887240171432495
coco-rem,000000279373,0.5894405245780945
coco-rem,000000280087,0.67976975440979
coco-rem,000000280814,0.4582828879356384
coco-rem,000000281210,0.5982162356376648
coco-rem,000000281431,0.6531140208244324
coco-rem,000000281679,0.5782344341278076
coco-rem,000000283874,0.24984657764434814
coco-rem,000000284324,0.6584262847900391
coco-rem,000000284333,0.5988113880157471
coco-rem,000000284366,0.648899257183075
coco-rem,000000284386,0.47193050384521484
coco-rem,000000285457,0.4533032774925232
coco-rem,000000285603,0.39058876037597656
coco-rem,000000286348,0.6578319072723389
coco-rem,000000286450,0.6096526980400085
coco-rem,000000286760,0.5599228143692017
coco-rem,000000287228,0.5984581708908081
coco-rem,000000287235,0.5987029075622559
coco-rem,000000288114,0.5334111452102661
coco-rem,000000288219,0.6074529886245728
coco-rem,000000288724,0.5872063636779785
coco-rem,000000288906,0.33177345991134644
coco-rem,000000289245,0.5399332642555237
coco-rem,000000289510,0.5153385400772095
coco-rem,000000290282,0.6494182348251343
coco-rem,000000290379,0.5313147902488708
coco-rem,000000290400,0.675428032875061
coco-rem,000000291788,0.6869150400161743
coco-rem,000000291898,0.4701174199581146
coco-rem,000000292227,0.48086902499198914
coco-rem,000000292257,0.6511617302894592
coco-rem,000000292901,0.6706077456474304
coco-rem,000000293072,0.5192430019378662
coco-rem,000000293165,0.42397987842559814
coco-rem,000000293946,0.7420152425765991
coco-rem,000000294943,0.6484538912773132
coco-rem,000000295269,0.455006867647171
coco-rem,000000295334,0.6046295762062073
coco-rem,000000295655,0.5701473355293274
coco-rem,000000295823,0.6099123954772949
coco-rem,000000297175,0.5489426851272583
coco-rem,000000297220,0.567941427230835
coco-rem,000000297273,0.33017703890800476
coco-rem,000000297370,0.5788275599479675
coco-rem,000000298004,0.6309579610824585
coco-rem,000000298067,0.5197111368179321
coco-rem,000000298225,0.6194296479225159
coco-rem,000000298405,0.43093088269233704
coco-rem,000000298540,0.5852631330490112
coco-rem,000000298657,0.5110577940940857
coco-rem,000000299764,0.6321358680725098
coco-rem,000000300501,0.44333168864250183
coco-rem,000000300782,0.6499806046485901
coco-rem,000000300786,0.39012885093688965
coco-rem,000000301110,0.4692205488681793
coco-rem,000000301950,0.5937371850013733
coco-rem,000000301965,0.5297749042510986
coco-rem,000000301977,0.5781975984573364
coco-rem,000000302489,0.5245707631111145
coco-rem,000000303520,0.5408515930175781
coco-rem,000000304523,0.5348110795021057
coco-rem,000000304530,0.3269069790840149
coco-rem,000000304789,0.5914609432220459
coco-rem,000000305093,0.5205053091049194
coco-rem,000000305501,0.6448250412940979
coco-rem,000000306178,0.5803847312927246
coco-rem,000000306947,0.6478222608566284
coco-rem,000000307272,0.5174012184143066
coco-rem,000000307583,0.7066327333450317
coco-rem,000000307757,0.4455057382583618
coco-rem,000000310390,0.5407986640930176
coco-rem,000000310538,0.4328272044658661
coco-rem,000000310553,0.587001621723175
coco-rem,000000310633,0.5659062266349792
coco-rem,000000310772,0.5814805626869202
coco-rem,000000310906,0.530728816986084
coco-rem,000000313465,0.4961867928504944
coco-rem,000000313872,0.7702273726463318
coco-rem,000000314082,0.6948100924491882
coco-rem,000000314188,0.7404330968856812
coco-rem,000000314693,0.5173578262329102
coco-rem,000000315062,0.7826387882232666
coco-rem,000000315487,0.7015523910522461
coco-rem,000000315868,0.6171531677246094
coco-rem,000000317130,0.6893069744110107
coco-rem,000000317595,0.5251687169075012
coco-rem,000000317935,0.6437086462974548
coco-rem,000000318200,0.44101279973983765
coco-rem,000000318240,0.6940603256225586
coco-rem,000000318386,0.49493208527565
coco-rem,000000318637,0.6343455910682678
coco-rem,000000319031,0.6440420150756836
coco-rem,000000319142,0.6920921206474304
coco-rem,000000319494,0.5271970629692078
coco-rem,000000319591,0.6963478326797485
coco-rem,000000319690,0.30095893144607544
coco-rem,000000320137,0.5138667821884155
coco-rem,000000320374,0.6068997383117676
coco-rem,000000321935,0.5541304349899292
coco-rem,000000322094,0.6961843967437744
coco-rem,000000322222,0.6718524098396301
coco-rem,000000323599,0.6200194954872131
coco-rem,000000323827,0.48759710788726807
coco-rem,000000324052,0.4378715753555298
coco-rem,000000324497,0.5863261222839355
coco-rem,000000324962,0.6864858269691467
coco-rem,000000325220,0.30693119764328003
coco-rem,000000325328,0.5611432790756226
coco-rem,000000325371,0.6965992450714111
coco-rem,000000325836,0.5213764905929565
coco-rem,000000326408,0.43663594126701355
coco-rem,000000326531,0.5605357885360718
coco-rem,000000326700,0.585594654083252
coco-rem,000000326811,0.5993132591247559
coco-rem,000000327368,0.5368425250053406
coco-rem,000000327532,0.5643922686576843
coco-rem,000000328066,0.6292012333869934
coco-rem,000000328346,0.596584141254425
coco-rem,000000328412,0.7049678564071655
coco-rem,000000329097,0.565775454044342
coco-rem,000000329304,0.7036058902740479
coco-rem,000000329343,0.40304499864578247
coco-rem,000000329613,0.43112125992774963
coco-rem,000000329752,0.5811898112297058
coco-rem,000000330140,0.48876163363456726
coco-rem,000000330701,0.5762361884117126
coco-rem,000000331162,0.5883910059928894
coco-rem,000000331395,0.5501242876052856
coco-rem,000000332420,0.6315006613731384
coco-rem,000000332943,0.5284597873687744
coco-rem,000000333124,0.6280327439308167
coco-rem,000000333654,0.27959129214286804
coco-rem,000000334752,0.4654640257358551
coco-rem,000000334840,0.5471183657646179
coco-rem,000000334916,0.708875834941864
coco-rem,000000335874,0.707859992980957
coco-rem,000000335940,0.5908379554748535
coco-rem,000000336167,0.547639012336731
coco-rem,000000337146,0.4583115577697754
coco-rem,000000338018,0.6774594783782959
coco-rem,000000338086,0.5815954208374023
coco-rem,000000338121,0.7054870128631592
coco-rem,000000338156,0.6374441385269165
coco-rem,000000338972,0.6282528638839722
coco-rem,000000338980,0.7731668949127197
coco-rem,000000339105,0.7073529362678528
coco-rem,000000339536,0.4976412355899811
coco-rem,000000340060,0.7086259126663208
coco-rem,000000340217,0.4696492552757263
coco-rem,000000340488,0.4931137263774872
coco-rem,000000340804,0.5136157274246216
coco-rem,000000341111,0.622737467288971
coco-rem,000000341189,0.6868889331817627
coco-rem,000000341232,0.472795307636261
coco-rem,000000342639,0.5952941179275513
coco-rem,000000342874,0.5387253165245056
coco-rem,000000342996,0.460427850484848
coco-rem,000000343349,0.3147164285182953
coco-rem,000000343619,0.6553955674171448
coco-rem,000000344190,0.6239234805107117
coco-rem,000000344920,0.5746898651123047
coco-rem,000000345880,0.6288954019546509
coco-rem,000000346469,0.5624218583106995
coco-rem,000000346702,0.5780163407325745
coco-rem,000000346997,0.45218998193740845
coco-rem,000000347292,0.600208580493927
coco-rem,000000347976,0.6586653590202332
coco-rem,000000348144,0.717217743396759
coco-rem,000000348314,0.5280943512916565
coco-rem,000000348371,0.4803925156593323
coco-rem,000000348602,0.7493734359741211
coco-rem,000000348702,0.3652098774909973
coco-rem,000000349230,0.611979603767395
coco-rem,000000349344,0.5342434644699097
coco-rem,000000349485,0.36335980892181396
coco-rem,000000350514,0.45460087060928345
coco-rem,000000351148,0.6260779500007629
coco-rem,000000351268,0.5707998871803284
coco-rem,000000351554,0.6408464908599854
coco-rem,000000351621,0.6244993209838867
coco-rem,000000351808,0.5098133087158203
coco-rem,000000352091,0.5096559524536133
coco-rem,000000352480,0.5615241527557373
coco-rem,000000352524,0.6505935788154602
coco-rem,000000352965,0.6295588612556458
coco-rem,000000353981,0.5477923154830933
coco-rem,000000354070,0.40114718675613403
coco-rem,000000354402,0.7337451577186584
coco-rem,000000354827,0.4414013922214508
coco-rem,000000355214,0.6316806077957153
coco-rem,000000355304,0.526177167892456
coco-rem,000000355425,0.5510861873626709
coco-rem,000000355685,0.36093994975090027
coco-rem,000000355737,0.4338575601577759
coco-rem,000000356153,0.6151697039604187
coco-rem,000000356733,0.5690340399742126
coco-rem,000000357498,0.5738816261291504
coco-rem,000000357805,0.7071875333786011
coco-rem,000000357966,0.8057241439819336
coco-rem,000000358421,0.6733108162879944
coco-rem,000000358429,0.5729003548622131
coco-rem,000000358795,0.6738282442092896
coco-rem,000000359131,0.6260382533073425
coco-rem,000000359232,0.6305336356163025
coco-rem,000000359357,0.45847272872924805
coco-rem,000000361030,0.6704434156417847
coco-rem,000000361572,0.2512192130088806
coco-rem,000000361670,0.43953293561935425
coco-rem,000000362314,0.49979037046432495
coco-rem,000000362373,0.45410627126693726
coco-rem,000000363344,0.6921448707580566
coco-rem,000000363986,0.31234461069107056
coco-rem,000000364010,0.7112805247306824
coco-rem,000000364079,0.6561770439147949
coco-rem,000000364299,0.6299722194671631
coco-rem,000000364436,0.6178743839263916
coco-rem,000000364683,0.6172369718551636
coco-rem,000000365131,0.6799020171165466
coco-rem,000000365205,0.6511280536651611
coco-rem,000000365271,0.4497838616371155
coco-rem,000000365353,0.7207739949226379
coco-rem,000000365444,0.6866157650947571
coco-rem,000000365479,0.5273408889770508
coco-rem,000000365652,0.5538146495819092
coco-rem,000000366648,0.5208768248558044
coco-rem,000000366651,0.696434736251831
coco-rem,000000366789,0.5611532330513
coco-rem,000000367639,0.709047794342041
coco-rem,000000368081,0.7294198870658875
coco-rem,000000368541,0.557531476020813
coco-rem,000000368727,0.6851304173469543
coco-rem,000000369140,0.5181800723075867
coco-rem,000000369296,0.6057478189468384
coco-rem,000000370121,0.588040828704834
coco-rem,000000370310,0.6288940906524658
coco-rem,000000370831,0.5590853691101074
coco-rem,000000371791,0.553673267364502
coco-rem,000000372464,0.7321785092353821
coco-rem,000000372536,0.6247441172599792
coco-rem,000000372548,0.6702624559402466
coco-rem,000000372625,0.6190237998962402
coco-rem,000000373648,0.45229285955429077
coco-rem,000000373758,0.47061049938201904
coco-rem,000000374829,0.6280902028083801
coco-rem,000000375321,0.6042811870574951
coco-rem,000000375425,0.4877493977546692
coco-rem,000000376490,0.5848696231842041
coco-rem,000000376911,0.5530721545219421
coco-rem,000000377155,0.7379728555679321
coco-rem,000000377432,0.6089795827865601
coco-rem,000000377910,0.4694632887840271
coco-rem,000000378618,0.5941998958587646
coco-rem,000000378692,0.6358835101127625
coco-rem,000000378872,0.5757162570953369
coco-rem,000000379067,0.5155356526374817
coco-rem,000000379188,0.6438151001930237
coco-rem,000000379630,0.512387752532959
coco-rem,000000379672,0.541068971157074
coco-rem,000000379760,0.6350532174110413
coco-rem,000000380122,0.6428340077400208
coco-rem,000000380271,0.4726884663105011
coco-rem,000000380828,0.5968895554542542
coco-rem,000000381334,0.6738982200622559
coco-rem,000000382101,0.635827362537384
coco-rem,000000382345,0.5829780101776123
coco-rem,000000382563,0.6017051935195923
coco-rem,000000382715,0.4654199481010437
coco-rem,000000382729,0.7404307723045349
coco-rem,000000383210,0.6758831143379211
coco-rem,000000383389,0.5887653231620789
coco-rem,000000383972,0.5702826976776123
coco-rem,000000384422,0.6405216455459595
coco-rem,000000384641,0.565617561340332
coco-rem,000000384967,0.5507003664970398
coco-rem,000000384998,0.6673350930213928
coco-rem,000000385098,0.39761292934417725
coco-rem,000000385272,0.6667404174804688
coco-rem,000000385577,0.6252632737159729
coco-rem,000000385705,0.572870671749115
coco-rem,000000385770,0.5236108303070068
coco-rem,000000386371,0.5595253109931946
coco-rem,000000386589,0.6167917847633362
coco-rem,000000386945,0.6966940760612488
coco-rem,000000387421,0.6070108413696289
coco-rem,000000388880,0.46046721935272217
coco-rem,000000389036,0.658781886100769
coco-rem,000000389159,0.4671604335308075
coco-rem,000000390179,0.590351939201355
coco-rem,000000390183,0.5886515974998474
coco-rem,000000390782,0.5642029047012329
coco-rem,000000392099,0.6309431791305542
coco-rem,000000392320,0.4541829824447632
coco-rem,000000392753,0.5856283903121948
coco-rem,000000392871,0.6735908389091492
coco-rem,000000392985,0.659286618232727
coco-rem,000000393317,0.5296633243560791
coco-rem,000000393493,0.5470096468925476
coco-rem,000000393617,0.5725746750831604
coco-rem,000000393735,0.6080551743507385
coco-rem,000000393887,0.5484474301338196
coco-rem,000000395321,0.5701701641082764
coco-rem,000000395527,0.5967748165130615
coco-rem,000000395749,0.6271800994873047
coco-rem,000000396420,0.4105483293533325
coco-rem,000000396481,0.6072374582290649
coco-rem,000000396661,0.5836673378944397
coco-rem,000000396862,0.37175703048706055
coco-rem,000000397241,0.617679238319397
coco-rem,000000397365,0.669529914855957
coco-rem,000000397685,0.5828992128372192
coco-rem,000000398209,0.5365580320358276
coco-rem,000000398419,0.37582188844680786
coco-rem,000000398463,0.6003435254096985
coco-rem,000000399288,0.49534252285957336
coco-rem,000000399540,0.5549579858779907
coco-rem,000000400567,0.5398663878440857
coco-rem,000000400596,0.6007253527641296
coco-rem,000000400975,0.782924473285675
coco-rem,000000401251,0.6900676488876343
coco-rem,000000401398,0.5923118591308594
coco-rem,000000401416,0.604049563407898
coco-rem,000000401499,0.5929632186889648
coco-rem,000000401785,0.5822246074676514
coco-rem,000000402378,0.5105721950531006
coco-rem,000000402420,0.5370392799377441
coco-rem,000000402671,0.5824964046478271
coco-rem,000000402759,0.3674779534339905
coco-rem,000000402806,0.6183687448501587
coco-rem,000000402855,0.5157619714736938
coco-rem,000000403143,0.7348552942276001
coco-rem,000000403150,0.7272148728370667
coco-rem,000000403830,0.6122173070907593
coco-rem,000000403853,0.6268836855888367
coco-rem,000000404222,0.653340756893158
coco-rem,000000404271,0.53612220287323
coco-rem,000000404471,0.5503688454627991
coco-rem,000000404579,0.6013967990875244
coco-rem,000000404929,0.6214457154273987
coco-rem,000000405271,0.5344956517219543
coco-rem,000000405605,0.5683004856109619
coco-rem,000000406908,0.592705249786377
coco-rem,000000407990,0.7128046154975891
coco-rem,000000409239,0.5885301232337952
coco-rem,000000409364,0.6810680627822876
coco-rem,000000409707,0.5709894299507141
coco-rem,000000409956,0.5747311115264893
coco-rem,000000410373,0.6580662727355957
coco-rem,000000410590,0.5036177039146423
coco-rem,000000411343,0.7116612195968628
coco-rem,000000412510,0.6395062804222107
coco-rem,000000412914,0.4874761998653412
coco-rem,000000413600,0.5697709321975708
coco-rem,000000413626,0.3799837827682495
coco-rem,000000413970,0.5837307572364807
coco-rem,000000415856,0.713334321975708
coco-rem,000000416048,0.6188652515411377
coco-rem,000000416188,0.5908070802688599
coco-rem,000000416202,0.727979302406311
coco-rem,000000416705,0.4976257085800171
coco-rem,000000417219,0.5597051382064819
coco-rem,000000417440,0.7460261583328247
coco-rem,000000417766,0.5303536653518677
coco-rem,000000418297,0.6927481293678284
coco-rem,000000418653,0.5662311315536499
coco-rem,000000418692,0.4329882860183716
coco-rem,000000419216,0.35943806171417236
coco-rem,000000419483,0.36608487367630005
coco-rem,000000419767,0.6803940534591675
coco-rem,000000419819,0.5700333118438721
coco-rem,000000420411,0.5485050082206726
coco-rem,000000420490,0.36262500286102295
coco-rem,000000421360,0.40849676728248596
coco-rem,000000421889,0.5767739415168762
coco-rem,000000422279,0.5356035828590393
coco-rem,000000423161,0.5348982214927673
coco-rem,000000423165,0.6428602933883667
coco-rem,000000423534,0.4692252278327942
coco-rem,000000423717,0.731596052646637
coco-rem,000000424370,0.6446876525878906
coco-rem,000000424544,0.7885056138038635
coco-rem,000000424554,0.5931141972541809
coco-rem,000000424637,0.4577457308769226
coco-rem,000000424989,0.7476258277893066
coco-rem,000000425000,0.6863380074501038
coco-rem,000000426064,0.6989757418632507
coco-rem,000000426128,0.6146522164344788
coco-rem,000000426252,0.6271806359291077
coco-rem,000000426377,0.46341633796691895
coco-rem,000000426551,0.4001152515411377
coco-rem,000000426975,0.6684699654579163
coco-rem,000000427232,0.5343180894851685
coco-rem,000000427382,0.5022746920585632
coco-rem,000000427449,0.6055551171302795
coco-rem,000000427802,0.5967690944671631
coco-rem,000000427958,0.6253042817115784
coco-rem,000000428079,0.6042956709861755
coco-rem,000000428152,0.5541373491287231
coco-rem,000000428263,0.5785627365112305
coco-rem,000000428391,0.7143182158470154
coco-rem,000000428440,0.5269911885261536
coco-rem,000000428786,0.7168515920639038
coco-rem,000000429741,0.5529356598854065
coco-rem,000000429990,0.5725147128105164
coco-rem,000000430281,0.648429811000824
coco-rem,000000430319,0.6750108003616333
coco-rem,000000430489,0.6215457916259766
coco-rem,000000430583,0.643100917339325
coco-rem,000000430660,0.5437670350074768
coco-rem,000000431660,0.6849455833435059
coco-rem,000000431853,0.5023002028465271
coco-rem,000000432120,0.5868856906890869
coco-rem,000000432417,0.51731276512146
coco-rem,000000432569,0.5651329159736633
coco-rem,000000432615,0.7655116319656372
coco-rem,000000432796,0.576745867729187
coco-rem,000000432997,0.482012003660202
coco-rem,000000433446,0.4770970344543457
coco-rem,000000433968,0.6640378832817078
coco-rem,000000434326,0.6342741847038269
coco-rem,000000435076,0.39136558771133423
coco-rem,000000435377,0.507290244102478
coco-rem,000000435750,0.6556232571601868
coco-rem,000000435764,0.583649754524231
coco-rem,000000436511,0.6790719032287598
coco-rem,000000436571,0.5754290223121643
coco-rem,000000436605,0.5990104079246521
coco-rem,000000436611,0.6877678036689758
coco-rem,000000437209,0.6303133964538574
coco-rem,000000437892,0.5371969938278198
coco-rem,000000438539,0.7390353083610535
coco-rem,000000438617,0.7199084758758545
coco-rem,000000439288,0.750001847743988
coco-rem,000000439486,0.7001047134399414
coco-rem,000000439837,0.4611164629459381
coco-rem,000000439874,0.7514394521713257
coco-rem,000000440329,0.5006846189498901
coco-rem,000000440387,0.5060195922851562
coco-rem,000000440891,0.4474033713340759
coco-rem,000000441473,0.5820544958114624
coco-rem,000000441824,0.6851025819778442
coco-rem,000000442232,0.5888023972511292
coco-rem,000000442811,0.5015842914581299
coco-rem,000000443635,0.5508360862731934
coco-rem,000000443964,0.6234728693962097
coco-rem,000000445087,0.5713517665863037
coco-rem,000000445745,0.6038113832473755
coco-rem,000000446354,0.469851553440094
coco-rem,000000446500,0.6124885678291321
coco-rem,000000446670,0.5588184595108032
coco-rem,000000447224,0.6870784759521484
coco-rem,000000447448,0.339160293340683
coco-rem,000000447983,0.7225757241249084
coco-rem,000000448759,0.6655886769294739
coco-rem,000000448826,0.6474117040634155
coco-rem,000000448944,0.5591636896133423
coco-rem,000000449598,0.7192032337188721
coco-rem,000000449712,0.5149326324462891
coco-rem,000000450107,0.5376518368721008
coco-rem,000000450543,0.8069554567337036
coco-rem,000000450724,0.5630717873573303
coco-rem,000000450800,0.6514600515365601
coco-rem,000000452783,0.5845447778701782
coco-rem,000000453352,0.6306714415550232
coco-rem,000000454867,0.5118522644042969
coco-rem,000000455363,0.6070249676704407
coco-rem,000000455481,0.7463563680648804
coco-rem,000000455548,0.6993193030357361
coco-rem,000000456833,0.6028240919113159
coco-rem,000000457168,0.4727948009967804
coco-rem,000000458156,0.7476848363876343
coco-rem,000000458361,0.4880877137184143
coco-rem,000000458401,0.7433300614356995
coco-rem,000000458611,0.5913209319114685
coco-rem,000000458802,0.6240257620811462
coco-rem,000000458870,0.6964564323425293
coco-rem,000000458935,0.5371318459510803
coco-rem,000000459537,0.6589764952659607
coco-rem,000000459566,0.6221003532409668
coco-rem,000000459585,0.6352965831756592
coco-rem,000000460038,0.7043408751487732
coco-rem,000000460370,0.37291961908340454
coco-rem,000000460496,0.5851492881774902
coco-rem,000000460858,0.6947677731513977
coco-rem,000000461365,0.5617347359657288
coco-rem,000000462565,0.4984598755836487
coco-rem,000000463452,0.67440265417099
coco-rem,000000463581,0.6106699705123901
coco-rem,000000464296,0.5094585418701172
coco-rem,000000464602,0.6573998928070068
coco-rem,000000466197,0.6538763642311096
coco-rem,000000466599,0.554654061794281
coco-rem,000000466665,0.6373727917671204
coco-rem,000000467145,0.3542822003364563
coco-rem,000000467432,0.4619278311729431
coco-rem,000000467686,0.5802083015441895
coco-rem,000000467939,0.6848961114883423
coco-rem,000000468346,0.4654555022716522
coco-rem,000000469195,0.5313699841499329
coco-rem,000000469300,0.6082266569137573
coco-rem,000000469896,0.6180091500282288
coco-rem,000000470004,0.531099796295166
coco-rem,000000470112,0.5910648107528687
coco-rem,000000470442,0.5288757681846619
coco-rem,000000470516,0.6300833225250244
coco-rem,000000470770,0.48025640845298767
coco-rem,000000471039,0.47020530700683594
coco-rem,000000471330,0.5611180067062378
coco-rem,000000471895,0.7019433379173279
coco-rem,000000472054,0.5151610374450684
coco-rem,000000472253,0.3651587963104248
coco-rem,000000472405,0.5284462571144104
coco-rem,000000472614,0.5404958724975586
coco-rem,000000472630,0.6319925785064697
coco-rem,000000472690,0.4739765524864197
coco-rem,000000474031,0.4948725700378418
coco-rem,000000474953,0.6745634078979492
coco-rem,000000475403,0.5894509553909302
coco-rem,000000475621,0.6009735465049744
coco-rem,000000475808,0.6331741213798523
coco-rem,000000476080,0.3399430811405182
coco-rem,000000477259,0.424874484539032
coco-rem,000000477622,0.6039002537727356
coco-rem,000000477718,0.6655275225639343
coco-rem,000000478005,0.527009129524231
coco-rem,000000478380,0.5457610487937927
coco-rem,000000478805,0.4756350517272949
coco-rem,000000478922,0.5178684592247009
coco-rem,000000480014,0.5253773331642151
coco-rem,000000480057,0.3297773003578186
coco-rem,000000480576,0.6026873588562012
coco-rem,000000482122,0.5348690748214722
coco-rem,000000482984,0.6002009510993958
coco-rem,000000483047,0.6376351714134216
coco-rem,000000483611,0.47951558232307434
coco-rem,000000483923,0.6188180446624756
coco-rem,000000483941,0.7316927909851074
coco-rem,000000484579,0.47688764333724976
coco-rem,000000485142,0.648406982421875
coco-rem,000000485447,0.3293720483779907
coco-rem,000000485946,0.6912426948547363
coco-rem,000000486503,0.6892714500427246
coco-rem,000000486513,0.4390086829662323
coco-rem,000000486571,0.5240383148193359
coco-rem,000000487612,0.6134924292564392
coco-rem,000000487970,0.5896211266517639
coco-rem,000000488731,0.746945321559906
coco-rem,000000488796,0.6392037272453308
coco-rem,000000489900,0.49196624755859375
coco-rem,000000490044,0.27859580516815186
coco-rem,000000490244,0.6233309507369995
coco-rem,000000490405,0.29946672916412354
coco-rem,000000490461,0.503005862236023
coco-rem,000000491211,0.6714416742324829
coco-rem,000000491384,0.31368663907051086
coco-rem,000000491681,0.6861906051635742
coco-rem,000000491831,0.6475379467010498
coco-rem,000000491872,0.6704962253570557
coco-rem,000000492183,0.5494458079338074
coco-rem,000000492215,0.5312058925628662
coco-rem,000000492817,0.6413210034370422
coco-rem,000000493294,0.648614764213562
coco-rem,000000493707,0.5059804320335388
coco-rem,000000493760,0.6093476414680481
coco-rem,000000493840,0.5389076471328735
coco-rem,000000495356,0.5815619826316833
coco-rem,000000495692,0.6529000401496887
coco-rem,000000496097,0.37812116742134094
coco-rem,000000496274,0.6608586311340332
coco-rem,000000496313,0.48705190420150757
coco-rem,000000496339,0.6205266714096069
coco-rem,000000496430,0.6641664505004883
coco-rem,000000496687,0.6583803296089172
coco-rem,000000497273,0.4985358417034149
coco-rem,000000497873,0.5487784743309021
coco-rem,000000498022,0.508657693862915
coco-rem,000000498371,0.7253344058990479
coco-rem,000000498436,0.5595288276672363
coco-rem,000000498915,0.6410521268844604
coco-rem,000000498988,0.635549008846283
coco-rem,000000499168,0.7159619331359863
coco-rem,000000499274,0.714453935623169
coco-rem,000000499627,0.6268950700759888
coco-rem,000000500071,0.5837171673774719
coco-rem,000000501054,0.687593400478363
coco-rem,000000502126,0.5758729577064514
coco-rem,000000502197,0.5615599155426025
coco-rem,000000502712,0.6444800496101379
coco-rem,000000502978,0.6398237943649292
coco-rem,000000503569,0.6445530652999878
coco-rem,000000503860,0.6244578957557678
coco-rem,000000504769,0.5735512971878052
coco-rem,000000505188,0.4589088559150696
coco-rem,000000505520,0.5192855596542358
coco-rem,000000505919,0.6812780499458313
coco-rem,000000506371,0.6176783442497253
coco-rem,000000506388,0.6548558473587036
coco-rem,000000507263,0.43419507145881653
coco-rem,000000507871,0.562576949596405
coco-rem,000000508004,0.7394493818283081
coco-rem,000000508087,0.4408419132232666
coco-rem,000000508430,0.702872097492218
coco-rem,000000509811,0.5222888588905334
coco-rem,000000511026,0.29739880561828613
coco-rem,000000511639,0.6276854276657104
coco-rem,000000511774,0.62056565284729
coco-rem,000000511929,0.7095798254013062
coco-rem,000000512380,0.6803754568099976
coco-rem,000000512436,0.507373571395874
coco-rem,000000512845,0.6272591352462769
coco-rem,000000512864,0.655951201915741
coco-rem,000000513434,0.48338940739631653
coco-rem,000000513574,0.3629067540168762
coco-rem,000000513690,0.5969378352165222
coco-rem,000000513899,0.4789518415927887
coco-rem,000000513946,0.6746761798858643
coco-rem,000000514016,0.5484868884086609
coco-rem,000000514321,0.5772191286087036
coco-rem,000000515392,0.7764860987663269
coco-rem,000000515837,0.4296708405017853
coco-rem,000000516088,0.5267353057861328
coco-rem,000000516782,0.6434482336044312
coco-rem,000000517007,0.6354906558990479
coco-rem,000000517032,0.7104209661483765
coco-rem,000000517748,0.4719421863555908
coco-rem,000000518027,0.7145652770996094
coco-rem,000000518858,0.610389769077301
coco-rem,000000518889,0.569159746170044
coco-rem,000000518932,0.471856027841568
coco-rem,000000519035,0.6442548632621765
coco-rem,000000519076,0.580977201461792
coco-rem,000000519707,0.4236758351325989
coco-rem,000000521232,0.5065897703170776
coco-rem,000000521306,0.7413232326507568
coco-rem,000000521533,0.6451350450515747
coco-rem,000000521620,0.5684572458267212
coco-rem,000000521652,0.48229941725730896
coco-rem,000000521752,0.42187559604644775
coco-rem,000000522061,0.5705500841140747
coco-rem,000000522452,0.5598019957542419
coco-rem,000000522930,0.5089738368988037
coco-rem,000000523468,0.5025026798248291
coco-rem,000000523754,0.5256184339523315
coco-rem,000000524059,0.612494945526123
coco-rem,000000524956,0.47020432353019714
coco-rem,000000525087,0.6672701239585876
coco-rem,000000525615,0.5173544883728027
coco-rem,000000525813,0.6389099955558777
coco-rem,000000525880,0.6822711825370789
coco-rem,000000526085,0.35654011368751526
coco-rem,000000526227,0.5920993089675903
coco-rem,000000526432,0.5243406295776367
coco-rem,000000527219,0.5673910975456238
coco-rem,000000527518,0.6138013005256653
coco-rem,000000527906,0.5601696372032166
coco-rem,000000527994,0.48025235533714294
coco-rem,000000528341,0.5892608165740967
coco-rem,000000528957,0.5072574615478516
coco-rem,000000529061,0.6185691356658936
coco-rem,000000529787,0.6074442267417908
coco-rem,000000530160,0.5846536755561829
coco-rem,000000530313,0.5612337589263916
coco-rem,000000530384,0.47811731696128845
coco-rem,000000530599,0.5502922534942627
coco-rem,000000530631,0.5230545997619629
coco-rem,000000530758,0.5073468685150146
coco-rem,000000530863,0.7240992784500122
coco-rem,000000532245,0.45526376366615295
coco-rem,000000532260,0.6666790843009949
coco-rem,000000532817,0.3726799488067627
coco-rem,000000533137,0.5661193132400513
coco-rem,000000533677,0.5545762181282043
coco-rem,000000534736,0.48355698585510254
coco-rem,000000535013,0.5477178692817688
coco-rem,000000535151,0.4984436631202698
coco-rem,000000535179,0.6081409454345703
coco-rem,000000536200,0.6459171772003174
coco-rem,000000536237,0.5667272210121155
coco-rem,000000536366,0.747058629989624
coco-rem,000000536605,0.6611365079879761
coco-rem,000000536949,0.5931950211524963
coco-rem,000000537248,0.5399982333183289
coco-rem,000000537337,0.611787736415863
coco-rem,000000538187,0.5118045806884766
coco-rem,000000539793,0.5337945222854614
coco-rem,000000540068,0.5838049650192261
coco-rem,000000540342,0.4950404763221741
coco-rem,000000541493,0.5858590602874756
coco-rem,000000541783,0.7348924279212952
coco-rem,000000541999,0.5294784307479858
coco-rem,000000542325,0.5004401803016663
coco-rem,000000542472,0.40411287546157837
coco-rem,000000543166,0.6001924276351929
coco-rem,000000543836,0.6352785229682922
coco-rem,000000544329,0.6203907132148743
coco-rem,000000544615,0.5735011100769043
coco-rem,000000545022,0.6018974781036377
coco-rem,000000545181,0.6884152889251709
coco-rem,000000545293,0.5784221887588501
coco-rem,000000546147,0.6356453895568848
coco-rem,000000546159,0.5372077822685242
coco-rem,000000546352,0.5986416339874268
coco-rem,000000546480,0.6764187812805176
coco-rem,000000546952,0.42179012298583984
coco-rem,000000547644,0.5402722358703613
coco-rem,000000549224,0.4595058858394623
coco-rem,000000549410,0.6996687054634094
coco-rem,000000549797,0.610731303691864
coco-rem,000000550056,0.5971725583076477
coco-rem,000000550392,0.5759382247924805
coco-rem,000000550477,0.4499872326850891
coco-rem,000000550597,0.5935159921646118
coco-rem,000000550643,0.5174096822738647
coco-rem,000000550842,0.5707880854606628
coco-rem,000000551170,0.613266110420227
coco-rem,000000551515,0.57806396484375
coco-rem,000000552159,0.5591633319854736
coco-rem,000000552222,0.6433171629905701
coco-rem,000000552336,0.4662296772003174
coco-rem,000000554106,0.49545979499816895
coco-rem,000000554587,0.6273401379585266
coco-rem,000000554643,0.7238972187042236
coco-rem,000000555101,0.5823320150375366
coco-rem,000000555847,0.6982570886611938
coco-rem,000000556360,0.5662294030189514
coco-rem,000000557065,0.6890743970870972
coco-rem,000000557811,0.691024899482727
coco-rem,000000557812,0.5384697914123535
coco-rem,000000557922,0.49626320600509644
coco-rem,000000557985,0.5151923894882202
coco-rem,000000559039,0.5020420551300049
coco-rem,000000559463,0.5487505793571472
coco-rem,000000560123,0.6455293297767639
coco-rem,000000560158,0.5186117887496948
coco-rem,000000560254,0.5563898682594299
coco-rem,000000560511,0.5230451226234436
coco-rem,000000560976,0.6870450973510742
coco-rem,000000561047,0.5912646651268005
coco-rem,000000561589,0.46248093247413635
coco-rem,000000562008,0.6208149194717407
coco-rem,000000563258,0.6055927872657776
coco-rem,000000563301,0.5809848308563232
coco-rem,000000563809,0.4893178939819336
coco-rem,000000564803,0.4965415596961975
coco-rem,000000564936,0.5334734916687012
coco-rem,000000565070,0.6030865907669067
coco-rem,000000565245,0.3823946416378021
coco-rem,000000565405,0.5494145154953003
coco-rem,000000565625,0.6789536476135254
coco-rem,000000566668,0.4561910331249237
coco-rem,000000566927,0.5878642797470093
coco-rem,000000567495,0.6936342716217041
coco-rem,000000567764,0.6713353991508484
coco-rem,000000568137,0.5162522792816162
coco-rem,000000568155,0.4681045711040497
coco-rem,000000568256,0.6375768184661865
coco-rem,000000568396,0.49745655059814453
coco-rem,000000568459,0.5713245868682861
coco-rem,000000569437,0.5654290914535522
coco-rem,000000569769,0.6247106790542603
coco-rem,000000570023,0.6187543869018555
coco-rem,000000570268,0.6185986995697021
coco-rem,000000570963,0.473477840423584
coco-rem,000000571185,0.6757206916809082
coco-rem,000000572016,0.550764262676239
coco-rem,000000572572,0.6594927906990051
coco-rem,000000572786,0.5834305882453918
coco-rem,000000573357,0.5718744397163391
coco-rem,000000573622,0.6207663416862488
coco-rem,000000574135,0.5799064636230469
coco-rem,000000574208,0.6852708458900452
coco-rem,000000574537,0.6202846765518188
coco-rem,000000574623,0.6352246999740601
coco-rem,000000575361,0.44418659806251526
coco-rem,000000575909,0.7182646989822388
coco-rem,000000576397,0.6309991478919983
coco-rem,000000576709,0.6620733737945557
coco-rem,000000576857,0.47133854031562805
coco-rem,000000577843,0.6178773045539856
coco-rem,000000578060,0.6535854935646057
coco-rem,000000579303,0.5896685719490051
coco-rem,000000579463,0.6644720435142517
coco-rem,000000579548,0.6012630462646484
coco-rem,000000579909,0.45968976616859436
coco-rem,000000580975,0.6791020631790161
coco-rem,000000581766,0.7030747532844543
