dataset,image_id,level,count
coco-rem,000000000761,5,18
coco-rem,000000001591,4,9
coco-rem,000000001756,5,92
coco-rem,000000001903,1,2
coco-rem,000000002179,4,11
coco-rem,000000002283,5,17
coco-rem,000000002608,5,61
coco-rem,000000002764,3,7
coco-rem,000000003389,1,2
coco-rem,000000003729,1,3
coco-rem,000000004309,2,5
coco-rem,000000004489,4,13
coco-rem,000000004904,5,28
coco-rem,000000006101,5,24
coco-rem,000000006263,3,7
coco-rem,000000006409,1,2
coco-rem,000000006426,2,4
coco-rem,000000006451,1,3
coco-rem,000000006753,5,100
coco-rem,000000007625,4,11
coco-rem,000000007735,4,10
coco-rem,000000007890,4,9
coco-rem,000000008006,3,6
coco-rem,000000008188,5,24
coco-rem,000000008599,4,10
coco-rem,000000009668,4,9
coco-rem,000000010711,5,22
coco-rem,000000010785,2,5
coco-rem,000000011209,5,20
coco-rem,000000011265,5,32
coco-rem,000000011320,5,17
coco-rem,000000011349,3,7
coco-rem,000000012096,1,3
coco-rem,000000012455,3,7
coco-rem,000000012497,5,41
coco-rem,000000012700,5,42
coco-rem,000000012884,1,2
coco-rem,000000013292,3,8
coco-rem,000000013355,2,5
coco-rem,000000013900,2,4
coco-rem,000000013985,5,36
coco-rem,000000014857,1,3
coco-rem,000000014941,1,3
coco-rem,000000015190,4,10
coco-rem,000000015451,5,22
coco-rem,000000015586,1,3
coco-rem,000000015826,4,10
coco-rem,000000015919,4,12
coco-rem,000000016362,5,16
coco-rem,000000016523,4,12
coco-rem,000000017966,1,1
coco-rem,000000018267,1,1
coco-rem,000000018661,3,6
coco-rem,000000018819,2,5
coco-rem,000000019157,3,7
coco-rem,000000019375,3,8
coco-rem,000000019589,5,18
coco-rem,000000019781,1,3
coco-rem,000000020781,4,12
coco-rem,000000021674,1,2
coco-rem,000000021968,3,6
coco-rem,000000022403,3,6
coco-rem,000000022482,2,5
coco-rem,000000022593,4,9
coco-rem,000000022741,5,27
coco-rem,000000023035,1,1
coco-rem,000000024264,1,2
coco-rem,000000024368,4,12
coco-rem,000000024923,1,2
coco-rem,000000025123,1,2
coco-rem,000000025758,2,5
coco-rem,000000026436,2,4
coco-rem,000000026512,1,3
coco-rem,000000026654,1,2
coco-rem,000000026833,5,16
coco-rem,000000027343,3,6
coco-rem,000000027412,5,16
coco-rem,000000027539,4,9
coco-rem,000000027642,5,21
coco-rem,000000027710,5,50
coco-rem,000000027776,3,6
coco-rem,000000028010,3,8
coco-rem,000000028588,3,8
coco-rem,000000028698,3,7
coco-rem,000000028806,3,8
coco-rem,000000029593,2,5
coco-rem,000000030113,3,8
coco-rem,000000030210,3,7
coco-rem,000000030548,1,2
coco-rem,000000030852,2,4
coco-rem,000000031653,1,2
coco-rem,000000032044,3,7
coco-rem,000000033172,5,24
coco-rem,000000033476,3,7
coco-rem,000000034097,5,18
coco-rem,000000034475,5,27
coco-rem,000000035004,5,21
coco-rem,000000035696,5,16
coco-rem,000000035725,5,19
coco-rem,000000036433,3,8
coco-rem,000000037401,4,9
coco-rem,000000037527,5,99
coco-rem,000000037638,5,117
coco-rem,000000037717,3,8
coco-rem,000000038053,2,4
coco-rem,000000039399,2,4
coco-rem,000000040407,5,25
coco-rem,000000040874,5,24
coco-rem,000000041913,5,21
coco-rem,000000042044,4,10
coco-rem,000000042069,4,11
coco-rem,000000042204,5,27
coco-rem,000000042526,3,6
coco-rem,000000043226,4,9
coco-rem,000000043393,5,79
coco-rem,000000043611,1,2
coco-rem,000000043933,2,4
coco-rem,000000044178,4,11
coco-rem,000000044488,5,32
coco-rem,000000044500,4,11
coco-rem,000000044523,1,1
coco-rem,000000045479,4,10
coco-rem,000000045840,2,5
coco-rem,000000046085,3,7
coco-rem,000000046809,2,4
coco-rem,000000047898,5,17
coco-rem,000000047952,3,8
coco-rem,000000048719,4,9
coco-rem,000000049095,4,13
coco-rem,000000049175,1,3
coco-rem,000000049369,1,2
coco-rem,000000049819,1,3
coco-rem,000000050025,3,7
coco-rem,000000050204,4,13
coco-rem,000000050960,4,11
coco-rem,000000052086,3,7
coco-rem,000000052461,2,5
coco-rem,000000052827,2,5
coco-rem,000000053361,4,12
coco-rem,000000053587,5,18
coco-rem,000000054335,1,3
coco-rem,000000054532,4,10
coco-rem,000000055873,5,29
coco-rem,000000056193,2,4
coco-rem,000000057892,2,4
coco-rem,000000058102,3,8
coco-rem,000000058232,5,27
coco-rem,000000059252,5,22
coco-rem,000000059584,2,4
coco-rem,000000061409,4,10
coco-rem,000000061660,1,3
coco-rem,000000061831,2,4
coco-rem,000000061899,5,40
coco-rem,000000061945,2,4
coco-rem,000000061951,5,18
coco-rem,000000062017,1,1
coco-rem,000000062543,4,12
coco-rem,000000063140,1,3
coco-rem,000000063676,4,9
coco-rem,000000064342,4,12
coco-rem,000000065353,3,6
coco-rem,000000065518,5,18
coco-rem,000000065900,5,19
coco-rem,000000065955,5,19
coco-rem,000000066520,3,8
coco-rem,000000067207,4,12
coco-rem,000000067558,1,3
coco-rem,000000067577,2,5
coco-rem,000000067776,1,2
coco-rem,000000068003,4,11
coco-rem,000000068235,4,13
coco-rem,000000068381,1,3
coco-rem,000000068866,5,20
coco-rem,000000069311,4,10
coco-rem,000000069587,3,7
coco-rem,000000069978,3,8
coco-rem,000000070288,3,6
coco-rem,000000070336,2,5
coco-rem,000000070724,1,3
coco-rem,000000070829,1,3
coco-rem,000000070863,2,5
coco-rem,000000071214,2,4
coco-rem,000000072018,2,4
coco-rem,000000073016,3,8
coco-rem,000000073626,5,187
coco-rem,000000073634,2,5
coco-rem,000000074060,1,3
coco-rem,000000074127,5,19
coco-rem,000000074407,5,26
coco-rem,000000074901,5,60
coco-rem,000000075270,4,13
coco-rem,000000075522,1,1
coco-rem,000000075630,3,6
coco-rem,000000075932,2,4
coco-rem,000000075982,3,6
coco-rem,000000076001,1,2
coco-rem,000000079992,4,12
coco-rem,000000080044,4,9
coco-rem,000000080892,3,8
coco-rem,000000081200,5,21
coco-rem,000000081315,3,6
coco-rem,000000081826,3,6
coco-rem,000000082275,4,10
coco-rem,000000082787,3,8
coco-rem,000000082957,5,15
coco-rem,000000083045,1,3
coco-rem,000000083507,1,1
coco-rem,000000083716,3,6
coco-rem,000000084454,5,52
coco-rem,000000084840,2,4
coco-rem,000000084881,1,1
coco-rem,000000084996,4,13
coco-rem,000000085187,5,20
coco-rem,000000085802,3,6
coco-rem,000000085956,4,11
coco-rem,000000086139,1,2
coco-rem,000000086292,5,65
coco-rem,000000087105,3,7
coco-rem,000000087249,5,30
coco-rem,000000087509,4,11
coco-rem,000000088162,5,21
coco-rem,000000088540,5,25
coco-rem,000000089725,5,81
coco-rem,000000090255,3,7
coco-rem,000000090343,2,5
coco-rem,000000091366,1,2
coco-rem,000000091948,5,19
coco-rem,000000091969,4,10
coco-rem,000000092219,2,4
coco-rem,000000092464,4,10
coco-rem,000000092847,5,18
coco-rem,000000093604,5,21
coco-rem,000000094103,5,16
coco-rem,000000094920,5,21
coco-rem,000000095422,5,25
coco-rem,000000096070,1,2
coco-rem,000000096582,4,9
coco-rem,000000097021,2,5
coco-rem,000000097270,1,2
coco-rem,000000097365,3,8
coco-rem,000000097696,2,5
coco-rem,000000097873,2,5
coco-rem,000000097951,4,12
coco-rem,000000098904,4,10
coco-rem,000000099389,1,2
coco-rem,000000099443,2,4
coco-rem,000000100519,5,24
coco-rem,000000100560,2,4
coco-rem,000000100827,5,48
coco-rem,000000100959,3,8
coco-rem,000000101573,3,6
coco-rem,000000102037,5,60
coco-rem,000000102056,4,9
coco-rem,000000102330,2,4
coco-rem,000000102634,1,2
coco-rem,000000103697,1,2
coco-rem,000000103746,5,14
coco-rem,000000103804,4,11
coco-rem,000000103877,1,2
coco-rem,000000104211,2,4
coco-rem,000000104337,4,12
coco-rem,000000104594,2,4
coco-rem,000000104756,5,16
coco-rem,000000105027,1,3
coco-rem,000000105468,1,3
coco-rem,000000105768,5,56
coco-rem,000000106043,4,9
coco-rem,000000106199,4,9
coco-rem,000000106287,2,4
coco-rem,000000106813,5,32
coco-rem,000000106895,1,2
coco-rem,000000107216,1,1
coco-rem,000000107516,5,18
coco-rem,000000107519,3,7
coco-rem,000000107797,5,16
coco-rem,000000108392,5,141
coco-rem,000000108557,5,26
coco-rem,000000108701,5,30
coco-rem,000000108803,5,16
coco-rem,000000108862,1,2
coco-rem,000000109558,1,2
coco-rem,000000110642,3,7
coco-rem,000000110759,1,1
coco-rem,000000110794,5,32
coco-rem,000000111180,1,1
coco-rem,000000111245,4,9
coco-rem,000000111591,5,197
coco-rem,000000111824,1,1
coco-rem,000000113556,5,170
coco-rem,000000113898,4,10
coco-rem,000000113985,5,40
coco-rem,000000114173,2,5
coco-rem,000000115973,1,3
coco-rem,000000116031,1,2
coco-rem,000000116155,5,33
coco-rem,000000116601,1,2
coco-rem,000000116872,3,7
coco-rem,000000117644,5,28
coco-rem,000000118277,1,1
coco-rem,000000118330,5,31
coco-rem,000000118436,5,18
coco-rem,000000118471,2,5
coco-rem,000000118477,4,9
coco-rem,000000118748,1,1
coco-rem,000000118775,1,1
coco-rem,000000119414,2,5
coco-rem,000000119787,4,9
coco-rem,000000120285,5,20
coco-rem,000000120380,3,7
coco-rem,000000120509,1,2
coco-rem,000000120524,2,4
coco-rem,000000121112,3,8
coco-rem,000000121349,4,9
coco-rem,000000121420,1,2
coco-rem,000000121690,1,1
coco-rem,000000121693,2,4
coco-rem,000000121718,5,46
coco-rem,000000122302,5,42
coco-rem,000000122357,3,6
coco-rem,000000122537,2,4
coco-rem,000000123330,2,5
coco-rem,000000123901,4,12
coco-rem,000000124002,1,3
coco-rem,000000124390,1,2
coco-rem,000000124627,5,30
coco-rem,000000124924,2,4
coco-rem,000000126229,5,34
coco-rem,000000126230,5,17
coco-rem,000000127153,4,11
coco-rem,000000127235,4,10
coco-rem,000000127259,5,18
coco-rem,000000127558,5,14
coco-rem,000000127945,2,4
coco-rem,000000128553,4,10
coco-rem,000000129334,4,11
coco-rem,000000129699,2,4
coco-rem,000000130538,3,7
coco-rem,000000131084,4,12
coco-rem,000000131364,5,48
coco-rem,000000131427,2,5
coco-rem,000000131494,3,6
coco-rem,000000131825,4,10
coco-rem,000000131902,5,18
coco-rem,000000132067,3,8
coco-rem,000000132212,1,3
coco-rem,000000132612,3,6
coco-rem,000000132621,3,7
coco-rem,000000133237,1,2
coco-rem,000000133486,5,16
coco-rem,000000133609,2,4
coco-rem,000000134697,1,2
coco-rem,000000135797,5,14
coco-rem,000000136415,5,26
coco-rem,000000136493,1,3
coco-rem,000000136683,5,27
coco-rem,000000137301,5,14
coco-rem,000000137666,5,18
coco-rem,000000140352,4,13
coco-rem,000000140473,1,2
coco-rem,000000140507,1,3
coco-rem,000000141587,5,16
coco-rem,000000141862,2,4
coco-rem,000000142680,1,3
coco-rem,000000143054,1,2
coco-rem,000000143445,5,22
coco-rem,000000143578,2,4
coco-rem,000000143929,5,14
coco-rem,000000144372,4,9
coco-rem,000000144935,5,43
coco-rem,000000144983,1,2
coco-rem,000000145163,4,11
coco-rem,000000145211,5,15
coco-rem,000000145488,3,6
coco-rem,000000145699,1,2
coco-rem,000000147591,5,61
coco-rem,000000147753,5,20
coco-rem,000000148409,3,6
coco-rem,000000149123,2,4
coco-rem,000000149364,3,6
coco-rem,000000149566,3,6
coco-rem,000000150212,1,1
coco-rem,000000150372,2,5
coco-rem,000000150444,5,25
coco-rem,000000150717,3,7
coco-rem,000000151375,3,8
coco-rem,000000151492,2,4
coco-rem,000000151577,5,18
coco-rem,000000151892,4,11
coco-rem,000000152633,2,5
coco-rem,000000153136,1,2
coco-rem,000000153734,5,33
coco-rem,000000154301,5,20
coco-rem,000000154713,3,6
coco-rem,000000154727,2,4
coco-rem,000000155270,5,42
coco-rem,000000155285,3,6
coco-rem,000000155386,2,4
coco-rem,000000155496,4,10
coco-rem,000000155861,4,13
coco-rem,000000156100,2,5
coco-rem,000000156284,1,3
coco-rem,000000157519,3,6
coco-rem,000000157804,5,22
coco-rem,000000157938,2,5
coco-rem,000000157960,4,12
coco-rem,000000158718,4,13
coco-rem,000000158887,5,15
coco-rem,000000158922,3,7
coco-rem,000000159582,4,10
coco-rem,000000160101,4,10
coco-rem,000000160139,1,1
coco-rem,000000160815,5,23
coco-rem,000000160866,5,14
coco-rem,000000160967,5,24
coco-rem,000000161060,4,11
coco-rem,000000161543,1,2
coco-rem,000000161603,4,13
coco-rem,000000161738,5,140
coco-rem,000000161897,4,11
coco-rem,000000162887,3,7
coco-rem,000000163138,5,16
coco-rem,000000163759,1,2
coco-rem,000000163985,2,4
coco-rem,000000164224,4,11
coco-rem,000000164330,5,23
coco-rem,000000164499,4,10
coco-rem,000000165455,4,10
coco-rem,000000165550,1,3
coco-rem,000000165750,3,8
coco-rem,000000165936,4,13
coco-rem,000000166828,3,7
coco-rem,000000169228,2,4
coco-rem,000000169634,1,2
coco-rem,000000169885,3,8
coco-rem,000000170000,3,8
coco-rem,000000170513,5,24
coco-rem,000000170601,1,3
coco-rem,000000171453,5,16
coco-rem,000000171536,5,24
coco-rem,000000172439,5,76
coco-rem,000000172492,2,5
coco-rem,000000172886,4,12
coco-rem,000000172989,1,3
coco-rem,000000173229,1,2
coco-rem,000000173447,2,5
coco-rem,000000175334,1,2
coco-rem,000000175437,4,12
coco-rem,000000175513,2,4
coco-rem,000000175830,4,13
coco-rem,000000176298,3,8
coco-rem,000000177323,1,2
coco-rem,000000178258,5,53
coco-rem,000000178566,5,26
coco-rem,000000178901,5,42
coco-rem,000000179011,1,3
coco-rem,000000179477,2,5
coco-rem,000000179571,5,17
coco-rem,000000180341,5,65
coco-rem,000000180779,3,7
coco-rem,000000180966,1,2
coco-rem,000000181084,5,27
coco-rem,000000181223,5,27
coco-rem,000000181851,5,18
coco-rem,000000181876,4,13
coco-rem,000000182401,1,1
coco-rem,000000182527,2,5
coco-rem,000000183007,2,4
coco-rem,000000183445,2,5
coco-rem,000000184161,1,1
coco-rem,000000184320,4,12
coco-rem,000000184431,4,9
coco-rem,000000184889,4,9
coco-rem,000000185002,4,11
coco-rem,000000185025,4,10
coco-rem,000000185041,4,12
coco-rem,000000185091,1,1
coco-rem,000000185229,4,12
coco-rem,000000185555,5,16
coco-rem,000000186844,1,2
coco-rem,000000186968,3,8
coco-rem,000000187181,5,30
coco-rem,000000187286,4,10
coco-rem,000000187822,5,38
coco-rem,000000188068,1,1
coco-rem,000000188532,5,15
coco-rem,000000189129,3,8
coco-rem,000000190277,4,11
coco-rem,000000190537,1,1
coco-rem,000000190700,1,2
coco-rem,000000190722,4,9
coco-rem,000000191225,5,18
coco-rem,000000191280,5,27
coco-rem,000000191283,4,9
coco-rem,000000191327,3,6
coco-rem,000000191690,5,18
coco-rem,000000191716,3,8
coco-rem,000000193255,1,2
coco-rem,000000193444,1,2
coco-rem,000000193972,2,5
coco-rem,000000194774,5,15
coco-rem,000000194921,1,3
coco-rem,000000197616,2,5
coco-rem,000000198312,5,31
coco-rem,000000198508,5,60
coco-rem,000000198557,3,8
coco-rem,000000198596,5,28
coco-rem,000000198724,1,2
coco-rem,000000198978,4,12
coco-rem,000000199688,5,23
coco-rem,000000200735,5,15
coco-rem,000000201375,1,2
coco-rem,000000202131,4,13
coco-rem,000000202372,5,45
coco-rem,000000202582,4,12
coco-rem,000000202842,3,8
coco-rem,000000202918,2,4
coco-rem,000000202990,5,18
coco-rem,000000203481,4,10
coco-rem,000000205344,5,20
coco-rem,000000205967,5,16
coco-rem,000000206068,5,38
coco-rem,000000206800,1,2
coco-rem,000000207264,4,13
coco-rem,000000207740,3,7
coco-rem,000000207763,5,20
coco-rem,000000207805,3,8
coco-rem,000000207995,1,3
coco-rem,000000208144,2,4
coco-rem,000000208288,5,48
coco-rem,000000209133,1,2
coco-rem,000000209286,1,1
coco-rem,000000209292,3,8
coco-rem,000000209428,1,3
coco-rem,000000209574,5,30
coco-rem,000000209904,5,36
coco-rem,000000210322,3,7
coco-rem,000000210549,1,3
coco-rem,000000210845,5,68
coco-rem,000000210997,2,5
coco-rem,000000211158,1,3
coco-rem,000000211172,3,7
coco-rem,000000211186,5,20
coco-rem,000000211217,5,120
coco-rem,000000211593,5,26
coco-rem,000000211722,1,3
coco-rem,000000212733,1,2
coco-rem,000000212757,5,15
coco-rem,000000213268,5,17
coco-rem,000000213694,1,2
coco-rem,000000214742,2,4
coco-rem,000000214834,4,11
coco-rem,000000215092,5,20
coco-rem,000000215196,1,2
coco-rem,000000215215,1,1
coco-rem,000000215376,4,9
coco-rem,000000215407,5,19
coco-rem,000000216364,3,6
coco-rem,000000217054,1,2
coco-rem,000000217303,4,10
coco-rem,000000217487,5,48
coco-rem,000000217938,5,15
coco-rem,000000218762,1,2
coco-rem,000000219179,2,4
coco-rem,000000220187,4,10
coco-rem,000000221044,5,15
coco-rem,000000221317,3,7
coco-rem,000000221536,2,4
coco-rem,000000222753,5,16
coco-rem,000000223020,5,38
coco-rem,000000223481,4,10
coco-rem,000000223992,5,20
coco-rem,000000224595,4,10
coco-rem,000000225281,4,11
coco-rem,000000225490,2,5
coco-rem,000000225989,5,42
coco-rem,000000226136,1,3
coco-rem,000000226324,1,2
coco-rem,000000226494,1,1
coco-rem,000000227134,1,1
coco-rem,000000227422,1,2
coco-rem,000000227734,5,30
coco-rem,000000228261,5,50
coco-rem,000000228463,2,4
coco-rem,000000228681,5,16
coco-rem,000000229529,1,2
coco-rem,000000229539,4,12
coco-rem,000000230057,2,4
coco-rem,000000230548,1,3
coco-rem,000000230554,5,41
coco-rem,000000230991,4,12
coco-rem,000000231267,3,6
coco-rem,000000231362,1,1
coco-rem,000000231460,5,18
coco-rem,000000231466,2,4
coco-rem,000000232001,4,11
coco-rem,000000232279,5,23
coco-rem,000000232819,1,3
coco-rem,000000233365,3,6
coco-rem,000000233994,5,22
coco-rem,000000234091,4,9
coco-rem,000000234728,4,10
coco-rem,000000235547,1,3
coco-rem,000000235683,5,86
coco-rem,000000236176,5,50
coco-rem,000000236282,5,35
coco-rem,000000236630,2,5
coco-rem,000000237203,1,2
coco-rem,000000237372,2,5
coco-rem,000000237632,4,13
coco-rem,000000238448,2,5
coco-rem,000000238858,5,20
coco-rem,000000239458,1,1
coco-rem,000000240243,1,3
coco-rem,000000240586,2,4
coco-rem,000000240952,5,16
coco-rem,000000241390,3,6
coco-rem,000000241402,5,19
coco-rem,000000241836,2,4
coco-rem,000000241916,1,1
coco-rem,000000242745,3,8
coco-rem,000000242828,1,2
coco-rem,000000243153,5,16
coco-rem,000000243171,1,3
coco-rem,000000244283,5,16
coco-rem,000000244317,1,3
coco-rem,000000244844,5,53
coco-rem,000000245505,1,3
coco-rem,000000246007,3,6
coco-rem,000000246014,5,100
coco-rem,000000246342,5,15
coco-rem,000000246540,3,7
coco-rem,000000246656,1,2
coco-rem,000000246815,5,37
coco-rem,000000247909,3,8
coco-rem,000000247945,5,47
coco-rem,000000248167,5,24
coco-rem,000000248771,4,9
coco-rem,000000249226,5,34
coco-rem,000000249273,2,4
coco-rem,000000250194,5,26
coco-rem,000000250578,3,6
coco-rem,000000250790,4,11
coco-rem,000000250877,5,21
coco-rem,000000251232,1,1
coco-rem,000000251242,5,18
coco-rem,000000252608,5,14
coco-rem,000000253095,5,22
coco-rem,000000253170,3,6
coco-rem,000000253212,5,15
coco-rem,000000253474,5,55
coco-rem,000000253693,2,5
coco-rem,000000255093,5,55
coco-rem,000000255665,4,10
coco-rem,000000255741,1,3
coco-rem,000000256031,1,2
coco-rem,000000256101,1,2
coco-rem,000000256284,2,4
coco-rem,000000256550,1,3
coco-rem,000000256648,2,5
coco-rem,000000258017,4,13
coco-rem,000000258089,3,8
coco-rem,000000258136,1,1
coco-rem,000000258327,5,17
coco-rem,000000258676,2,4
coco-rem,000000258792,2,4
coco-rem,000000258837,5,24
coco-rem,000000259491,2,4
coco-rem,000000259884,5,15
coco-rem,000000260129,4,11
coco-rem,000000260230,5,40
coco-rem,000000261026,5,20
coco-rem,000000261585,5,23
coco-rem,000000262359,5,35
coco-rem,000000263008,4,9
coco-rem,000000263668,4,11
coco-rem,000000264502,1,3
coco-rem,000000264619,3,7
coco-rem,000000264930,2,5
coco-rem,000000264962,2,4
coco-rem,000000265253,5,17
coco-rem,000000265677,5,50
coco-rem,000000266442,1,2
coco-rem,000000266518,1,2
coco-rem,000000266533,4,13
coco-rem,000000267152,5,17
coco-rem,000000267284,5,21
coco-rem,000000267691,5,16
coco-rem,000000268579,1,2
coco-rem,000000268739,5,18
coco-rem,000000268927,2,4
coco-rem,000000269033,1,3
coco-rem,000000269168,1,3
coco-rem,000000269306,4,9
coco-rem,000000269325,2,4
coco-rem,000000269346,5,100
coco-rem,000000269843,5,14
coco-rem,000000270330,1,2
coco-rem,000000270586,3,7
coco-rem,000000271310,5,41
coco-rem,000000271364,1,2
coco-rem,000000271461,5,15
coco-rem,000000271490,4,10
coco-rem,000000271495,5,21
coco-rem,000000271897,4,12
coco-rem,000000271943,1,1
coco-rem,000000272487,1,1
coco-rem,000000273600,1,2
coco-rem,000000273808,5,48
coco-rem,000000274753,4,12
coco-rem,000000275450,4,11
coco-rem,000000275631,4,12
coco-rem,000000275657,4,10
coco-rem,000000275930,4,12
coco-rem,000000276169,1,2
coco-rem,000000277089,5,20
coco-rem,000000279373,5,16
coco-rem,000000280087,1,2
coco-rem,000000280814,5,44
coco-rem,000000281210,1,1
coco-rem,000000281431,2,5
coco-rem,000000281679,5,31
coco-rem,000000283874,5,46
coco-rem,000000284324,1,1
coco-rem,000000284333,1,1
coco-rem,000000284366,1,3
coco-rem,000000284386,1,2
coco-rem,000000285457,1,3
coco-rem,000000285603,5,35
coco-rem,000000286348,1,2
coco-rem,000000286450,3,6
coco-rem,000000286760,4,12
coco-rem,000000287228,1,1
coco-rem,000000287235,2,5
coco-rem,000000288114,2,5
coco-rem,000000288219,1,3
coco-rem,000000288724,4,12
coco-rem,000000288906,5,50
coco-rem,000000289245,5,15
coco-rem,000000289510,5,52
coco-rem,000000290282,4,10
coco-rem,000000290379,5,18
coco-rem,000000290400,1,1
coco-rem,000000291788,1,1
coco-rem,000000291898,4,10
coco-rem,000000292227,1,2
coco-rem,000000292257,4,10
coco-rem,000000292901,1,2
coco-rem,000000293072,4,12
coco-rem,000000293165,5,21
coco-rem,000000293946,1,2
coco-rem,000000294943,4,12
coco-rem,000000295269,5,24
coco-rem,000000295334,4,12
coco-rem,000000295655,4,13
coco-rem,000000295823,5,14
coco-rem,000000297175,1,3
coco-rem,000000297220,3,6
coco-rem,000000297273,5,74
coco-rem,000000297370,4,12
coco-rem,000000298004,1,3
coco-rem,000000298067,4,9
coco-rem,000000298225,1,3
coco-rem,000000298405,4,9
coco-rem,000000298540,5,17
coco-rem,000000298657,3,8
coco-rem,000000299764,3,7
coco-rem,000000300501,4,10
coco-rem,000000300782,3,6
coco-rem,000000300786,5,85
coco-rem,000000301110,5,36
coco-rem,000000301950,3,6
coco-rem,000000301965,5,15
coco-rem,000000301977,5,113
coco-rem,000000302489,5,31
coco-rem,000000303520,5,21
coco-rem,000000304523,4,12
coco-rem,000000304530,5,30
coco-rem,000000304789,4,13
coco-rem,000000305093,3,8
coco-rem,000000305501,3,7
coco-rem,000000306178,3,7
coco-rem,000000306947,1,2
coco-rem,000000307272,4,11
coco-rem,000000307583,1,1
coco-rem,000000307757,3,8
coco-rem,000000310390,4,9
coco-rem,000000310538,5,52
coco-rem,000000310553,2,5
coco-rem,000000310633,3,7
coco-rem,000000310772,4,12
coco-rem,000000310906,4,9
coco-rem,000000313465,5,16
coco-rem,000000313872,1,2
coco-rem,000000314082,2,5
coco-rem,000000314188,1,3
coco-rem,000000314693,1,2
coco-rem,000000315062,4,10
coco-rem,000000315487,1,3
coco-rem,000000315868,1,3
coco-rem,000000317130,2,5
coco-rem,000000317595,4,13
coco-rem,000000317935,1,2
coco-rem,000000318200,5,32
coco-rem,000000318240,3,7
coco-rem,000000318386,2,4
coco-rem,000000318637,5,16
coco-rem,000000319031,3,7
coco-rem,000000319142,1,2
coco-rem,000000319494,1,3
coco-rem,000000319591,3,7
coco-rem,000000319690,4,13
coco-rem,000000320137,5,19
coco-rem,000000320374,4,10
coco-rem,000000321935,3,8
coco-rem,000000322094,2,5
coco-rem,000000322222,2,4
coco-rem,000000323599,2,4
coco-rem,000000323827,5,57
coco-rem,000000324052,5,100
coco-rem,000000324497,1,3
coco-rem,000000324962,1,3
coco-rem,000000325220,5,58
coco-rem,000000325328,3,7
coco-rem,000000325371,1,3
coco-rem,000000325836,5,24
coco-rem,000000326408,5,23
coco-rem,000000326531,3,8
coco-rem,000000326700,2,5
coco-rem,000000326811,1,2
coco-rem,000000327368,2,4
coco-rem,000000327532,3,8
coco-rem,000000328066,3,6
coco-rem,000000328346,4,10
coco-rem,000000328412,4,10
coco-rem,000000329097,1,3
coco-rem,000000329304,2,5
coco-rem,000000329343,5,37
coco-rem,000000329613,5,14
coco-rem,000000329752,4,10
coco-rem,000000330140,4,12
coco-rem,000000330701,1,3
coco-rem,000000331162,5,32
coco-rem,000000331395,5,20
coco-rem,000000332420,4,9
coco-rem,000000332943,1,2
coco-rem,000000333124,1,1
coco-rem,000000333654,5,200
coco-rem,000000334752,4,13
coco-rem,000000334840,4,10
coco-rem,000000334916,5,24
coco-rem,000000335874,1,1
coco-rem,000000335940,2,5
coco-rem,000000336167,5,23
coco-rem,000000337146,5,48
coco-rem,000000338018,3,6
coco-rem,000000338086,4,13
coco-rem,000000338121,2,4
coco-rem,000000338156,1,1
coco-rem,000000338972,1,2
coco-rem,000000338980,1,1
coco-rem,000000339105,2,4
coco-rem,000000339536,5,38
coco-rem,000000340060,5,14
coco-rem,000000340217,1,2
coco-rem,000000340488,5,20
coco-rem,000000340804,2,5
coco-rem,000000341111,1,3
coco-rem,000000341189,1,2
coco-rem,000000341232,5,32
coco-rem,000000342639,3,8
coco-rem,000000342874,4,9
coco-rem,000000342996,5,19
coco-rem,000000343349,5,40
coco-rem,000000343619,1,2
coco-rem,000000344190,1,2
coco-rem,000000344920,4,12
coco-rem,000000345880,4,12
coco-rem,000000346469,1,3
coco-rem,000000346702,1,3
coco-rem,000000346997,4,10
coco-rem,000000347292,2,5
coco-rem,000000347976,2,5
coco-rem,000000348144,1,3
coco-rem,000000348314,4,10
coco-rem,000000348371,3,8
coco-rem,000000348602,1,2
coco-rem,000000348702,5,20
coco-rem,000000349230,3,7
coco-rem,000000349344,4,10
coco-rem,000000349485,5,100
coco-rem,000000350514,4,10
coco-rem,000000351148,3,8
coco-rem,000000351268,3,7
coco-rem,000000351554,1,2
coco-rem,000000351621,1,2
coco-rem,000000351808,5,26
coco-rem,000000352091,5,27
coco-rem,000000352480,3,6
coco-rem,000000352524,2,4
coco-rem,000000352965,3,7
coco-rem,000000353981,3,7
coco-rem,000000354070,5,18
coco-rem,000000354402,1,2
coco-rem,000000354827,5,18
coco-rem,000000355214,4,9
coco-rem,000000355304,5,24
coco-rem,000000355425,5,17
coco-rem,000000355685,5,23
coco-rem,000000355737,5,31
coco-rem,000000356153,2,5
coco-rem,000000356733,2,4
coco-rem,000000357498,5,20
coco-rem,000000357805,2,4
coco-rem,000000357966,2,4
coco-rem,000000358421,2,4
coco-rem,000000358429,5,15
coco-rem,000000358795,2,5
coco-rem,000000359131,1,2
coco-rem,000000359232,5,60
coco-rem,000000359357,5,20
coco-rem,000000361030,1,2
coco-rem,000000361572,5,91
coco-rem,000000361670,5,42
coco-rem,000000362314,5,48
coco-rem,000000362373,5,29
coco-rem,000000363344,2,4
coco-rem,000000363986,5,87
coco-rem,000000364010,1,2
coco-rem,000000364079,2,4
coco-rem,000000364299,3,6
coco-rem,000000364436,4,9
coco-rem,000000364683,1,2
coco-rem,000000365131,1,3
coco-rem,000000365205,1,2
coco-rem,000000365271,3,8
coco-rem,000000365353,1,2
coco-rem,000000365444,1,3
coco-rem,000000365479,4,13
coco-rem,000000365652,3,8
coco-rem,000000366648,5,138
coco-rem,000000366651,1,2
coco-rem,000000366789,5,24
coco-rem,000000367639,1,2
coco-rem,000000368081,1,2
coco-rem,000000368541,5,30
coco-rem,000000368727,5,16
coco-rem,000000369140,2,5
coco-rem,000000369296,5,34
coco-rem,000000370121,1,2
coco-rem,000000370310,1,1
coco-rem,000000370831,5,21
coco-rem,000000371791,5,45
coco-rem,000000372464,1,2
coco-rem,000000372536,1,3
coco-rem,000000372548,4,9
coco-rem,000000372625,1,1
coco-rem,000000373648,4,13
coco-rem,000000373758,5,19
coco-rem,000000374829,5,41
coco-rem,000000375321,5,19
coco-rem,000000375425,5,36
coco-rem,000000376490,1,2
coco-rem,000000376911,2,5
coco-rem,000000377155,1,2
coco-rem,000000377432,2,4
coco-rem,000000377910,4,13
coco-rem,000000378618,3,8
coco-rem,000000378692,1,1
coco-rem,000000378872,1,3
coco-rem,000000379067,4,12
coco-rem,000000379188,2,5
coco-rem,000000379630,5,23
coco-rem,000000379672,4,9
coco-rem,000000379760,1,2
coco-rem,000000380122,1,3
coco-rem,000000380271,4,13
coco-rem,000000380828,5,47
coco-rem,000000381334,4,13
coco-rem,000000382101,3,6
coco-rem,000000382345,5,16
coco-rem,000000382563,2,5
coco-rem,000000382715,5,25
coco-rem,000000382729,1,3
coco-rem,000000383210,3,6
coco-rem,000000383389,3,6
coco-rem,000000383972,3,8
coco-rem,000000384422,2,5
coco-rem,000000384641,4,11
coco-rem,000000384967,5,44
coco-rem,000000384998,5,26
coco-rem,000000385098,5,50
coco-rem,000000385272,4,9
coco-rem,000000385577,3,6
coco-rem,000000385705,1,3
coco-rem,000000385770,4,9
coco-rem,000000386371,4,10
coco-rem,000000386589,1,2
coco-rem,000000386945,1,3
coco-rem,000000387421,5,14
coco-rem,000000388880,1,1
coco-rem,000000389036,1,2
coco-rem,000000389159,4,11
coco-rem,000000390179,1,3
coco-rem,000000390183,1,3
coco-rem,000000390782,3,8
coco-rem,000000392099,3,6
coco-rem,000000392320,5,50
coco-rem,000000392753,2,4
coco-rem,000000392871,3,6
coco-rem,000000392985,1,3
coco-rem,000000393317,5,16
coco-rem,000000393493,3,6
coco-rem,000000393617,4,10
coco-rem,000000393735,1,2
coco-rem,000000393887,1,2
coco-rem,000000395321,2,5
coco-rem,000000395527,5,16
coco-rem,000000395749,2,5
coco-rem,000000396420,5,23
coco-rem,000000396481,1,2
coco-rem,000000396661,5,91
coco-rem,000000396862,5,14
coco-rem,000000397241,1,2
coco-rem,000000397365,3,6
coco-rem,000000397685,1,3
coco-rem,000000398209,3,8
coco-rem,000000398419,4,10
coco-rem,000000398463,1,2
coco-rem,000000399288,4,11
coco-rem,000000399540,5,14
coco-rem,000000400567,5,21
coco-rem,000000400596,4,11
coco-rem,000000400975,1,1
coco-rem,000000401251,1,2
coco-rem,000000401398,1,3
coco-rem,000000401416,2,4
coco-rem,000000401499,2,5
coco-rem,000000401785,5,100
coco-rem,000000402378,1,2
coco-rem,000000402420,4,13
coco-rem,000000402671,2,5
coco-rem,000000402759,5,36
coco-rem,000000402806,1,2
coco-rem,000000402855,3,6
coco-rem,000000403143,2,4
coco-rem,000000403150,3,6
coco-rem,000000403830,3,6
coco-rem,000000403853,1,2
coco-rem,000000404222,1,2
coco-rem,000000404271,3,8
coco-rem,000000404471,1,2
coco-rem,000000404579,5,14
coco-rem,000000404929,1,1
coco-rem,000000405271,3,7
coco-rem,000000405605,4,13
coco-rem,000000406908,3,6
coco-rem,000000407990,1,1
coco-rem,000000409239,2,4
coco-rem,000000409364,4,12
coco-rem,000000409707,2,4
coco-rem,000000409956,5,23
coco-rem,000000410373,3,8
coco-rem,000000410590,5,20
coco-rem,000000411343,2,4
coco-rem,000000412510,1,3
coco-rem,000000412914,1,3
coco-rem,000000413600,4,12
coco-rem,000000413626,5,34
coco-rem,000000413970,5,21
coco-rem,000000415856,2,5
coco-rem,000000416048,3,6
coco-rem,000000416188,3,7
coco-rem,000000416202,2,4
coco-rem,000000416705,4,9
coco-rem,000000417219,4,9
coco-rem,000000417440,1,3
coco-rem,000000417766,4,12
coco-rem,000000418297,1,2
coco-rem,000000418653,2,5
coco-rem,000000418692,4,13
coco-rem,000000419216,5,37
coco-rem,000000419483,5,77
coco-rem,000000419767,5,15
coco-rem,000000419819,1,3
coco-rem,000000420411,1,2
coco-rem,000000420490,5,15
coco-rem,000000421360,5,23
coco-rem,000000421889,3,8
coco-rem,000000422279,4,9
coco-rem,000000423161,5,34
coco-rem,000000423165,4,12
coco-rem,000000423534,3,6
coco-rem,000000423717,1,3
coco-rem,000000424370,1,1
coco-rem,000000424544,3,8
coco-rem,000000424554,1,1
coco-rem,000000424637,5,16
coco-rem,000000424989,2,4
coco-rem,000000425000,4,9
coco-rem,000000426064,2,4
coco-rem,000000426128,3,8
coco-rem,000000426252,4,12
coco-rem,000000426377,5,60
coco-rem,000000426551,4,13
coco-rem,000000426975,5,22
coco-rem,000000427232,5,68
coco-rem,000000427382,3,7
coco-rem,000000427449,3,6
coco-rem,000000427802,5,46
coco-rem,000000427958,3,6
coco-rem,000000428079,2,4
coco-rem,000000428152,5,20
coco-rem,000000428263,5,15
coco-rem,000000428391,5,14
coco-rem,000000428440,4,9
coco-rem,000000428786,1,1
coco-rem,000000429741,5,30
coco-rem,000000429990,3,7
coco-rem,000000430281,3,6
coco-rem,000000430319,2,4
coco-rem,000000430489,2,5
coco-rem,000000430583,1,3
coco-rem,000000430660,5,34
coco-rem,000000431660,5,17
coco-rem,000000431853,5,30
coco-rem,000000432120,1,2
coco-rem,000000432417,4,13
coco-rem,000000432569,1,3
coco-rem,000000432615,1,2
coco-rem,000000432796,5,15
coco-rem,000000432997,5,33
coco-rem,000000433446,4,11
coco-rem,000000433968,2,4
coco-rem,000000434326,1,3
coco-rem,000000435076,5,66
coco-rem,000000435377,5,19
coco-rem,000000435750,1,3
coco-rem,000000435764,4,11
coco-rem,000000436511,4,10
coco-rem,000000436571,2,5
coco-rem,000000436605,2,4
coco-rem,000000436611,1,1
coco-rem,000000437209,2,5
coco-rem,000000437892,4,9
coco-rem,000000438539,2,4
coco-rem,000000438617,1,3
coco-rem,000000439288,1,2
coco-rem,000000439486,1,2
coco-rem,000000439837,5,18
coco-rem,000000439874,1,2
coco-rem,000000440329,5,29
coco-rem,000000440387,5,15
coco-rem,000000440891,5,29
coco-rem,000000441473,5,15
coco-rem,000000441824,1,3
coco-rem,000000442232,4,9
coco-rem,000000442811,4,13
coco-rem,000000443635,5,53
coco-rem,000000443964,2,4
coco-rem,000000445087,2,5
coco-rem,000000445745,3,7
coco-rem,000000446354,5,41
coco-rem,000000446500,4,10
coco-rem,000000446670,4,9
coco-rem,000000447224,3,6
coco-rem,000000447448,5,26
coco-rem,000000447983,1,2
coco-rem,000000448759,3,7
coco-rem,000000448826,5,33
coco-rem,000000448944,3,7
coco-rem,000000449598,3,6
coco-rem,000000449712,5,21
coco-rem,000000450107,2,5
coco-rem,000000450543,1,2
coco-rem,000000450724,1,3
coco-rem,000000450800,4,12
coco-rem,000000452783,1,3
coco-rem,000000453352,1,3
coco-rem,000000454867,4,11
coco-rem,000000455363,1,2
coco-rem,000000455481,5,14
coco-rem,000000455548,3,7
coco-rem,000000456833,4,9
coco-rem,000000457168,5,29
coco-rem,000000458156,1,1
coco-rem,000000458361,3,6
coco-rem,000000458401,4,10
coco-rem,000000458611,4,9
coco-rem,000000458802,3,6
coco-rem,000000458870,1,1
coco-rem,000000458935,5,19
coco-rem,000000459537,1,2
coco-rem,000000459566,1,2
coco-rem,000000459585,1,2
coco-rem,000000460038,1,1
coco-rem,000000460370,5,14
coco-rem,000000460496,4,10
coco-rem,000000460858,1,2
coco-rem,000000461365,3,6
coco-rem,000000462565,5,19
coco-rem,000000463452,3,6
coco-rem,000000463581,2,4
coco-rem,000000464296,3,7
coco-rem,000000464602,2,5
coco-rem,000000466197,3,6
coco-rem,000000466599,5,17
coco-rem,000000466665,4,12
coco-rem,000000467145,5,39
coco-rem,000000467432,5,14
coco-rem,000000467686,3,6
coco-rem,000000467939,4,10
coco-rem,000000468346,4,13
coco-rem,000000469195,1,2
coco-rem,000000469300,5,22
coco-rem,000000469896,2,4
coco-rem,000000470004,5,15
coco-rem,000000470112,4,10
coco-rem,000000470442,3,6
coco-rem,000000470516,1,3
coco-rem,000000470770,5,16
coco-rem,000000471039,4,13
coco-rem,000000471330,3,6
coco-rem,000000471895,4,10
coco-rem,000000472054,5,30
coco-rem,000000472253,5,36
coco-rem,000000472405,5,119
coco-rem,000000472614,4,12
coco-rem,000000472630,1,3
coco-rem,000000472690,5,20
coco-rem,000000474031,5,22
coco-rem,000000474953,3,6
coco-rem,000000475403,5,42
coco-rem,000000475621,4,13
coco-rem,000000475808,5,20
coco-rem,000000476080,5,32
coco-rem,000000477259,5,42
coco-rem,000000477622,3,6
coco-rem,000000477718,3,8
coco-rem,000000478005,5,140
coco-rem,000000478380,5,83
coco-rem,000000478805,5,19
coco-rem,000000478922,3,7
coco-rem,000000480014,5,14
coco-rem,000000480057,5,100
coco-rem,000000480576,5,18
coco-rem,000000482122,5,14
coco-rem,000000482984,4,9
coco-rem,000000483047,1,3
coco-rem,000000483611,3,6
coco-rem,000000483923,1,2
coco-rem,000000483941,1,1
coco-rem,000000484579,5,16
coco-rem,000000485142,1,2
coco-rem,000000485447,5,14
coco-rem,000000485946,2,4
coco-rem,000000486503,1,2
coco-rem,000000486513,5,25
coco-rem,000000486571,3,7
coco-rem,000000487612,5,15
coco-rem,000000487970,1,2
coco-rem,000000488731,1,2
coco-rem,000000488796,1,1
coco-rem,000000489900,5,16
coco-rem,000000490044,5,29
coco-rem,000000490244,5,14
coco-rem,000000490405,4,9
coco-rem,000000490461,5,27
coco-rem,000000491211,1,3
coco-rem,000000491384,5,116
coco-rem,000000491681,1,2
coco-rem,000000491831,5,62
coco-rem,000000491872,1,3
coco-rem,000000492183,4,12
coco-rem,000000492215,3,6
coco-rem,000000492817,1,3
coco-rem,000000493294,4,13
coco-rem,000000493707,2,4
coco-rem,000000493760,4,12
coco-rem,000000493840,2,4
coco-rem,000000495356,2,4
coco-rem,000000495692,4,9
coco-rem,000000496097,5,15
coco-rem,000000496274,2,5
coco-rem,000000496313,4,9
coco-rem,000000496339,1,2
coco-rem,000000496430,2,4
coco-rem,000000496687,2,4
coco-rem,000000497273,5,30
coco-rem,000000497873,5,21
coco-rem,000000498022,5,28
coco-rem,000000498371,2,4
coco-rem,000000498436,4,13
coco-rem,000000498915,4,12
coco-rem,000000498988,3,7
coco-rem,000000499168,1,3
coco-rem,000000499274,2,4
coco-rem,000000499627,1,2
coco-rem,000000500071,1,3
coco-rem,000000501054,1,3
coco-rem,000000502126,5,27
coco-rem,000000502197,5,22
coco-rem,000000502712,3,8
coco-rem,000000502978,2,5
coco-rem,000000503569,4,13
coco-rem,000000503860,2,4
coco-rem,000000504769,1,3
coco-rem,000000505188,4,12
coco-rem,000000505520,2,5
coco-rem,000000505919,1,3
coco-rem,000000506371,2,4
coco-rem,000000506388,1,1
coco-rem,000000507263,2,5
coco-rem,000000507871,2,5
coco-rem,000000508004,1,2
coco-rem,000000508087,5,50
coco-rem,000000508430,2,5
coco-rem,000000509811,5,43
coco-rem,000000511026,5,48
coco-rem,000000511639,5,33
coco-rem,000000511774,3,7
coco-rem,000000511929,1,2
coco-rem,000000512380,2,5
coco-rem,000000512436,4,10
coco-rem,000000512845,3,6
coco-rem,000000512864,4,9
coco-rem,000000513434,4,9
coco-rem,000000513574,5,23
coco-rem,000000513690,4,10
coco-rem,000000513899,4,13
coco-rem,000000513946,2,4
coco-rem,000000514016,2,5
coco-rem,000000514321,1,2
coco-rem,000000515392,1,3
coco-rem,000000515837,2,5
coco-rem,000000516088,1,3
coco-rem,000000516782,5,15
coco-rem,000000517007,2,4
coco-rem,000000517032,1,2
coco-rem,000000517748,3,8
coco-rem,000000518027,1,3
coco-rem,000000518858,5,71
coco-rem,000000518889,3,6
coco-rem,000000518932,5,14
coco-rem,000000519035,1,2
coco-rem,000000519076,3,6
coco-rem,000000519707,5,18
coco-rem,000000521232,5,38
coco-rem,000000521306,4,9
coco-rem,000000521533,1,3
coco-rem,000000521620,3,6
coco-rem,000000521652,4,11
coco-rem,000000521752,5,19
coco-rem,000000522061,2,5
coco-rem,000000522452,3,6
coco-rem,000000522930,4,9
coco-rem,000000523468,5,84
coco-rem,000000523754,4,12
coco-rem,000000524059,1,3
coco-rem,000000524956,5,24
coco-rem,000000525087,5,25
coco-rem,000000525615,4,10
coco-rem,000000525813,2,5
coco-rem,000000525880,1,3
coco-rem,000000526085,4,12
coco-rem,000000526227,4,12
coco-rem,000000526432,5,23
coco-rem,000000527219,3,8
coco-rem,000000527518,2,4
coco-rem,000000527906,3,8
coco-rem,000000527994,4,13
coco-rem,000000528341,4,9
coco-rem,000000528957,5,20
coco-rem,000000529061,1,1
coco-rem,000000529787,1,2
coco-rem,000000530160,1,2
coco-rem,000000530313,5,16
coco-rem,000000530384,5,30
coco-rem,000000530599,5,14
coco-rem,000000530631,3,8
coco-rem,000000530758,4,11
coco-rem,000000530863,1,1
coco-rem,000000532245,5,31
coco-rem,000000532260,5,37
coco-rem,000000532817,5,59
coco-rem,000000533137,1,3
coco-rem,000000533677,3,8
coco-rem,000000534736,5,41
coco-rem,000000535013,1,3
coco-rem,000000535151,2,4
coco-rem,000000535179,2,5
coco-rem,000000536200,3,6
coco-rem,000000536237,5,15
coco-rem,000000536366,1,1
coco-rem,000000536605,2,4
coco-rem,000000536949,5,21
coco-rem,000000537248,3,8
coco-rem,000000537337,4,12
coco-rem,000000538187,5,19
coco-rem,000000539793,5,14
coco-rem,000000540068,1,3
coco-rem,000000540342,5,15
coco-rem,000000541493,3,8
coco-rem,000000541783,1,3
coco-rem,000000541999,5,18
coco-rem,000000542325,4,9
coco-rem,000000542472,4,13
coco-rem,000000543166,4,11
coco-rem,000000543836,2,5
coco-rem,000000544329,3,6
coco-rem,000000544615,5,32
coco-rem,000000545022,5,25
coco-rem,000000545181,1,3
coco-rem,000000545293,2,4
coco-rem,000000546147,4,9
coco-rem,000000546159,2,4
coco-rem,000000546352,1,2
coco-rem,000000546480,1,3
coco-rem,000000546952,5,16
coco-rem,000000547644,1,3
coco-rem,000000549224,1,3
coco-rem,000000549410,3,6
coco-rem,000000549797,2,5
coco-rem,000000550056,2,5
coco-rem,000000550392,4,9
coco-rem,000000550477,3,6
coco-rem,000000550597,4,10
coco-rem,000000550643,5,16
coco-rem,000000550842,2,5
coco-rem,000000551170,1,1
coco-rem,000000551515,1,1
coco-rem,000000552159,5,18
coco-rem,000000552222,1,3
coco-rem,000000552336,2,4
coco-rem,000000554106,5,17
coco-rem,000000554587,5,15
coco-rem,000000554643,4,10
coco-rem,000000555101,4,10
coco-rem,000000555847,3,7
coco-rem,000000556360,4,11
coco-rem,000000557065,3,6
coco-rem,000000557811,4,11
coco-rem,000000557812,2,4
coco-rem,000000557922,3,8
coco-rem,000000557985,4,12
coco-rem,000000559039,5,14
coco-rem,000000559463,5,43
coco-rem,000000560123,3,8
coco-rem,000000560158,5,40
coco-rem,000000560254,2,4
coco-rem,000000560511,4,9
coco-rem,000000560976,4,9
coco-rem,000000561047,5,14
coco-rem,000000561589,5,16
coco-rem,000000562008,4,9
coco-rem,000000563258,4,12
coco-rem,000000563301,5,22
coco-rem,000000563809,5,23
coco-rem,000000564803,4,13
coco-rem,000000564936,5,14
coco-rem,000000565070,3,6
coco-rem,000000565245,5,21
coco-rem,000000565405,5,18
coco-rem,000000565625,1,3
coco-rem,000000566668,5,34
coco-rem,000000566927,4,11
coco-rem,000000567495,1,1
coco-rem,000000567764,4,9
coco-rem,000000568137,3,7
coco-rem,000000568155,3,7
coco-rem,000000568256,1,3
coco-rem,000000568396,2,4
coco-rem,000000568459,4,12
coco-rem,000000569437,5,35
coco-rem,000000569769,5,18
coco-rem,000000570023,2,5
coco-rem,000000570268,2,4
coco-rem,000000570963,4,12
coco-rem,000000571185,5,14
coco-rem,000000572016,2,5
coco-rem,000000572572,1,2
coco-rem,000000572786,2,5
coco-rem,000000573357,5,16
coco-rem,000000573622,2,5
coco-rem,000000574135,3,7
coco-rem,000000574208,1,3
coco-rem,000000574537,1,3
coco-rem,000000574623,1,2
coco-rem,000000575361,5,35
coco-rem,000000575909,1,1
coco-rem,000000576397,5,18
coco-rem,000000576709,1,1
coco-rem,000000576857,5,33
coco-rem,000000577843,5,21
coco-rem,000000578060,1,2
coco-rem,000000579303,2,5
coco-rem,000000579463,1,2
coco-rem,000000579548,4,11
coco-rem,000000579909,5,15
coco-rem,000000580975,3,7
coco-rem,000000581766,1,3
