dataset,image_id,filepath,source_split,partition,source_group_id
coco-rem,000000507927,/home/felix/fiftyone/coco-2017/train/data/000000507927.jpg,train,calibration,000000507927
coco-rem,000000361924,/home/felix/fiftyone/coco-2017/train/data/000000361924.jpg,train,calibration,000000361924
coco-rem,000000577821,/home/felix/fiftyone/coco-2017/train/data/000000577821.jpg,train,calibration,000000577821
coco-rem,000000545679,/home/felix/fiftyone/coco-2017/train/data/000000545679.jpg,train,calibration,000000545679
coco-rem,000000316269,/home/felix/fiftyone/coco-2017/train/data/000000316269.jpg,train,calibration,000000316269
coco-rem,000000492435,/home/felix/fiftyone/coco-2017/train/data/000000492435.jpg,train,calibration,000000492435
coco-rem,000000437994,/home/felix/fiftyone/coco-2017/train/data/000000437994.jpg,train,calibration,000000437994
coco-rem,000000468428,/home/felix/fiftyone/coco-2017/train/data/000000468428.jpg,train,calibration,000000468428
coco-rem,000000432019,/home/felix/fiftyone/coco-2017/train/data/000000432019.jpg,train,calibration,000000432019
coco-rem,000000237263,/home/felix/fiftyone/coco-2017/train/data/000000237263.jpg,train,calibration,000000237263
coco-rem,000000434183,/home/felix/fiftyone/coco-2017/train/data/000000434183.jpg,train,calibration,000000434183
coco-rem,000000579947,/home/felix/fiftyone/coco-2017/train/data/000000579947.jpg,train,calibration,000000579947
coco-rem,000000343954,/home/felix/fiftyone/coco-2017/train/data/000000343954.jpg,train,calibration,000000343954
coco-rem,000000556278,/home/felix/fiftyone/coco-2017/train/data/000000556278.jpg,train,calibration,000000556278
coco-rem,000000171970,/home/felix/fiftyone/coco-2017/train/data/000000171970.jpg,train,calibration,000000171970
coco-rem,000000377809,/home/felix/fiftyone/coco-2017/train/data/000000377809.jpg,train,calibration,000000377809
coco-rem,000000478880,/home/felix/fiftyone/coco-2017/train/data/000000478880.jpg,train,calibration,000000478880
coco-rem,000000476331,/home/felix/fiftyone/coco-2017/train/data/000000476331.jpg,train,calibration,000000476331
coco-rem,000000031653,/home/felix/fiftyone/coco-2017/train/data/000000031653.jpg,train,calibration,000000031653
coco-rem,000000048289,/home/felix/fiftyone/coco-2017/train/data/000000048289.jpg,train,calibration,000000048289
coco-rem,000000264599,/home/felix/fiftyone/coco-2017/train/data/000000264599.jpg,train,calibration,000000264599
coco-rem,000000073235,/home/felix/fiftyone/coco-2017/train/data/000000073235.jpg,train,calibration,000000073235
coco-rem,000000135348,/home/felix/fiftyone/coco-2017/train/data/000000135348.jpg,train,calibration,000000135348
coco-rem,000000225337,/home/felix/fiftyone/coco-2017/train/data/000000225337.jpg,train,calibration,000000225337
coco-rem,000000162682,/home/felix/fiftyone/coco-2017/train/data/000000162682.jpg,train,calibration,000000162682
coco-rem,000000204339,/home/felix/fiftyone/coco-2017/train/data/000000204339.jpg,train,calibration,000000204339
coco-rem,000000289816,/home/felix/fiftyone/coco-2017/train/data/000000289816.jpg,train,calibration,000000289816
coco-rem,000000521225,/home/felix/fiftyone/coco-2017/train/data/000000521225.jpg,train,calibration,000000521225
coco-rem,000000276975,/home/felix/fiftyone/coco-2017/train/data/000000276975.jpg,train,calibration,000000276975
coco-rem,000000159561,/home/felix/fiftyone/coco-2017/train/data/000000159561.jpg,train,calibration,000000159561
coco-rem,000000538615,/home/felix/fiftyone/coco-2017/train/data/000000538615.jpg,train,calibration,000000538615
coco-rem,000000093419,/home/felix/fiftyone/coco-2017/train/data/000000093419.jpg,train,calibration,000000093419
coco-rem,000000053339,/home/felix/fiftyone/coco-2017/train/data/000000053339.jpg,train,calibration,000000053339
coco-rem,000000346503,/home/felix/fiftyone/coco-2017/train/data/000000346503.jpg,train,calibration,000000346503
coco-rem,000000345155,/home/felix/fiftyone/coco-2017/train/data/000000345155.jpg,train,calibration,000000345155
coco-rem,000000274528,/home/felix/fiftyone/coco-2017/train/data/000000274528.jpg,train,calibration,000000274528
coco-rem,000000363494,/home/felix/fiftyone/coco-2017/train/data/000000363494.jpg,train,calibration,000000363494
coco-rem,000000028682,/home/felix/fiftyone/coco-2017/train/data/000000028682.jpg,train,calibration,000000028682
coco-rem,000000069884,/home/felix/fiftyone/coco-2017/train/data/000000069884.jpg,train,calibration,000000069884
coco-rem,000000228215,/home/felix/fiftyone/coco-2017/train/data/000000228215.jpg,train,calibration,000000228215
coco-rem,000000372363,/home/felix/fiftyone/coco-2017/train/data/000000372363.jpg,train,calibration,000000372363
coco-rem,000000404229,/home/felix/fiftyone/coco-2017/train/data/000000404229.jpg,train,calibration,000000404229
coco-rem,000000408779,/home/felix/fiftyone/coco-2017/train/data/000000408779.jpg,train,calibration,000000408779
coco-rem,000000481113,/home/felix/fiftyone/coco-2017/train/data/000000481113.jpg,train,calibration,000000481113
coco-rem,000000035076,/home/felix/fiftyone/coco-2017/train/data/000000035076.jpg,train,calibration,000000035076
coco-rem,000000075065,/home/felix/fiftyone/coco-2017/train/data/000000075065.jpg,train,calibration,000000075065
coco-rem,000000249982,/home/felix/fiftyone/coco-2017/train/data/000000249982.jpg,train,calibration,000000249982
coco-rem,000000033891,/home/felix/fiftyone/coco-2017/train/data/000000033891.jpg,train,calibration,000000033891
coco-rem,000000077750,/home/felix/fiftyone/coco-2017/train/data/000000077750.jpg,train,calibration,000000077750
coco-rem,000000117337,/home/felix/fiftyone/coco-2017/train/data/000000117337.jpg,train,calibration,000000117337
coco-rem,000000500356,/home/felix/fiftyone/coco-2017/train/data/000000500356.jpg,train,calibration,000000500356
coco-rem,000000419297,/home/felix/fiftyone/coco-2017/train/data/000000419297.jpg,train,calibration,000000419297
coco-rem,000000160652,/home/felix/fiftyone/coco-2017/train/data/000000160652.jpg,train,calibration,000000160652
coco-rem,000000557610,/home/felix/fiftyone/coco-2017/train/data/000000557610.jpg,train,calibration,000000557610
coco-rem,000000421875,/home/felix/fiftyone/coco-2017/train/data/000000421875.jpg,train,calibration,000000421875
coco-rem,000000579629,/home/felix/fiftyone/coco-2017/train/data/000000579629.jpg,train,calibration,000000579629
coco-rem,000000151954,/home/felix/fiftyone/coco-2017/train/data/000000151954.jpg,train,calibration,000000151954
coco-rem,000000221927,/home/felix/fiftyone/coco-2017/train/data/000000221927.jpg,train,calibration,000000221927
coco-rem,000000059744,/home/felix/fiftyone/coco-2017/train/data/000000059744.jpg,train,calibration,000000059744
coco-rem,000000214305,/home/felix/fiftyone/coco-2017/train/data/000000214305.jpg,train,calibration,000000214305
coco-rem,000000245450,/home/felix/fiftyone/coco-2017/train/data/000000245450.jpg,train,calibration,000000245450
coco-rem,000000270912,/home/felix/fiftyone/coco-2017/train/data/000000270912.jpg,train,calibration,000000270912
coco-rem,000000081930,/home/felix/fiftyone/coco-2017/train/data/000000081930.jpg,train,calibration,000000081930
coco-rem,000000570947,/home/felix/fiftyone/coco-2017/train/data/000000570947.jpg,train,calibration,000000570947
coco-rem,000000285342,/home/felix/fiftyone/coco-2017/train/data/000000285342.jpg,train,calibration,000000285342
coco-rem,000000099245,/home/felix/fiftyone/coco-2017/train/data/000000099245.jpg,train,calibration,000000099245
coco-rem,000000231987,/home/felix/fiftyone/coco-2017/train/data/000000231987.jpg,train,calibration,000000231987
coco-rem,000000521711,/home/felix/fiftyone/coco-2017/train/data/000000521711.jpg,train,calibration,000000521711
coco-rem,000000339512,/home/felix/fiftyone/coco-2017/train/data/000000339512.jpg,train,calibration,000000339512
coco-rem,000000404424,/home/felix/fiftyone/coco-2017/train/data/000000404424.jpg,train,calibration,000000404424
coco-rem,000000196170,/home/felix/fiftyone/coco-2017/train/data/000000196170.jpg,train,calibration,000000196170
coco-rem,000000388126,/home/felix/fiftyone/coco-2017/train/data/000000388126.jpg,train,calibration,000000388126
coco-rem,000000530999,/home/felix/fiftyone/coco-2017/train/data/000000530999.jpg,train,calibration,000000530999
coco-rem,000000476993,/home/felix/fiftyone/coco-2017/train/data/000000476993.jpg,train,calibration,000000476993
coco-rem,000000393422,/home/felix/fiftyone/coco-2017/train/data/000000393422.jpg,train,calibration,000000393422
coco-rem,000000145994,/home/felix/fiftyone/coco-2017/train/data/000000145994.jpg,train,calibration,000000145994
coco-rem,000000404546,/home/felix/fiftyone/coco-2017/train/data/000000404546.jpg,train,calibration,000000404546
coco-rem,000000447785,/home/felix/fiftyone/coco-2017/train/data/000000447785.jpg,train,calibration,000000447785
coco-rem,000000434413,/home/felix/fiftyone/coco-2017/train/data/000000434413.jpg,train,calibration,000000434413
coco-rem,000000186405,/home/felix/fiftyone/coco-2017/train/data/000000186405.jpg,train,calibration,000000186405
coco-rem,000000316879,/home/felix/fiftyone/coco-2017/train/data/000000316879.jpg,train,calibration,000000316879
coco-rem,000000151432,/home/felix/fiftyone/coco-2017/train/data/000000151432.jpg,train,calibration,000000151432
coco-rem,000000028506,/home/felix/fiftyone/coco-2017/train/data/000000028506.jpg,train,calibration,000000028506
coco-rem,000000057969,/home/felix/fiftyone/coco-2017/train/data/000000057969.jpg,train,calibration,000000057969
coco-rem,000000096514,/home/felix/fiftyone/coco-2017/train/data/000000096514.jpg,train,calibration,000000096514
coco-rem,000000090137,/home/felix/fiftyone/coco-2017/train/data/000000090137.jpg,train,calibration,000000090137
coco-rem,000000299042,/home/felix/fiftyone/coco-2017/train/data/000000299042.jpg,train,calibration,000000299042
coco-rem,000000009142,/home/felix/fiftyone/coco-2017/train/data/000000009142.jpg,train,calibration,000000009142
coco-rem,000000219842,/home/felix/fiftyone/coco-2017/train/data/000000219842.jpg,train,calibration,000000219842
coco-rem,000000330696,/home/felix/fiftyone/coco-2017/train/data/000000330696.jpg,train,calibration,000000330696
coco-rem,000000055849,/home/felix/fiftyone/coco-2017/train/data/000000055849.jpg,train,calibration,000000055849
coco-rem,000000137072,/home/felix/fiftyone/coco-2017/train/data/000000137072.jpg,train,calibration,000000137072
coco-rem,000000390334,/home/felix/fiftyone/coco-2017/train/data/000000390334.jpg,train,calibration,000000390334
coco-rem,000000147798,/home/felix/fiftyone/coco-2017/train/data/000000147798.jpg,train,calibration,000000147798
coco-rem,000000568653,/home/felix/fiftyone/coco-2017/train/data/000000568653.jpg,train,calibration,000000568653
coco-rem,000000113588,/home/felix/fiftyone/coco-2017/train/data/000000113588.jpg,train,calibration,000000113588
coco-rem,000000486002,/home/felix/fiftyone/coco-2017/train/data/000000486002.jpg,train,calibration,000000486002
coco-rem,000000195896,/home/felix/fiftyone/coco-2017/train/data/000000195896.jpg,train,calibration,000000195896
coco-rem,000000161312,/home/felix/fiftyone/coco-2017/train/data/000000161312.jpg,train,calibration,000000161312
coco-rem,000000298418,/home/felix/fiftyone/coco-2017/train/data/000000298418.jpg,train,calibration,000000298418
coco-rem,000000350514,/home/felix/fiftyone/coco-2017/train/data/000000350514.jpg,train,calibration,000000350514
coco-rem,000000203400,/home/felix/fiftyone/coco-2017/train/data/000000203400.jpg,train,calibration,000000203400
coco-rem,000000317806,/home/felix/fiftyone/coco-2017/train/data/000000317806.jpg,train,calibration,000000317806
coco-rem,000000447765,/home/felix/fiftyone/coco-2017/train/data/000000447765.jpg,train,calibration,000000447765
coco-rem,000000213536,/home/felix/fiftyone/coco-2017/train/data/000000213536.jpg,train,calibration,000000213536
coco-rem,000000371822,/home/felix/fiftyone/coco-2017/train/data/000000371822.jpg,train,calibration,000000371822
coco-rem,000000466533,/home/felix/fiftyone/coco-2017/train/data/000000466533.jpg,train,calibration,000000466533
coco-rem,000000185837,/home/felix/fiftyone/coco-2017/train/data/000000185837.jpg,train,calibration,000000185837
coco-rem,000000310633,/home/felix/fiftyone/coco-2017/train/data/000000310633.jpg,train,calibration,000000310633
coco-rem,000000511393,/home/felix/fiftyone/coco-2017/train/data/000000511393.jpg,train,calibration,000000511393
coco-rem,000000020925,/home/felix/fiftyone/coco-2017/train/data/000000020925.jpg,train,calibration,000000020925
coco-rem,000000036739,/home/felix/fiftyone/coco-2017/train/data/000000036739.jpg,train,calibration,000000036739
coco-rem,000000480057,/home/felix/fiftyone/coco-2017/train/data/000000480057.jpg,train,calibration,000000480057
coco-rem,000000136002,/home/felix/fiftyone/coco-2017/train/data/000000136002.jpg,train,calibration,000000136002
coco-rem,000000170780,/home/felix/fiftyone/coco-2017/train/data/000000170780.jpg,train,calibration,000000170780
coco-rem,000000267349,/home/felix/fiftyone/coco-2017/train/data/000000267349.jpg,train,calibration,000000267349
coco-rem,000000378613,/home/felix/fiftyone/coco-2017/train/data/000000378613.jpg,train,calibration,000000378613
coco-rem,000000440726,/home/felix/fiftyone/coco-2017/train/data/000000440726.jpg,train,calibration,000000440726
coco-rem,000000433545,/home/felix/fiftyone/coco-2017/train/data/000000433545.jpg,train,calibration,000000433545
coco-rem,000000493953,/home/felix/fiftyone/coco-2017/train/data/000000493953.jpg,train,calibration,000000493953
coco-rem,000000504306,/home/felix/fiftyone/coco-2017/train/data/000000504306.jpg,train,calibration,000000504306
coco-rem,000000051862,/home/felix/fiftyone/coco-2017/train/data/000000051862.jpg,train,calibration,000000051862
coco-rem,000000563606,/home/felix/fiftyone/coco-2017/train/data/000000563606.jpg,train,calibration,000000563606
coco-rem,000000324688,/home/felix/fiftyone/coco-2017/train/data/000000324688.jpg,train,calibration,000000324688
coco-rem,000000401541,/home/felix/fiftyone/coco-2017/train/data/000000401541.jpg,train,calibration,000000401541
coco-rem,000000252314,/home/felix/fiftyone/coco-2017/train/data/000000252314.jpg,train,calibration,000000252314
coco-rem,000000189404,/home/felix/fiftyone/coco-2017/train/data/000000189404.jpg,train,calibration,000000189404
coco-rem,000000298481,/home/felix/fiftyone/coco-2017/train/data/000000298481.jpg,train,calibration,000000298481
coco-rem,000000398454,/home/felix/fiftyone/coco-2017/train/data/000000398454.jpg,train,calibration,000000398454
coco-rem,000000471409,/home/felix/fiftyone/coco-2017/train/data/000000471409.jpg,train,calibration,000000471409
coco-rem,000000574248,/home/felix/fiftyone/coco-2017/train/data/000000574248.jpg,train,calibration,000000574248
coco-rem,000000360400,/home/felix/fiftyone/coco-2017/train/data/000000360400.jpg,train,calibration,000000360400
coco-rem,000000140919,/home/felix/fiftyone/coco-2017/train/data/000000140919.jpg,train,calibration,000000140919
coco-rem,000000341868,/home/felix/fiftyone/coco-2017/train/data/000000341868.jpg,train,calibration,000000341868
coco-rem,000000111142,/home/felix/fiftyone/coco-2017/train/data/000000111142.jpg,train,calibration,000000111142
coco-rem,000000406895,/home/felix/fiftyone/coco-2017/train/data/000000406895.jpg,train,calibration,000000406895
coco-rem,000000426675,/home/felix/fiftyone/coco-2017/train/data/000000426675.jpg,train,calibration,000000426675
coco-rem,000000471981,/home/felix/fiftyone/coco-2017/train/data/000000471981.jpg,train,calibration,000000471981
coco-rem,000000561027,/home/felix/fiftyone/coco-2017/train/data/000000561027.jpg,train,calibration,000000561027
coco-rem,000000407864,/home/felix/fiftyone/coco-2017/train/data/000000407864.jpg,train,calibration,000000407864
coco-rem,000000413334,/home/felix/fiftyone/coco-2017/train/data/000000413334.jpg,train,calibration,000000413334
coco-rem,000000110901,/home/felix/fiftyone/coco-2017/train/data/000000110901.jpg,train,calibration,000000110901
coco-rem,000000364691,/home/felix/fiftyone/coco-2017/train/data/000000364691.jpg,train,calibration,000000364691
coco-rem,000000323734,/home/felix/fiftyone/coco-2017/train/data/000000323734.jpg,train,calibration,000000323734
coco-rem,000000033901,/home/felix/fiftyone/coco-2017/train/data/000000033901.jpg,train,calibration,000000033901
coco-rem,000000268731,/home/felix/fiftyone/coco-2017/train/data/000000268731.jpg,train,calibration,000000268731
coco-rem,000000115681,/home/felix/fiftyone/coco-2017/train/data/000000115681.jpg,train,calibration,000000115681
coco-rem,000000565932,/home/felix/fiftyone/coco-2017/train/data/000000565932.jpg,train,calibration,000000565932
coco-rem,000000314125,/home/felix/fiftyone/coco-2017/train/data/000000314125.jpg,train,calibration,000000314125
coco-rem,000000201010,/home/felix/fiftyone/coco-2017/train/data/000000201010.jpg,train,calibration,000000201010
coco-rem,000000052527,/home/felix/fiftyone/coco-2017/train/data/000000052527.jpg,train,calibration,000000052527
coco-rem,000000553297,/home/felix/fiftyone/coco-2017/train/data/000000553297.jpg,train,calibration,000000553297
coco-rem,000000355124,/home/felix/fiftyone/coco-2017/train/data/000000355124.jpg,train,calibration,000000355124
coco-rem,000000231889,/home/felix/fiftyone/coco-2017/train/data/000000231889.jpg,train,calibration,000000231889
coco-rem,000000247167,/home/felix/fiftyone/coco-2017/train/data/000000247167.jpg,train,calibration,000000247167
coco-rem,000000164772,/home/felix/fiftyone/coco-2017/train/data/000000164772.jpg,train,calibration,000000164772
coco-rem,000000198079,/home/felix/fiftyone/coco-2017/train/data/000000198079.jpg,train,calibration,000000198079
coco-rem,000000207219,/home/felix/fiftyone/coco-2017/train/data/000000207219.jpg,train,calibration,000000207219
coco-rem,000000532768,/home/felix/fiftyone/coco-2017/train/data/000000532768.jpg,train,calibration,000000532768
coco-rem,000000198798,/home/felix/fiftyone/coco-2017/train/data/000000198798.jpg,train,calibration,000000198798
coco-rem,000000015968,/home/felix/fiftyone/coco-2017/train/data/000000015968.jpg,train,calibration,000000015968
coco-rem,000000533039,/home/felix/fiftyone/coco-2017/train/data/000000533039.jpg,train,calibration,000000533039
coco-rem,000000483285,/home/felix/fiftyone/coco-2017/train/data/000000483285.jpg,train,calibration,000000483285
coco-rem,000000002142,/home/felix/fiftyone/coco-2017/train/data/000000002142.jpg,train,calibration,000000002142
coco-rem,000000295359,/home/felix/fiftyone/coco-2017/train/data/000000295359.jpg,train,calibration,000000295359
coco-rem,000000225543,/home/felix/fiftyone/coco-2017/train/data/000000225543.jpg,train,calibration,000000225543
coco-rem,000000500904,/home/felix/fiftyone/coco-2017/train/data/000000500904.jpg,train,calibration,000000500904
coco-rem,000000460458,/home/felix/fiftyone/coco-2017/train/data/000000460458.jpg,train,calibration,000000460458
coco-rem,000000329940,/home/felix/fiftyone/coco-2017/train/data/000000329940.jpg,train,calibration,000000329940
coco-rem,000000501694,/home/felix/fiftyone/coco-2017/train/data/000000501694.jpg,train,calibration,000000501694
coco-rem,000000121651,/home/felix/fiftyone/coco-2017/train/data/000000121651.jpg,train,calibration,000000121651
coco-rem,000000286720,/home/felix/fiftyone/coco-2017/train/data/000000286720.jpg,train,calibration,000000286720
coco-rem,000000363100,/home/felix/fiftyone/coco-2017/train/data/000000363100.jpg,train,calibration,000000363100
coco-rem,000000246576,/home/felix/fiftyone/coco-2017/train/data/000000246576.jpg,train,calibration,000000246576
coco-rem,000000204867,/home/felix/fiftyone/coco-2017/train/data/000000204867.jpg,train,calibration,000000204867
coco-rem,000000327768,/home/felix/fiftyone/coco-2017/train/data/000000327768.jpg,train,calibration,000000327768
coco-rem,000000395840,/home/felix/fiftyone/coco-2017/train/data/000000395840.jpg,train,calibration,000000395840
coco-rem,000000373997,/home/felix/fiftyone/coco-2017/train/data/000000373997.jpg,train,calibration,000000373997
coco-rem,000000481267,/home/felix/fiftyone/coco-2017/train/data/000000481267.jpg,train,calibration,000000481267
coco-rem,000000159392,/home/felix/fiftyone/coco-2017/train/data/000000159392.jpg,train,calibration,000000159392
coco-rem,000000174499,/home/felix/fiftyone/coco-2017/train/data/000000174499.jpg,train,calibration,000000174499
coco-rem,000000245825,/home/felix/fiftyone/coco-2017/train/data/000000245825.jpg,train,calibration,000000245825
coco-rem,000000052320,/home/felix/fiftyone/coco-2017/train/data/000000052320.jpg,train,calibration,000000052320
coco-rem,000000049851,/home/felix/fiftyone/coco-2017/train/data/000000049851.jpg,train,calibration,000000049851
coco-rem,000000193095,/home/felix/fiftyone/coco-2017/train/data/000000193095.jpg,train,calibration,000000193095
coco-rem,000000213586,/home/felix/fiftyone/coco-2017/train/data/000000213586.jpg,train,calibration,000000213586
coco-rem,000000192747,/home/felix/fiftyone/coco-2017/train/data/000000192747.jpg,train,calibration,000000192747
coco-rem,000000097099,/home/felix/fiftyone/coco-2017/train/data/000000097099.jpg,train,calibration,000000097099
coco-rem,000000500457,/home/felix/fiftyone/coco-2017/train/data/000000500457.jpg,train,calibration,000000500457
coco-rem,000000062464,/home/felix/fiftyone/coco-2017/train/data/000000062464.jpg,train,calibration,000000062464
coco-rem,000000489100,/home/felix/fiftyone/coco-2017/train/data/000000489100.jpg,train,calibration,000000489100
coco-rem,000000106722,/home/felix/fiftyone/coco-2017/train/data/000000106722.jpg,train,calibration,000000106722
coco-rem,000000409016,/home/felix/fiftyone/coco-2017/train/data/000000409016.jpg,train,calibration,000000409016
coco-rem,000000581065,/home/felix/fiftyone/coco-2017/train/data/000000581065.jpg,train,calibration,000000581065
coco-rem,000000183809,/home/felix/fiftyone/coco-2017/train/data/000000183809.jpg,train,calibration,000000183809
coco-rem,000000257575,/home/felix/fiftyone/coco-2017/train/data/000000257575.jpg,train,calibration,000000257575
coco-rem,000000338838,/home/felix/fiftyone/coco-2017/train/data/000000338838.jpg,train,calibration,000000338838
coco-rem,000000293293,/home/felix/fiftyone/coco-2017/train/data/000000293293.jpg,train,calibration,000000293293
coco-rem,000000044454,/home/felix/fiftyone/coco-2017/train/data/000000044454.jpg,train,calibration,000000044454
coco-rem,000000500139,/home/felix/fiftyone/coco-2017/train/data/000000500139.jpg,train,calibration,000000500139
coco-rem,000000339715,/home/felix/fiftyone/coco-2017/train/data/000000339715.jpg,train,calibration,000000339715
coco-rem,000000530287,/home/felix/fiftyone/coco-2017/train/data/000000530287.jpg,train,calibration,000000530287
coco-rem,000000406071,/home/felix/fiftyone/coco-2017/train/data/000000406071.jpg,train,calibration,000000406071
coco-rem,000000349410,/home/felix/fiftyone/coco-2017/train/data/000000349410.jpg,train,calibration,000000349410
coco-rem,000000031339,/home/felix/fiftyone/coco-2017/train/data/000000031339.jpg,train,calibration,000000031339
coco-rem,000000280370,/home/felix/fiftyone/coco-2017/train/data/000000280370.jpg,train,calibration,000000280370
coco-rem,000000553852,/home/felix/fiftyone/coco-2017/train/data/000000553852.jpg,train,calibration,000000553852
coco-rem,000000122231,/home/felix/fiftyone/coco-2017/train/data/000000122231.jpg,train,calibration,000000122231
coco-rem,000000542048,/home/felix/fiftyone/coco-2017/train/data/000000542048.jpg,train,calibration,000000542048
coco-rem,000000514790,/home/felix/fiftyone/coco-2017/train/data/000000514790.jpg,train,calibration,000000514790
coco-rem,000000321410,/home/felix/fiftyone/coco-2017/train/data/000000321410.jpg,train,calibration,000000321410
coco-rem,000000005174,/home/felix/fiftyone/coco-2017/train/data/000000005174.jpg,train,calibration,000000005174
coco-rem,000000275608,/home/felix/fiftyone/coco-2017/train/data/000000275608.jpg,train,calibration,000000275608
coco-rem,000000469294,/home/felix/fiftyone/coco-2017/train/data/000000469294.jpg,train,calibration,000000469294
coco-rem,000000317131,/home/felix/fiftyone/coco-2017/train/data/000000317131.jpg,train,calibration,000000317131
coco-rem,000000169211,/home/felix/fiftyone/coco-2017/train/data/000000169211.jpg,train,calibration,000000169211
coco-rem,000000561903,/home/felix/fiftyone/coco-2017/train/data/000000561903.jpg,train,calibration,000000561903
coco-rem,000000248476,/home/felix/fiftyone/coco-2017/train/data/000000248476.jpg,train,calibration,000000248476
coco-rem,000000180389,/home/felix/fiftyone/coco-2017/train/data/000000180389.jpg,train,calibration,000000180389
coco-rem,000000270708,/home/felix/fiftyone/coco-2017/train/data/000000270708.jpg,train,calibration,000000270708
coco-rem,000000498738,/home/felix/fiftyone/coco-2017/train/data/000000498738.jpg,train,calibration,000000498738
coco-rem,000000422677,/home/felix/fiftyone/coco-2017/train/data/000000422677.jpg,train,calibration,000000422677
coco-rem,000000449944,/home/felix/fiftyone/coco-2017/train/data/000000449944.jpg,train,calibration,000000449944
coco-rem,000000306803,/home/felix/fiftyone/coco-2017/train/data/000000306803.jpg,train,calibration,000000306803
coco-rem,000000339987,/home/felix/fiftyone/coco-2017/train/data/000000339987.jpg,train,calibration,000000339987
coco-rem,000000255213,/home/felix/fiftyone/coco-2017/train/data/000000255213.jpg,train,calibration,000000255213
coco-rem,000000303538,/home/felix/fiftyone/coco-2017/train/data/000000303538.jpg,train,calibration,000000303538
coco-rem,000000196460,/home/felix/fiftyone/coco-2017/train/data/000000196460.jpg,train,calibration,000000196460
coco-rem,000000209380,/home/felix/fiftyone/coco-2017/train/data/000000209380.jpg,train,calibration,000000209380
coco-rem,000000401455,/home/felix/fiftyone/coco-2017/train/data/000000401455.jpg,train,calibration,000000401455
coco-rem,000000216072,/home/felix/fiftyone/coco-2017/train/data/000000216072.jpg,train,calibration,000000216072
coco-rem,000000579752,/home/felix/fiftyone/coco-2017/train/data/000000579752.jpg,train,calibration,000000579752
coco-rem,000000398067,/home/felix/fiftyone/coco-2017/train/data/000000398067.jpg,train,calibration,000000398067
coco-rem,000000525971,/home/felix/fiftyone/coco-2017/train/data/000000525971.jpg,train,calibration,000000525971
coco-rem,000000076254,/home/felix/fiftyone/coco-2017/train/data/000000076254.jpg,train,calibration,000000076254
coco-rem,000000386032,/home/felix/fiftyone/coco-2017/train/data/000000386032.jpg,train,calibration,000000386032
coco-rem,000000125769,/home/felix/fiftyone/coco-2017/train/data/000000125769.jpg,train,calibration,000000125769
coco-rem,000000374846,/home/felix/fiftyone/coco-2017/train/data/000000374846.jpg,train,calibration,000000374846
coco-rem,000000302945,/home/felix/fiftyone/coco-2017/train/data/000000302945.jpg,train,calibration,000000302945
coco-rem,000000223078,/home/felix/fiftyone/coco-2017/train/data/000000223078.jpg,train,calibration,000000223078
coco-rem,000000182317,/home/felix/fiftyone/coco-2017/train/data/000000182317.jpg,train,calibration,000000182317
coco-rem,000000075032,/home/felix/fiftyone/coco-2017/train/data/000000075032.jpg,train,calibration,000000075032
coco-rem,000000336286,/home/felix/fiftyone/coco-2017/train/data/000000336286.jpg,train,calibration,000000336286
coco-rem,000000450897,/home/felix/fiftyone/coco-2017/train/data/000000450897.jpg,train,calibration,000000450897
coco-rem,000000407783,/home/felix/fiftyone/coco-2017/train/data/000000407783.jpg,train,calibration,000000407783
coco-rem,000000196320,/home/felix/fiftyone/coco-2017/train/data/000000196320.jpg,train,calibration,000000196320
coco-rem,000000471871,/home/felix/fiftyone/coco-2017/train/data/000000471871.jpg,train,calibration,000000471871
coco-rem,000000198930,/home/felix/fiftyone/coco-2017/train/data/000000198930.jpg,train,calibration,000000198930
coco-rem,000000427163,/home/felix/fiftyone/coco-2017/train/data/000000427163.jpg,train,calibration,000000427163
coco-rem,000000129370,/home/felix/fiftyone/coco-2017/train/data/000000129370.jpg,train,calibration,000000129370
coco-rem,000000460964,/home/felix/fiftyone/coco-2017/train/data/000000460964.jpg,train,calibration,000000460964
coco-rem,000000050695,/home/felix/fiftyone/coco-2017/train/data/000000050695.jpg,train,calibration,000000050695
coco-rem,000000517869,/home/felix/fiftyone/coco-2017/train/data/000000517869.jpg,train,calibration,000000517869
coco-rem,000000578591,/home/felix/fiftyone/coco-2017/train/data/000000578591.jpg,train,calibration,000000578591
coco-rem,000000376196,/home/felix/fiftyone/coco-2017/train/data/000000376196.jpg,train,calibration,000000376196
coco-rem,000000153727,/home/felix/fiftyone/coco-2017/train/data/000000153727.jpg,train,calibration,000000153727
coco-rem,000000030289,/home/felix/fiftyone/coco-2017/train/data/000000030289.jpg,train,calibration,000000030289
coco-rem,000000504654,/home/felix/fiftyone/coco-2017/train/data/000000504654.jpg,train,calibration,000000504654
coco-rem,000000052498,/home/felix/fiftyone/coco-2017/train/data/000000052498.jpg,train,calibration,000000052498
coco-rem,000000099583,/home/felix/fiftyone/coco-2017/train/data/000000099583.jpg,train,calibration,000000099583
coco-rem,000000251124,/home/felix/fiftyone/coco-2017/train/data/000000251124.jpg,train,calibration,000000251124
coco-rem,000000112372,/home/felix/fiftyone/coco-2017/train/data/000000112372.jpg,train,calibration,000000112372
coco-rem,000000384482,/home/felix/fiftyone/coco-2017/train/data/000000384482.jpg,train,calibration,000000384482
coco-rem,000000260838,/home/felix/fiftyone/coco-2017/train/data/000000260838.jpg,train,calibration,000000260838
coco-rem,000000528756,/home/felix/fiftyone/coco-2017/train/data/000000528756.jpg,train,calibration,000000528756
coco-rem,000000452113,/home/felix/fiftyone/coco-2017/train/data/000000452113.jpg,train,calibration,000000452113
coco-rem,000000229975,/home/felix/fiftyone/coco-2017/train/data/000000229975.jpg,train,calibration,000000229975
coco-rem,000000041482,/home/felix/fiftyone/coco-2017/train/data/000000041482.jpg,train,calibration,000000041482
coco-rem,000000061734,/home/felix/fiftyone/coco-2017/train/data/000000061734.jpg,train,calibration,000000061734
coco-rem,000000538963,/home/felix/fiftyone/coco-2017/train/data/000000538963.jpg,train,calibration,000000538963
coco-rem,000000399939,/home/felix/fiftyone/coco-2017/train/data/000000399939.jpg,train,calibration,000000399939
coco-rem,000000162741,/home/felix/fiftyone/coco-2017/train/data/000000162741.jpg,train,calibration,000000162741
coco-rem,000000131300,/home/felix/fiftyone/coco-2017/train/data/000000131300.jpg,train,calibration,000000131300
coco-rem,000000203667,/home/felix/fiftyone/coco-2017/train/data/000000203667.jpg,train,calibration,000000203667
coco-rem,000000313097,/home/felix/fiftyone/coco-2017/train/data/000000313097.jpg,train,calibration,000000313097
coco-rem,000000410084,/home/felix/fiftyone/coco-2017/train/data/000000410084.jpg,train,calibration,000000410084
coco-rem,000000114784,/home/felix/fiftyone/coco-2017/train/data/000000114784.jpg,train,calibration,000000114784
coco-rem,000000351726,/home/felix/fiftyone/coco-2017/train/data/000000351726.jpg,train,calibration,000000351726
coco-rem,000000157032,/home/felix/fiftyone/coco-2017/train/data/000000157032.jpg,train,calibration,000000157032
coco-rem,000000270070,/home/felix/fiftyone/coco-2017/train/data/000000270070.jpg,train,calibration,000000270070
coco-rem,000000212675,/home/felix/fiftyone/coco-2017/train/data/000000212675.jpg,train,calibration,000000212675
coco-rem,000000529886,/home/felix/fiftyone/coco-2017/train/data/000000529886.jpg,train,calibration,000000529886
coco-rem,000000504099,/home/felix/fiftyone/coco-2017/train/data/000000504099.jpg,train,calibration,000000504099
coco-rem,000000057323,/home/felix/fiftyone/coco-2017/train/data/000000057323.jpg,train,calibration,000000057323
coco-rem,000000567949,/home/felix/fiftyone/coco-2017/train/data/000000567949.jpg,train,calibration,000000567949
coco-rem,000000548538,/home/felix/fiftyone/coco-2017/train/data/000000548538.jpg,train,calibration,000000548538
coco-rem,000000215357,/home/felix/fiftyone/coco-2017/train/data/000000215357.jpg,train,calibration,000000215357
coco-rem,000000287322,/home/felix/fiftyone/coco-2017/train/data/000000287322.jpg,train,calibration,000000287322
coco-rem,000000154656,/home/felix/fiftyone/coco-2017/train/data/000000154656.jpg,train,calibration,000000154656
coco-rem,000000568554,/home/felix/fiftyone/coco-2017/train/data/000000568554.jpg,train,calibration,000000568554
coco-rem,000000094859,/home/felix/fiftyone/coco-2017/train/data/000000094859.jpg,train,calibration,000000094859
coco-rem,000000470880,/home/felix/fiftyone/coco-2017/train/data/000000470880.jpg,train,calibration,000000470880
coco-rem,000000501299,/home/felix/fiftyone/coco-2017/train/data/000000501299.jpg,train,calibration,000000501299
coco-rem,000000522813,/home/felix/fiftyone/coco-2017/train/data/000000522813.jpg,train,calibration,000000522813
coco-rem,000000455808,/home/felix/fiftyone/coco-2017/train/data/000000455808.jpg,train,calibration,000000455808
coco-rem,000000166344,/home/felix/fiftyone/coco-2017/train/data/000000166344.jpg,train,calibration,000000166344
coco-rem,000000401336,/home/felix/fiftyone/coco-2017/train/data/000000401336.jpg,train,calibration,000000401336
coco-rem,000000192577,/home/felix/fiftyone/coco-2017/train/data/000000192577.jpg,train,calibration,000000192577
coco-rem,000000278763,/home/felix/fiftyone/coco-2017/train/data/000000278763.jpg,train,calibration,000000278763
coco-rem,000000205693,/home/felix/fiftyone/coco-2017/train/data/000000205693.jpg,train,calibration,000000205693
coco-rem,000000511341,/home/felix/fiftyone/coco-2017/train/data/000000511341.jpg,train,calibration,000000511341
coco-rem,000000261617,/home/felix/fiftyone/coco-2017/train/data/000000261617.jpg,train,calibration,000000261617
coco-rem,000000452783,/home/felix/fiftyone/coco-2017/train/data/000000452783.jpg,train,calibration,000000452783
coco-rem,000000435686,/home/felix/fiftyone/coco-2017/train/data/000000435686.jpg,train,calibration,000000435686
coco-rem,000000530417,/home/felix/fiftyone/coco-2017/train/data/000000530417.jpg,train,calibration,000000530417
coco-rem,000000262862,/home/felix/fiftyone/coco-2017/train/data/000000262862.jpg,train,calibration,000000262862
coco-rem,000000412365,/home/felix/fiftyone/coco-2017/train/data/000000412365.jpg,train,calibration,000000412365
coco-rem,000000072899,/home/felix/fiftyone/coco-2017/train/data/000000072899.jpg,train,calibration,000000072899
coco-rem,000000208479,/home/felix/fiftyone/coco-2017/train/data/000000208479.jpg,train,calibration,000000208479
coco-rem,000000502419,/home/felix/fiftyone/coco-2017/train/data/000000502419.jpg,train,calibration,000000502419
coco-rem,000000288654,/home/felix/fiftyone/coco-2017/train/data/000000288654.jpg,train,calibration,000000288654
coco-rem,000000301344,/home/felix/fiftyone/coco-2017/train/data/000000301344.jpg,train,calibration,000000301344
coco-rem,000000353694,/home/felix/fiftyone/coco-2017/train/data/000000353694.jpg,train,calibration,000000353694
coco-rem,000000359959,/home/felix/fiftyone/coco-2017/train/data/000000359959.jpg,train,calibration,000000359959
coco-rem,000000116708,/home/felix/fiftyone/coco-2017/train/data/000000116708.jpg,train,calibration,000000116708
coco-rem,000000062053,/home/felix/fiftyone/coco-2017/train/data/000000062053.jpg,train,calibration,000000062053
coco-rem,000000188515,/home/felix/fiftyone/coco-2017/train/data/000000188515.jpg,train,calibration,000000188515
coco-rem,000000128299,/home/felix/fiftyone/coco-2017/train/data/000000128299.jpg,train,calibration,000000128299
coco-rem,000000303144,/home/felix/fiftyone/coco-2017/train/data/000000303144.jpg,train,calibration,000000303144
coco-rem,000000342206,/home/felix/fiftyone/coco-2017/train/data/000000342206.jpg,train,calibration,000000342206
coco-rem,000000064629,/home/felix/fiftyone/coco-2017/train/data/000000064629.jpg,train,calibration,000000064629
coco-rem,000000119854,/home/felix/fiftyone/coco-2017/train/data/000000119854.jpg,train,calibration,000000119854
coco-rem,000000212197,/home/felix/fiftyone/coco-2017/train/data/000000212197.jpg,train,calibration,000000212197
coco-rem,000000473616,/home/felix/fiftyone/coco-2017/train/data/000000473616.jpg,train,calibration,000000473616
coco-rem,000000300580,/home/felix/fiftyone/coco-2017/train/data/000000300580.jpg,train,calibration,000000300580
coco-rem,000000221474,/home/felix/fiftyone/coco-2017/train/data/000000221474.jpg,train,calibration,000000221474
coco-rem,000000205308,/home/felix/fiftyone/coco-2017/train/data/000000205308.jpg,train,calibration,000000205308
coco-rem,000000580152,/home/felix/fiftyone/coco-2017/train/data/000000580152.jpg,train,calibration,000000580152
coco-rem,000000022420,/home/felix/fiftyone/coco-2017/train/data/000000022420.jpg,train,calibration,000000022420
coco-rem,000000126299,/home/felix/fiftyone/coco-2017/train/data/000000126299.jpg,train,calibration,000000126299
coco-rem,000000182773,/home/felix/fiftyone/coco-2017/train/data/000000182773.jpg,train,calibration,000000182773
coco-rem,000000490654,/home/felix/fiftyone/coco-2017/train/data/000000490654.jpg,train,calibration,000000490654
coco-rem,000000542755,/home/felix/fiftyone/coco-2017/train/data/000000542755.jpg,train,calibration,000000542755
coco-rem,000000426705,/home/felix/fiftyone/coco-2017/train/data/000000426705.jpg,train,calibration,000000426705
coco-rem,000000495079,/home/felix/fiftyone/coco-2017/train/data/000000495079.jpg,train,calibration,000000495079
coco-rem,000000443209,/home/felix/fiftyone/coco-2017/train/data/000000443209.jpg,train,calibration,000000443209
coco-rem,000000226374,/home/felix/fiftyone/coco-2017/train/data/000000226374.jpg,train,calibration,000000226374
coco-rem,000000164680,/home/felix/fiftyone/coco-2017/train/data/000000164680.jpg,train,calibration,000000164680
coco-rem,000000322212,/home/felix/fiftyone/coco-2017/train/data/000000322212.jpg,train,calibration,000000322212
coco-rem,000000187533,/home/felix/fiftyone/coco-2017/train/data/000000187533.jpg,train,calibration,000000187533
coco-rem,000000369331,/home/felix/fiftyone/coco-2017/train/data/000000369331.jpg,train,calibration,000000369331
coco-rem,000000534914,/home/felix/fiftyone/coco-2017/train/data/000000534914.jpg,train,calibration,000000534914
coco-rem,000000398183,/home/felix/fiftyone/coco-2017/train/data/000000398183.jpg,train,calibration,000000398183
coco-rem,000000216026,/home/felix/fiftyone/coco-2017/train/data/000000216026.jpg,train,calibration,000000216026
coco-rem,000000127751,/home/felix/fiftyone/coco-2017/train/data/000000127751.jpg,train,calibration,000000127751
coco-rem,000000573830,/home/felix/fiftyone/coco-2017/train/data/000000573830.jpg,train,calibration,000000573830
coco-rem,000000266273,/home/felix/fiftyone/coco-2017/train/data/000000266273.jpg,train,calibration,000000266273
coco-rem,000000053458,/home/felix/fiftyone/coco-2017/train/data/000000053458.jpg,train,calibration,000000053458
coco-rem,000000543618,/home/felix/fiftyone/coco-2017/train/data/000000543618.jpg,train,calibration,000000543618
coco-rem,000000261906,/home/felix/fiftyone/coco-2017/train/data/000000261906.jpg,train,calibration,000000261906
coco-rem,000000452470,/home/felix/fiftyone/coco-2017/train/data/000000452470.jpg,train,calibration,000000452470
coco-rem,000000223474,/home/felix/fiftyone/coco-2017/train/data/000000223474.jpg,train,calibration,000000223474
coco-rem,000000465693,/home/felix/fiftyone/coco-2017/train/data/000000465693.jpg,train,calibration,000000465693
coco-rem,000000053546,/home/felix/fiftyone/coco-2017/train/data/000000053546.jpg,train,calibration,000000053546
coco-rem,000000114177,/home/felix/fiftyone/coco-2017/train/data/000000114177.jpg,train,calibration,000000114177
coco-rem,000000161771,/home/felix/fiftyone/coco-2017/train/data/000000161771.jpg,train,calibration,000000161771
coco-rem,000000039998,/home/felix/fiftyone/coco-2017/train/data/000000039998.jpg,train,calibration,000000039998
coco-rem,000000352814,/home/felix/fiftyone/coco-2017/train/data/000000352814.jpg,train,calibration,000000352814
coco-rem,000000321262,/home/felix/fiftyone/coco-2017/train/data/000000321262.jpg,train,calibration,000000321262
coco-rem,000000374062,/home/felix/fiftyone/coco-2017/train/data/000000374062.jpg,train,calibration,000000374062
coco-rem,000000345658,/home/felix/fiftyone/coco-2017/train/data/000000345658.jpg,train,calibration,000000345658
coco-rem,000000130740,/home/felix/fiftyone/coco-2017/train/data/000000130740.jpg,train,calibration,000000130740
coco-rem,000000101431,/home/felix/fiftyone/coco-2017/train/data/000000101431.jpg,train,calibration,000000101431
coco-rem,000000526732,/home/felix/fiftyone/coco-2017/train/data/000000526732.jpg,train,calibration,000000526732
coco-rem,000000288347,/home/felix/fiftyone/coco-2017/train/data/000000288347.jpg,train,calibration,000000288347
coco-rem,000000369153,/home/felix/fiftyone/coco-2017/train/data/000000369153.jpg,train,calibration,000000369153
coco-rem,000000569742,/home/felix/fiftyone/coco-2017/train/data/000000569742.jpg,train,calibration,000000569742
coco-rem,000000141330,/home/felix/fiftyone/coco-2017/train/data/000000141330.jpg,train,calibration,000000141330
coco-rem,000000117028,/home/felix/fiftyone/coco-2017/train/data/000000117028.jpg,train,calibration,000000117028
coco-rem,000000253784,/home/felix/fiftyone/coco-2017/train/data/000000253784.jpg,train,calibration,000000253784
coco-rem,000000080260,/home/felix/fiftyone/coco-2017/train/data/000000080260.jpg,train,calibration,000000080260
coco-rem,000000212714,/home/felix/fiftyone/coco-2017/train/data/000000212714.jpg,train,calibration,000000212714
coco-rem,000000096466,/home/felix/fiftyone/coco-2017/train/data/000000096466.jpg,train,calibration,000000096466
coco-rem,000000524500,/home/felix/fiftyone/coco-2017/train/data/000000524500.jpg,train,calibration,000000524500
coco-rem,000000325369,/home/felix/fiftyone/coco-2017/train/data/000000325369.jpg,train,calibration,000000325369
coco-rem,000000235319,/home/felix/fiftyone/coco-2017/train/data/000000235319.jpg,train,calibration,000000235319
coco-rem,000000339793,/home/felix/fiftyone/coco-2017/train/data/000000339793.jpg,train,calibration,000000339793
coco-rem,000000536575,/home/felix/fiftyone/coco-2017/train/data/000000536575.jpg,train,calibration,000000536575
coco-rem,000000189425,/home/felix/fiftyone/coco-2017/train/data/000000189425.jpg,train,calibration,000000189425
coco-rem,000000456708,/home/felix/fiftyone/coco-2017/train/data/000000456708.jpg,train,calibration,000000456708
coco-rem,000000521361,/home/felix/fiftyone/coco-2017/train/data/000000521361.jpg,train,calibration,000000521361
coco-rem,000000400710,/home/felix/fiftyone/coco-2017/train/data/000000400710.jpg,train,calibration,000000400710
coco-rem,000000412491,/home/felix/fiftyone/coco-2017/train/data/000000412491.jpg,train,calibration,000000412491
coco-rem,000000279957,/home/felix/fiftyone/coco-2017/train/data/000000279957.jpg,train,calibration,000000279957
coco-rem,000000226348,/home/felix/fiftyone/coco-2017/train/data/000000226348.jpg,train,calibration,000000226348
coco-rem,000000089128,/home/felix/fiftyone/coco-2017/train/data/000000089128.jpg,train,calibration,000000089128
coco-rem,000000003386,/home/felix/fiftyone/coco-2017/train/data/000000003386.jpg,train,calibration,000000003386
coco-rem,000000089378,/home/felix/fiftyone/coco-2017/train/data/000000089378.jpg,train,calibration,000000089378
coco-rem,000000276634,/home/felix/fiftyone/coco-2017/train/data/000000276634.jpg,train,calibration,000000276634
coco-rem,000000029751,/home/felix/fiftyone/coco-2017/train/data/000000029751.jpg,train,calibration,000000029751
coco-rem,000000366179,/home/felix/fiftyone/coco-2017/train/data/000000366179.jpg,train,calibration,000000366179
coco-rem,000000288639,/home/felix/fiftyone/coco-2017/train/data/000000288639.jpg,train,calibration,000000288639
coco-rem,000000110002,/home/felix/fiftyone/coco-2017/train/data/000000110002.jpg,train,calibration,000000110002
coco-rem,000000063408,/home/felix/fiftyone/coco-2017/train/data/000000063408.jpg,train,calibration,000000063408
coco-rem,000000115043,/home/felix/fiftyone/coco-2017/train/data/000000115043.jpg,train,calibration,000000115043
coco-rem,000000351621,/home/felix/fiftyone/coco-2017/train/data/000000351621.jpg,train,calibration,000000351621
coco-rem,000000442414,/home/felix/fiftyone/coco-2017/train/data/000000442414.jpg,train,calibration,000000442414
coco-rem,000000192437,/home/felix/fiftyone/coco-2017/train/data/000000192437.jpg,train,calibration,000000192437
coco-rem,000000289107,/home/felix/fiftyone/coco-2017/train/data/000000289107.jpg,train,calibration,000000289107
coco-rem,000000179811,/home/felix/fiftyone/coco-2017/train/data/000000179811.jpg,train,calibration,000000179811
coco-rem,000000341752,/home/felix/fiftyone/coco-2017/train/data/000000341752.jpg,train,calibration,000000341752
coco-rem,000000215223,/home/felix/fiftyone/coco-2017/train/data/000000215223.jpg,train,calibration,000000215223
coco-rem,000000485710,/home/felix/fiftyone/coco-2017/train/data/000000485710.jpg,train,calibration,000000485710
coco-rem,000000223776,/home/felix/fiftyone/coco-2017/train/data/000000223776.jpg,train,calibration,000000223776
coco-rem,000000236279,/home/felix/fiftyone/coco-2017/train/data/000000236279.jpg,train,calibration,000000236279
coco-rem,000000316181,/home/felix/fiftyone/coco-2017/train/data/000000316181.jpg,train,calibration,000000316181
coco-rem,000000250599,/home/felix/fiftyone/coco-2017/train/data/000000250599.jpg,train,calibration,000000250599
coco-rem,000000046473,/home/felix/fiftyone/coco-2017/train/data/000000046473.jpg,train,calibration,000000046473
coco-rem,000000389445,/home/felix/fiftyone/coco-2017/train/data/000000389445.jpg,train,calibration,000000389445
coco-rem,000000528900,/home/felix/fiftyone/coco-2017/train/data/000000528900.jpg,train,calibration,000000528900
coco-rem,000000123975,/home/felix/fiftyone/coco-2017/train/data/000000123975.jpg,train,calibration,000000123975
coco-rem,000000225731,/home/felix/fiftyone/coco-2017/train/data/000000225731.jpg,train,calibration,000000225731
coco-rem,000000414754,/home/felix/fiftyone/coco-2017/train/data/000000414754.jpg,train,calibration,000000414754
coco-rem,000000512912,/home/felix/fiftyone/coco-2017/train/data/000000512912.jpg,train,calibration,000000512912
coco-rem,000000469912,/home/felix/fiftyone/coco-2017/train/data/000000469912.jpg,train,calibration,000000469912
coco-rem,000000137595,/home/felix/fiftyone/coco-2017/train/data/000000137595.jpg,train,calibration,000000137595
coco-rem,000000376046,/home/felix/fiftyone/coco-2017/train/data/000000376046.jpg,train,calibration,000000376046
coco-rem,000000536374,/home/felix/fiftyone/coco-2017/train/data/000000536374.jpg,train,calibration,000000536374
coco-rem,000000058021,/home/felix/fiftyone/coco-2017/train/data/000000058021.jpg,train,calibration,000000058021
coco-rem,000000507237,/home/felix/fiftyone/coco-2017/train/data/000000507237.jpg,train,calibration,000000507237
coco-rem,000000362722,/home/felix/fiftyone/coco-2017/train/data/000000362722.jpg,train,calibration,000000362722
coco-rem,000000252768,/home/felix/fiftyone/coco-2017/train/data/000000252768.jpg,train,calibration,000000252768
coco-rem,000000036547,/home/felix/fiftyone/coco-2017/train/data/000000036547.jpg,train,calibration,000000036547
coco-rem,000000271422,/home/felix/fiftyone/coco-2017/train/data/000000271422.jpg,train,calibration,000000271422
coco-rem,000000017967,/home/felix/fiftyone/coco-2017/train/data/000000017967.jpg,train,calibration,000000017967
coco-rem,000000504598,/home/felix/fiftyone/coco-2017/train/data/000000504598.jpg,train,calibration,000000504598
coco-rem,000000042347,/home/felix/fiftyone/coco-2017/train/data/000000042347.jpg,train,calibration,000000042347
coco-rem,000000389729,/home/felix/fiftyone/coco-2017/train/data/000000389729.jpg,train,calibration,000000389729
coco-rem,000000033408,/home/felix/fiftyone/coco-2017/train/data/000000033408.jpg,train,calibration,000000033408
coco-rem,000000501936,/home/felix/fiftyone/coco-2017/train/data/000000501936.jpg,train,calibration,000000501936
coco-rem,000000388123,/home/felix/fiftyone/coco-2017/train/data/000000388123.jpg,train,calibration,000000388123
coco-rem,000000224537,/home/felix/fiftyone/coco-2017/train/data/000000224537.jpg,train,calibration,000000224537
coco-rem,000000424823,/home/felix/fiftyone/coco-2017/train/data/000000424823.jpg,train,calibration,000000424823
coco-rem,000000203965,/home/felix/fiftyone/coco-2017/train/data/000000203965.jpg,train,calibration,000000203965
coco-rem,000000129037,/home/felix/fiftyone/coco-2017/train/data/000000129037.jpg,train,calibration,000000129037
coco-rem,000000381972,/home/felix/fiftyone/coco-2017/train/data/000000381972.jpg,train,calibration,000000381972
coco-rem,000000024402,/home/felix/fiftyone/coco-2017/train/data/000000024402.jpg,train,calibration,000000024402
coco-rem,000000121929,/home/felix/fiftyone/coco-2017/train/data/000000121929.jpg,train,calibration,000000121929
coco-rem,000000091460,/home/felix/fiftyone/coco-2017/train/data/000000091460.jpg,train,calibration,000000091460
coco-rem,000000500650,/home/felix/fiftyone/coco-2017/train/data/000000500650.jpg,train,calibration,000000500650
coco-rem,000000504868,/home/felix/fiftyone/coco-2017/train/data/000000504868.jpg,train,calibration,000000504868
coco-rem,000000004392,/home/felix/fiftyone/coco-2017/train/data/000000004392.jpg,train,calibration,000000004392
coco-rem,000000205604,/home/felix/fiftyone/coco-2017/train/data/000000205604.jpg,train,calibration,000000205604
coco-rem,000000400286,/home/felix/fiftyone/coco-2017/train/data/000000400286.jpg,train,calibration,000000400286
coco-rem,000000331409,/home/felix/fiftyone/coco-2017/train/data/000000331409.jpg,train,calibration,000000331409
coco-rem,000000015518,/home/felix/fiftyone/coco-2017/train/data/000000015518.jpg,train,calibration,000000015518
coco-rem,000000099299,/home/felix/fiftyone/coco-2017/train/data/000000099299.jpg,train,calibration,000000099299
coco-rem,000000509700,/home/felix/fiftyone/coco-2017/train/data/000000509700.jpg,train,calibration,000000509700
coco-rem,000000472432,/home/felix/fiftyone/coco-2017/train/data/000000472432.jpg,train,calibration,000000472432
coco-rem,000000224670,/home/felix/fiftyone/coco-2017/train/data/000000224670.jpg,train,calibration,000000224670
coco-rem,000000532414,/home/felix/fiftyone/coco-2017/train/data/000000532414.jpg,train,calibration,000000532414
coco-rem,000000091911,/home/felix/fiftyone/coco-2017/train/data/000000091911.jpg,train,calibration,000000091911
coco-rem,000000019136,/home/felix/fiftyone/coco-2017/train/data/000000019136.jpg,train,calibration,000000019136
coco-rem,000000544260,/home/felix/fiftyone/coco-2017/train/data/000000544260.jpg,train,calibration,000000544260
coco-rem,000000335844,/home/felix/fiftyone/coco-2017/train/data/000000335844.jpg,train,calibration,000000335844
coco-rem,000000164183,/home/felix/fiftyone/coco-2017/train/data/000000164183.jpg,train,calibration,000000164183
coco-rem,000000288227,/home/felix/fiftyone/coco-2017/train/data/000000288227.jpg,train,calibration,000000288227
coco-rem,000000367005,/home/felix/fiftyone/coco-2017/train/data/000000367005.jpg,train,calibration,000000367005
coco-rem,000000385687,/home/felix/fiftyone/coco-2017/train/data/000000385687.jpg,train,calibration,000000385687
coco-rem,000000038572,/home/felix/fiftyone/coco-2017/train/data/000000038572.jpg,train,calibration,000000038572
coco-rem,000000154783,/home/felix/fiftyone/coco-2017/train/data/000000154783.jpg,train,calibration,000000154783
coco-rem,000000205547,/home/felix/fiftyone/coco-2017/train/data/000000205547.jpg,train,calibration,000000205547
coco-rem,000000510150,/home/felix/fiftyone/coco-2017/train/data/000000510150.jpg,train,calibration,000000510150
coco-rem,000000561814,/home/felix/fiftyone/coco-2017/train/data/000000561814.jpg,train,calibration,000000561814
coco-rem,000000082844,/home/felix/fiftyone/coco-2017/train/data/000000082844.jpg,train,calibration,000000082844
coco-rem,000000296099,/home/felix/fiftyone/coco-2017/train/data/000000296099.jpg,train,calibration,000000296099
coco-rem,000000528882,/home/felix/fiftyone/coco-2017/train/data/000000528882.jpg,train,calibration,000000528882
coco-rem,000000413079,/home/felix/fiftyone/coco-2017/train/data/000000413079.jpg,train,calibration,000000413079
coco-rem,000000130163,/home/felix/fiftyone/coco-2017/train/data/000000130163.jpg,train,calibration,000000130163
coco-rem,000000064103,/home/felix/fiftyone/coco-2017/train/data/000000064103.jpg,train,calibration,000000064103
coco-rem,000000046038,/home/felix/fiftyone/coco-2017/train/data/000000046038.jpg,train,calibration,000000046038
coco-rem,000000273841,/home/felix/fiftyone/coco-2017/train/data/000000273841.jpg,train,calibration,000000273841
coco-rem,000000127235,/home/felix/fiftyone/coco-2017/train/data/000000127235.jpg,train,calibration,000000127235
coco-rem,000000206909,/home/felix/fiftyone/coco-2017/train/data/000000206909.jpg,train,calibration,000000206909
coco-rem,000000241559,/home/felix/fiftyone/coco-2017/train/data/000000241559.jpg,train,calibration,000000241559
coco-rem,000000527899,/home/felix/fiftyone/coco-2017/train/data/000000527899.jpg,train,calibration,000000527899
coco-rem,000000106834,/home/felix/fiftyone/coco-2017/train/data/000000106834.jpg,train,calibration,000000106834
coco-rem,000000046869,/home/felix/fiftyone/coco-2017/train/data/000000046869.jpg,train,calibration,000000046869
coco-rem,000000071596,/home/felix/fiftyone/coco-2017/train/data/000000071596.jpg,train,calibration,000000071596
coco-rem,000000073141,/home/felix/fiftyone/coco-2017/train/data/000000073141.jpg,train,calibration,000000073141
coco-rem,000000433993,/home/felix/fiftyone/coco-2017/train/data/000000433993.jpg,train,calibration,000000433993
coco-rem,000000272970,/home/felix/fiftyone/coco-2017/train/data/000000272970.jpg,train,calibration,000000272970
coco-rem,000000157109,/home/felix/fiftyone/coco-2017/train/data/000000157109.jpg,train,calibration,000000157109
coco-rem,000000405283,/home/felix/fiftyone/coco-2017/train/data/000000405283.jpg,train,calibration,000000405283
coco-rem,000000190884,/home/felix/fiftyone/coco-2017/train/data/000000190884.jpg,train,calibration,000000190884
coco-rem,000000111235,/home/felix/fiftyone/coco-2017/train/data/000000111235.jpg,train,calibration,000000111235
coco-rem,000000107108,/home/felix/fiftyone/coco-2017/train/data/000000107108.jpg,train,calibration,000000107108
coco-rem,000000065616,/home/felix/fiftyone/coco-2017/train/data/000000065616.jpg,train,calibration,000000065616
coco-rem,000000405531,/home/felix/fiftyone/coco-2017/train/data/000000405531.jpg,train,calibration,000000405531
coco-rem,000000513900,/home/felix/fiftyone/coco-2017/train/data/000000513900.jpg,train,calibration,000000513900
coco-rem,000000412876,/home/felix/fiftyone/coco-2017/train/data/000000412876.jpg,train,calibration,000000412876
coco-rem,000000071301,/home/felix/fiftyone/coco-2017/train/data/000000071301.jpg,train,calibration,000000071301
coco-rem,000000122981,/home/felix/fiftyone/coco-2017/train/data/000000122981.jpg,train,calibration,000000122981
coco-rem,000000344703,/home/felix/fiftyone/coco-2017/train/data/000000344703.jpg,train,calibration,000000344703
coco-rem,000000056132,/home/felix/fiftyone/coco-2017/train/data/000000056132.jpg,train,calibration,000000056132
coco-rem,000000017438,/home/felix/fiftyone/coco-2017/train/data/000000017438.jpg,train,calibration,000000017438
coco-rem,000000576944,/home/felix/fiftyone/coco-2017/train/data/000000576944.jpg,train,calibration,000000576944
coco-rem,000000324866,/home/felix/fiftyone/coco-2017/train/data/000000324866.jpg,train,calibration,000000324866
coco-rem,000000576749,/home/felix/fiftyone/coco-2017/train/data/000000576749.jpg,train,calibration,000000576749
coco-rem,000000511075,/home/felix/fiftyone/coco-2017/train/data/000000511075.jpg,train,calibration,000000511075
