version,cohort,model,threshold,n_images,n_failures,prevalence,auroc,ci_low,ci_high
16,properties,detection-transformer-torch,0.25,500,231,0.462,0.5558023141666264,0.5126866294931526,0.6011118668845813
16,properties,dfine-large-coco-torch,0.25,500,58,0.116,0.5337806210017163,0.46203064756140877,0.6052633459537085
16,properties,dfine-medium-coco-torch,0.25,500,61,0.122,0.5364277979013407,0.464732884780437,0.6023358193959916
16,properties,dfine-nano-coco-torch,0.25,500,127,0.254,0.555149775178907,0.5066104862150684,0.6027545179172267
16,properties,dfine-small-coco-torch,0.25,500,74,0.148,0.5203495749270397,0.45366195413604765,0.5802986574793932
16,properties,dfine-xlarge-coco-torch,0.25,500,53,0.106,0.5179815119665696,0.44350797458893876,0.5915739755146364
16,properties,faster-rcnn-resnet50-fpn-coco-torch,0.25,500,87,0.174,0.4686343269043444,0.4071502018986967,0.5277648276911823
16,properties,retinanet-resnet50-fpn-coco-torch,0.25,500,90,0.18,0.56210027100271,0.509445305262163,0.6143322243765369
16,properties,rfdetr-base-coco-torch,0.25,500,112,0.224,0.5678042157584683,0.516260006500493,0.6180256359367867
16,properties,rfdetr-large-coco-torch,0.25,500,107,0.214,0.5700934579439252,0.5161513200165118,0.6243716326679525
16,properties,rfdetr-medium-coco-torch,0.25,500,121,0.242,0.5690049935672387,0.51998607020751,0.6204329266842644
16,properties,rfdetr-nano-coco-torch,0.25,500,165,0.33,0.6049208502939846,0.5611317740175619,0.649142064014354
16,properties,rfdetr-small-coco-torch,0.25,500,126,0.252,0.5835030982089806,0.5348371615060951,0.6313583578210203
16,properties,rtdetr-l-coco-torch,0.25,500,61,0.122,0.5405541655775048,0.47266799645287544,0.6072480090860936
16,properties,rtdetr-v2-l-coco-torch,0.25,500,81,0.162,0.5220690061581071,0.45697991783741093,0.5800063289090112
16,properties,rtdetr-v2-m-coco-torch,0.25,500,60,0.12,0.536969696969697,0.4712184981842263,0.6073033458523458
16,properties,rtdetr-v2-s-coco-torch,0.25,500,70,0.14,0.5030066445182724,0.4367394721920521,0.5677305106447239
16,properties,rtdetr-x-coco-torch,0.25,500,53,0.106,0.5505677261407286,0.4804550483834207,0.6205318355855856
16,properties,yolo11l-coco-torch,0.25,500,75,0.15,0.5477960784313726,0.49077995894075094,0.6055822787541336
16,properties,yolo11m-coco-torch,0.25,500,83,0.166,0.5152697119412903,0.45196280487097373,0.5756382428357601
16,properties,yolo11n-coco-torch,0.25,500,166,0.332,0.5568772094365486,0.5103611208772675,0.6017052829296271
16,properties,yolo11s-coco-torch,0.25,500,95,0.19,0.5279922027290448,0.4689814128648442,0.5813423091136506
16,properties,yolo11x-coco-torch,0.25,500,60,0.12,0.5035416666666667,0.43612889694660145,0.5716618646754253
16,properties,yolov10l-coco-torch,0.25,500,82,0.164,0.5443896604037811,0.48501155916748234,0.5980462549845345
16,properties,yolov10m-coco-torch,0.25,500,93,0.186,0.537198488811392,0.4754872101714554,0.5904977884799074
16,properties,yolov10n-coco-torch,0.25,500,201,0.402,0.5798266194113046,0.536049523755419,0.6247900119982548
16,properties,yolov10s-coco-torch,0.25,500,113,0.226,0.5320710708650614,0.4756676148716349,0.5824480688859167
16,properties,yolov10x-coco-torch,0.25,500,72,0.144,0.5458690290758048,0.48267951178669766,0.6067149130502238
16,properties,yolov5l-coco-torch,0.25,500,67,0.134,0.49176174554479335,0.4210164495934394,0.5552904078320169
16,properties,yolov5m-coco-torch,0.25,500,84,0.168,0.4867216117216117,0.42275243715284105,0.5493543723383663
16,properties,yolov5n-coco-torch,0.25,500,206,0.412,0.544605706360214,0.5000932819226714,0.5877197556368957
16,properties,yolov5s-coco-torch,0.25,500,105,0.21,0.5312236286919831,0.475241311088613,0.5846294418700542
16,properties,yolov5x-coco-torch,0.25,500,61,0.122,0.4952388065275029,0.42345939649513376,0.56481578845807
16,properties,yolov8l-coco-torch,0.25,500,63,0.126,0.5073735062293415,0.44146198713908225,0.5716673931204824
16,properties,yolov8m-coco-torch,0.25,500,81,0.162,0.5318365302454403,0.47061709230944176,0.5894403510797054
16,properties,yolov8n-coco-torch,0.25,500,169,0.338,0.5524142369366631,0.5054213653623987,0.6012678134261378
16,properties,yolov8s-coco-torch,0.25,500,91,0.182,0.5082216072436121,0.44977278127586984,0.5660949212946323
16,properties,yolov8x-coco-torch,0.25,500,61,0.122,0.544661861906718,0.4776164618892051,0.6132656569653296
16,properties,yolov9c-coco-torch,0.25,500,70,0.14,0.5066777408637874,0.4373326039852276,0.5678319883351387
16,properties,yolov9e-coco-torch,0.25,500,65,0.13,0.5188505747126437,0.4494575128109412,0.5872932610103564
16,properties,detection-transformer-torch,0.5,500,411,0.822,0.5308783728368737,0.4694215574621143,0.5951382383451385
16,properties,dfine-large-coco-torch,0.5,500,243,0.486,0.5713359273670557,0.526007698726008,0.6156504287467394
16,properties,dfine-medium-coco-torch,0.5,500,245,0.49,0.5712925170068027,0.5274825605423815,0.6167068608891608
16,properties,dfine-nano-coco-torch,0.5,500,351,0.702,0.6379089466337788,0.5849893233483149,0.6866215670459539
16,properties,dfine-small-coco-torch,0.5,500,291,0.582,0.5676022295664184,0.5198567663758006,0.6152001453077502
16,properties,dfine-xlarge-coco-torch,0.5,500,218,0.436,0.5833414665885874,0.539777816688596,0.6270244653123086
16,properties,faster-rcnn-resnet50-fpn-coco-torch,0.5,500,350,0.7,0.44984761904761905,0.40129187866313654,0.49903899586392875
16,properties,retinanet-resnet50-fpn-coco-torch,0.5,500,347,0.694,0.5501591606863687,0.5031237607468038,0.6026420807427719
16,properties,rfdetr-base-coco-torch,0.5,500,315,0.63,0.6277048477048477,0.5822549899583362,0.6742566642675076
16,properties,rfdetr-large-coco-torch,0.5,500,302,0.604,0.6171315807077397,0.5764576145837634,0.6618134004024268
16,properties,rfdetr-medium-coco-torch,0.5,500,313,0.626,0.6177324836411474,0.5739908036130676,0.6616559728582481
16,properties,rfdetr-nano-coco-torch,0.5,500,363,0.726,0.7048319961392291,0.6558482271613352,0.7517386772938346
16,properties,rfdetr-small-coco-torch,0.5,500,328,0.656,0.6514020845150312,0.6067212999935389,0.7017881682496607
16,properties,rtdetr-l-coco-torch,0.5,500,295,0.59,0.5679785035138487,0.5205717648473339,0.6149595714321493
16,properties,rtdetr-v2-l-coco-torch,0.5,500,247,0.494,0.6140964298859035,0.5719391804871301,0.6587383635110635
16,properties,rtdetr-v2-m-coco-torch,0.5,500,236,0.472,0.5733018746789933,0.5284161631584512,0.617552645095018
16,properties,rtdetr-v2-s-coco-torch,0.5,500,274,0.548,0.550909178993605,0.5057908373380082,0.5964885790000977
16,properties,rtdetr-x-coco-torch,0.5,500,282,0.564,0.5400156158500878,0.4951311684114048,0.5867128870467727
16,properties,yolo11l-coco-torch,0.5,500,259,0.518,0.5660055431839665,0.5179222303030303,0.6108997677603935
16,properties,yolo11m-coco-torch,0.5,500,274,0.548,0.5557861249273303,0.511691013381213,0.6003487659141045
16,properties,yolo11n-coco-torch,0.5,500,387,0.774,0.6369623379296151,0.5796696982627855,0.696750831258178
16,properties,yolo11s-coco-torch,0.5,500,318,0.636,0.5861496993572465,0.5375322129114968,0.6341633378069038
16,properties,yolo11x-coco-torch,0.5,500,234,0.468,0.568070818070818,0.5228586912886392,0.6121867105841018
16,properties,yolov10l-coco-torch,0.5,500,263,0.526,0.5766953843191991,0.5310724606599138,0.6200037272193409
16,properties,yolov10m-coco-torch,0.5,500,287,0.574,0.5835173643486938,0.5401813790019236,0.6327012229898922
16,properties,yolov10n-coco-torch,0.5,500,417,0.834,0.6696281528993673,0.6091923613161566,0.7330173486707249
16,properties,yolov10s-coco-torch,0.5,500,324,0.648,0.6260872615039281,0.5809536343500536,0.6756640871682753
16,properties,yolov10x-coco-torch,0.5,500,251,0.502,0.5853613657818525,0.5392628368072826,0.630690101174536
16,properties,yolov5l-coco-torch,0.5,500,262,0.524,0.5465953556995318,0.5020057527953525,0.5914970493332093
16,properties,yolov5m-coco-torch,0.5,500,289,0.578,0.5638170517719214,0.5166704845322738,0.6094031154499152
16,properties,yolov5n-coco-torch,0.5,500,417,0.834,0.6186183583253879,0.5584466200414554,0.680875709866106
16,properties,yolov5s-coco-torch,0.5,500,324,0.648,0.5738811728395061,0.5229979568991131,0.6257934638704519
16,properties,yolov5x-coco-torch,0.5,500,243,0.486,0.5607436230004323,0.5130353674790445,0.6048483156067431
16,properties,yolov8l-coco-torch,0.5,500,245,0.49,0.5448259303721489,0.49926696989378233,0.5869152611857547
16,properties,yolov8m-coco-torch,0.5,500,272,0.544,0.5770526960784313,0.5339794293905931,0.6255321244689604
16,properties,yolov8n-coco-torch,0.5,500,388,0.776,0.5736722201767305,0.5214839929333004,0.6315288357488287
16,properties,yolov8s-coco-torch,0.5,500,303,0.606,0.5558878222847665,0.5093536039227153,0.605500311564409
16,properties,yolov8x-coco-torch,0.5,500,239,0.478,0.5466823770820308,0.501775460770058,0.5897862725736995
16,properties,yolov9c-coco-torch,0.5,500,267,0.534,0.5608734789667422,0.5155423715200007,0.6060570633843504
16,properties,yolov9e-coco-torch,0.5,500,223,0.446,0.5686487186543847,0.5244882339052677,0.6143142629252355
16,properties,detection-transformer-torch,0.75,500,473,0.946,0.6042988019732206,0.4913563370416745,0.7228548037510064
16,properties,dfine-large-coco-torch,0.75,500,431,0.862,0.6972830290191331,0.6235831534349675,0.7681494000697824
16,properties,dfine-medium-coco-torch,0.75,500,431,0.862,0.7492013853861932,0.68604931147052,0.807015018693281
16,properties,dfine-nano-coco-torch,0.75,500,458,0.916,0.7415263048450821,0.6641677989130435,0.826793076876391
16,properties,dfine-small-coco-torch,0.75,500,457,0.914,0.7027632181568368,0.619694750325631,0.7923278575849296
16,properties,dfine-xlarge-coco-torch,0.75,500,420,0.84,0.7108035714285714,0.6455968389231608,0.7727305561739672
16,properties,faster-rcnn-resnet50-fpn-coco-torch,0.75,500,470,0.94,0.5162765957446809,0.41597740852556514,0.6171501551418439
16,properties,retinanet-resnet50-fpn-coco-torch,0.75,500,464,0.928,0.6789990421455939,0.581086588188732,0.7838988331798682
16,properties,rfdetr-base-coco-torch,0.75,500,448,0.896,0.7468878777472527,0.6795385560977016,0.8172862711375982
16,properties,rfdetr-large-coco-torch,0.75,500,443,0.886,0.7365648885192666,0.6664844679337733,0.8049147465030094
16,properties,rfdetr-medium-coco-torch,0.75,500,441,0.882,0.7338483415965256,0.6673567518371475,0.8008958589330326
16,properties,rfdetr-nano-coco-torch,0.75,500,452,0.904,0.7701419616519174,0.7004689419902759,0.8427128833779531
16,properties,rfdetr-small-coco-torch,0.75,500,443,0.886,0.7452972159518435,0.6791044626769628,0.8118040242750594
16,properties,rtdetr-l-coco-torch,0.75,500,441,0.882,0.683000883969407,0.6040693490133897,0.7608688797706274
16,properties,rtdetr-v2-l-coco-torch,0.75,500,429,0.858,0.7650612298499623,0.7091780421470913,0.8268885810190691
16,properties,rtdetr-v2-m-coco-torch,0.75,500,427,0.854,0.6740880947034102,0.6026479684621562,0.7389025064085267
16,properties,rtdetr-v2-s-coco-torch,0.75,500,447,0.894,0.6729559748427673,0.5931135136415309,0.7543758136065127
16,properties,rtdetr-x-coco-torch,0.75,500,441,0.882,0.6533110419308966,0.5777237914412777,0.7312655052210417
16,properties,yolo11l-coco-torch,0.75,500,435,0.87,0.7152431476569407,0.6449869477157564,0.7861659371034089
16,properties,yolo11m-coco-torch,0.75,500,441,0.882,0.7169184057803912,0.642098842864035,0.792682863166977
16,properties,yolo11n-coco-torch,0.75,500,474,0.948,0.8139402791301525,0.7298314035685433,0.890195662640056
16,properties,yolo11s-coco-torch,0.75,500,452,0.904,0.6684411873156342,0.5886731300058826,0.7575312817058426
16,properties,yolo11x-coco-torch,0.75,500,418,0.836,0.7163321274361069,0.6528125878595065,0.7714218620224252
16,properties,yolov10l-coco-torch,0.75,500,441,0.882,0.7296206618240516,0.657119051812194,0.7994953431667418
16,properties,yolov10m-coco-torch,0.75,500,445,0.89,0.7395505617977528,0.6772333955062069,0.8127804240262323
16,properties,yolov10n-coco-torch,0.75,500,476,0.952,0.7420343137254902,0.631282142466353,0.8433541954817889
16,properties,yolov10s-coco-torch,0.75,500,454,0.908,0.7436314882206474,0.6653613496683644,0.8248275819968744
16,properties,yolov10x-coco-torch,0.75,500,433,0.866,0.7021991658336493,0.6392949911138176,0.7718394496439667
16,properties,yolov5l-coco-torch,0.75,500,441,0.882,0.6405703524347592,0.5695470851892798,0.7111606642119883
16,properties,yolov5m-coco-torch,0.75,500,445,0.89,0.7080286006128703,0.632171747792744,0.7923310406567973
16,properties,yolov5n-coco-torch,0.75,500,480,0.96,0.7764583333333334,0.6662171163758507,0.892297573592247
16,properties,yolov5s-coco-torch,0.75,500,451,0.902,0.6903479795465858,0.6160132038816476,0.7754170629864133
16,properties,yolov5x-coco-torch,0.75,500,425,0.85,0.6944941176470588,0.6316915380345317,0.7619677754225693
16,properties,yolov8l-coco-torch,0.75,500,431,0.862,0.6898517098759205,0.6285348612686493,0.7587049526902152
16,properties,yolov8m-coco-torch,0.75,500,446,0.892,0.7113851519681116,0.628800041494418,0.790043064453362
16,properties,yolov8n-coco-torch,0.75,500,476,0.952,0.7227766106442577,0.6054240113530988,0.8413917100055605
16,properties,yolov8s-coco-torch,0.75,500,456,0.912,0.6820923046251993,0.5915088144927383,0.7706837033836514
16,properties,yolov8x-coco-torch,0.75,500,425,0.85,0.6633568627450981,0.6024700322822739,0.731382822711692
16,properties,yolov9c-coco-torch,0.75,500,434,0.868,0.6816785365172462,0.6146491859903924,0.7511490417885953
16,properties,yolov9e-coco-torch,0.75,500,427,0.854,0.6705591735908376,0.6038183621891109,0.7364529031890871
16,random,detection-transformer-torch,0.25,1000,323,0.323,0.6558231315537955,0.6234908288809207,0.6873204398932992
16,random,dfine-large-coco-torch,0.25,1000,53,0.053,0.5651311988205057,0.4977319968625571,0.6352462569367808
16,random,dfine-medium-coco-torch,0.25,1000,49,0.049,0.5196570741861414,0.4456487552042002,0.5970281695522199
16,random,dfine-nano-coco-torch,0.25,1000,114,0.114,0.6114213298483229,0.5625533829626913,0.6609775496770888
16,random,dfine-small-coco-torch,0.25,1000,68,0.068,0.5768587477909619,0.5133980378447307,0.6442346128316384
16,random,dfine-xlarge-coco-torch,0.25,1000,38,0.038,0.5790978225188752,0.4968083123226622,0.663985731190495
16,random,faster-rcnn-resnet50-fpn-coco-torch,0.25,1000,147,0.147,0.5339657551179909,0.48919779439710526,0.5760550555202003
16,random,retinanet-resnet50-fpn-coco-torch,0.25,1000,88,0.088,0.6021232057416268,0.5450534294375493,0.6583638558384917
16,random,rfdetr-base-coco-torch,0.25,1000,102,0.102,0.603012140268134,0.5452561135036607,0.6550382433321886
16,random,rfdetr-large-coco-torch,0.25,1000,100,0.1,0.6214111111111111,0.5690194800619981,0.6727574494629707
16,random,rfdetr-medium-coco-torch,0.25,1000,97,0.097,0.6186537429644599,0.5662337363968156,0.6738323577258735
16,random,rfdetr-nano-coco-torch,0.25,1000,137,0.137,0.6499902732785817,0.6044287651748467,0.6973076162328934
16,random,rfdetr-small-coco-torch,0.25,1000,97,0.097,0.6254409699626674,0.5759291063200976,0.6795196967378611
16,random,rtdetr-l-coco-torch,0.25,1000,91,0.091,0.5671006661105671,0.508808091617372,0.6277060483781237
16,random,rtdetr-v2-l-coco-torch,0.25,1000,70,0.07,0.6173195084485407,0.555328826900474,0.6843073658648008
16,random,rtdetr-v2-m-coco-torch,0.25,1000,54,0.054,0.5739566204682484,0.5015627613082629,0.6506529089919423
16,random,rtdetr-v2-s-coco-torch,0.25,1000,68,0.068,0.5768587477909619,0.5149754419011258,0.6469264410046037
16,random,rtdetr-x-coco-torch,0.25,1000,87,0.087,0.5706399264770682,0.512992808977725,0.6269786218399789
16,random,yolo11l-coco-torch,0.25,1000,63,0.063,0.5921634395487116,0.5254326044898632,0.660480289090032
16,random,yolo11m-coco-torch,0.25,1000,67,0.067,0.5850970229239654,0.5240970597390144,0.6530428471122708
16,random,yolo11n-coco-torch,0.25,1000,165,0.165,0.6240609689711486,0.5836853307526387,0.66352379117192
16,random,yolo11s-coco-torch,0.25,1000,97,0.097,0.6323423639415008,0.5837304090833534,0.6860695236311237
16,random,yolo11x-coco-torch,0.25,1000,50,0.05,0.6354421052631579,0.5584766669755096,0.7112400742681527
16,random,yolov10l-coco-torch,0.25,1000,66,0.066,0.6364853027058595,0.5753051672394942,0.6969063157894737
16,random,yolov10m-coco-torch,0.25,1000,76,0.076,0.6073920596946912,0.5497992281504009,0.6656845426616975
16,random,yolov10n-coco-torch,0.25,1000,209,0.209,0.6221305476079579,0.5846353301631712,0.6586695955340187
16,random,yolov10s-coco-torch,0.25,1000,96,0.096,0.6444909199852508,0.5920811606400812,0.6970559868107814
16,random,yolov10x-coco-torch,0.25,1000,55,0.055,0.6212602212602213,0.5571811300600347,0.6898917950178476
16,random,yolov5l-coco-torch,0.25,1000,68,0.068,0.5994382731633426,0.5373323324286796,0.6596910753265653
16,random,yolov5m-coco-torch,0.25,1000,86,0.086,0.5960638135463844,0.5395434405080065,0.6521806929655671
16,random,yolov5n-coco-torch,0.25,1000,225,0.225,0.5906150537634408,0.5528467529148037,0.6277850087540836
16,random,yolov5s-coco-torch,0.25,1000,97,0.097,0.5975956433880193,0.5446872542920512,0.6505966869008329
16,random,yolov5x-coco-torch,0.25,1000,58,0.058,0.5473771872025771,0.4799131137169784,0.6220946260614758
16,random,yolov8l-coco-torch,0.25,1000,50,0.05,0.567021052631579,0.4885506327484383,0.6439371100931517
16,random,yolov8m-coco-torch,0.25,1000,69,0.069,0.5860225096903751,0.5238861781951043,0.649713177783682
16,random,yolov8n-coco-torch,0.25,1000,188,0.188,0.603084713342417,0.5624147910991449,0.6415083678570872
16,random,yolov8s-coco-torch,0.25,1000,95,0.095,0.596324512939808,0.5471196790601947,0.6478154603422887
16,random,yolov8x-coco-torch,0.25,1000,52,0.052,0.6135386238234339,0.5443234499696469,0.6837700451343218
16,random,yolov9c-coco-torch,0.25,1000,61,0.061,0.5981511548735139,0.5278687765684791,0.6702366534848314
16,random,yolov9e-coco-torch,0.25,1000,49,0.049,0.5683169166720315,0.4922045594202253,0.6469646991656504
16,random,detection-transformer-torch,0.5,1000,711,0.711,0.6802957966507527,0.6433445222168416,0.7107720716251235
16,random,dfine-large-coco-torch,0.5,1000,307,0.307,0.6012145653839465,0.5665962415783984,0.6345160799319471
16,random,dfine-medium-coco-torch,0.5,1000,303,0.303,0.6087380617545255,0.5747126424485335,0.6420950687179295
16,random,dfine-nano-coco-torch,0.5,1000,481,0.481,0.6529288292294073,0.6214395980497462,0.6838893787390957
16,random,dfine-small-coco-torch,0.5,1000,392,0.392,0.6320509700590763,0.5999524790758857,0.6637749978247984
16,random,dfine-xlarge-coco-torch,0.5,1000,270,0.27,0.588675799086758,0.5505556774914505,0.6238593356863583
16,random,faster-rcnn-resnet50-fpn-coco-torch,0.5,1000,667,0.667,0.5838387112749931,0.5481737360132396,0.6180428519565758
16,random,retinanet-resnet50-fpn-coco-torch,0.5,1000,511,0.511,0.646426870605373,0.6128372500877042,0.67678746598904
16,random,rfdetr-base-coco-torch,0.5,1000,380,0.38,0.6186587436332768,0.5882782137726569,0.6505639888741489
16,random,rfdetr-large-coco-torch,0.5,1000,361,0.361,0.6175009428686616,0.5851940073154055,0.6517653919071682
16,random,rfdetr-medium-coco-torch,0.5,1000,370,0.37,0.6348048048048048,0.6035201122586663,0.6686691509564886
16,random,rfdetr-nano-coco-torch,0.5,1000,439,0.439,0.6501711473572656,0.6167103542964708,0.6812302494119233
16,random,rfdetr-small-coco-torch,0.5,1000,370,0.37,0.6364693264693265,0.6010867151711633,0.6705532875069827
16,random,rtdetr-l-coco-torch,0.5,1000,484,0.484,0.6494129989108848,0.6161956060146663,0.6774164209843547
16,random,rtdetr-v2-l-coco-torch,0.5,1000,299,0.299,0.6262243617574511,0.5951801442916771,0.6585041087692833
16,random,rtdetr-v2-m-coco-torch,0.5,1000,290,0.29,0.6166974259349198,0.5818643347228352,0.6495578546553359
16,random,rtdetr-v2-s-coco-torch,0.5,1000,380,0.38,0.6184443972835314,0.58712503335069,0.6495480116795544
16,random,rtdetr-x-coco-torch,0.5,1000,482,0.482,0.6449338342491869,0.6134974573690217,0.6740935196791583
16,random,yolo11l-coco-torch,0.5,1000,326,0.326,0.6143502758005498,0.5814017551382401,0.6505158906318655
16,random,yolo11m-coco-torch,0.5,1000,345,0.345,0.6066356897886934,0.5739998921970131,0.6383747046603707
16,random,yolo11n-coco-torch,0.5,1000,568,0.568,0.65793720657277,0.6268840085830839,0.6868869859458808
16,random,yolo11s-coco-torch,0.5,1000,417,0.417,0.623486802324864,0.59138187995783,0.6539581567155781
16,random,yolo11x-coco-torch,0.5,1000,275,0.275,0.6157166144200626,0.5816159321010014,0.6520162124874092
16,random,yolov10l-coco-torch,0.5,1000,331,0.331,0.6156029425710918,0.583080179600474,0.647564372685445
16,random,yolov10m-coco-torch,0.5,1000,340,0.34,0.6070031194295901,0.5738200145466271,0.6386905648984796
16,random,yolov10n-coco-torch,0.5,1000,598,0.598,0.6539127106940216,0.6222313556069603,0.6847301657267668
16,random,yolov10s-coco-torch,0.5,1000,393,0.393,0.6280250344790003,0.5971352052756155,0.6595017331456505
16,random,yolov10x-coco-torch,0.5,1000,309,0.309,0.6055690594279666,0.5730481930904517,0.6385892933743702
16,random,yolov5l-coco-torch,0.5,1000,335,0.335,0.6179620693524857,0.5864819746540846,0.6509223262532472
16,random,yolov5m-coco-torch,0.5,1000,397,0.397,0.6159776265607312,0.5826649893593209,0.6485198632833157
16,random,yolov5n-coco-torch,0.5,1000,642,0.642,0.6162111244539584,0.5833576512806135,0.6489992243951674
16,random,yolov5s-coco-torch,0.5,1000,440,0.44,0.6175202922077923,0.586850513615555,0.6488137282073015
16,random,yolov5x-coco-torch,0.5,1000,303,0.303,0.602367051626253,0.5682443249757193,0.636983587506813
16,random,yolov8l-coco-torch,0.5,1000,298,0.298,0.6069332109600566,0.5729286503330091,0.6424944711593645
16,random,yolov8m-coco-torch,0.5,1000,352,0.352,0.6114969135802469,0.5793970772457133,0.6445190896490904
16,random,yolov8n-coco-torch,0.5,1000,597,0.597,0.6425406602907008,0.6103994699727283,0.6727074281150268
16,random,yolov8s-coco-torch,0.5,1000,433,0.433,0.6207583366936715,0.5896024181875082,0.6520500229928791
16,random,yolov8x-coco-torch,0.5,1000,290,0.29,0.60287032540068,0.5677415012458201,0.6348915181309662
16,random,yolov9c-coco-torch,0.5,1000,338,0.338,0.5958700548812099,0.5621866968214121,0.6273627702327754
16,random,yolov9e-coco-torch,0.5,1000,268,0.268,0.5913287048364734,0.5545478541024457,0.6247312693013041
16,random,detection-transformer-torch,0.75,1000,864,0.864,0.729145390795207,0.6835033041260558,0.7689795642564714
16,random,dfine-large-coco-torch,0.75,1000,632,0.632,0.696434713813979,0.6657950007351955,0.7281675248579546
16,random,dfine-medium-coco-torch,0.75,1000,631,0.631,0.7028783837759138,0.6743216341771733,0.7312020677117977
16,random,dfine-nano-coco-torch,0.75,1000,725,0.725,0.704012539184953,0.6692925380063401,0.7368252420763939
16,random,dfine-small-coco-torch,0.75,1000,704,0.704,0.6989668112714987,0.6684390689401036,0.7297147041932882
16,random,dfine-xlarge-coco-torch,0.75,1000,591,0.591,0.6930526768685954,0.6637028845712186,0.7211098037122747
16,random,faster-rcnn-resnet50-fpn-coco-torch,0.75,1000,870,0.87,0.6832670203359859,0.6334650226740324,0.7265598378668475
16,random,retinanet-resnet50-fpn-coco-torch,0.75,1000,784,0.784,0.686295351473923,0.6481967315286177,0.7197107394410702
16,random,rfdetr-base-coco-torch,0.75,1000,658,0.658,0.7008189800742992,0.6715125149744691,0.7333899978159352
16,random,rfdetr-large-coco-torch,0.75,1000,631,0.631,0.6853276298214647,0.6541494483687815,0.7160006562515615
16,random,rfdetr-medium-coco-torch,0.75,1000,629,0.629,0.6899026821335368,0.6595775476663516,0.7208872577460641
16,random,rfdetr-nano-coco-torch,0.75,1000,690,0.69,0.7160518934081347,0.6863805334831042,0.7475143183096818
16,random,rfdetr-small-coco-torch,0.75,1000,641,0.641,0.7048592250096689,0.6738413308429504,0.7347567085749018
16,random,rtdetr-l-coco-torch,0.75,1000,743,0.743,0.7039318987593676,0.6685958301703053,0.7349220750967908
16,random,rtdetr-v2-l-coco-torch,0.75,1000,607,0.607,0.7247003785354075,0.6963017381799828,0.7524900701194622
16,random,rtdetr-v2-m-coco-torch,0.75,1000,626,0.626,0.7041973484136611,0.6735871166015667,0.732635770943193
16,random,rtdetr-v2-s-coco-torch,0.75,1000,680,0.68,0.6963786764705883,0.6659985879268306,0.7272784734940718
16,random,rtdetr-x-coco-torch,0.75,1000,742,0.742,0.7074688146430138,0.6728970504215175,0.7371625147597637
16,random,yolo11l-coco-torch,0.75,1000,650,0.65,0.6982681318681319,0.6680828658836999,0.7296851718179413
16,random,yolo11m-coco-torch,0.75,1000,666,0.666,0.7068722914531298,0.6769423137171334,0.737669745553832
16,random,yolo11n-coco-torch,0.75,1000,778,0.778,0.7297760485421154,0.6958976176952613,0.763154529316112
16,random,yolo11s-coco-torch,0.75,1000,693,0.693,0.6980108201606573,0.6670816504045961,0.7290051156757178
16,random,yolo11x-coco-torch,0.75,1000,602,0.602,0.7051933254311424,0.6738963162078763,0.7359532829268423
16,random,yolov10l-coco-torch,0.75,1000,633,0.633,0.6958775090288449,0.6653339748403589,0.7255297623572403
16,random,yolov10m-coco-torch,0.75,1000,657,0.657,0.6980111026798195,0.6661744483070715,0.7287284736510145
16,random,yolov10n-coco-torch,0.75,1000,784,0.784,0.7344990079365079,0.702451616122557,0.7666893473088093
16,random,yolov10s-coco-torch,0.75,1000,691,0.691,0.6942309583690445,0.6636111004134504,0.7238648388461917
16,random,yolov10x-coco-torch,0.75,1000,625,0.625,0.6801792,0.6495652840761049,0.7107531378733042
16,random,yolov5l-coco-torch,0.75,1000,672,0.672,0.7041571392276422,0.672881584384253,0.7361173050854148
16,random,yolov5m-coco-torch,0.75,1000,687,0.687,0.6949509605591752,0.6656326114690511,0.7271342373570897
16,random,yolov5n-coco-torch,0.75,1000,838,0.838,0.7263656854945638,0.6872486271405137,0.7632769083842821
16,random,yolov5s-coco-torch,0.75,1000,718,0.718,0.6959121081017009,0.6638364248101724,0.7279878880913805
16,random,yolov5x-coco-torch,0.75,1000,624,0.624,0.6971473506546645,0.6665306649271642,0.7271247588950137
16,random,yolov8l-coco-torch,0.75,1000,622,0.622,0.6865759880229334,0.655792620826922,0.7189850519430291
16,random,yolov8m-coco-torch,0.75,1000,680,0.68,0.7030698529411765,0.6729640634390427,0.7342975889085255
16,random,yolov8n-coco-torch,0.75,1000,798,0.798,0.7087458745874587,0.6735513078828339,0.7465714823322618
16,random,yolov8s-coco-torch,0.75,1000,715,0.715,0.7024021592442645,0.6704664685365521,0.7353192198167944
16,random,yolov8x-coco-torch,0.75,1000,623,0.623,0.6894529337380946,0.6579387750095173,0.7182078484444535
16,random,yolov9c-coco-torch,0.75,1000,659,0.659,0.6985679893555952,0.6676820642759675,0.729094347940227
16,random,yolov9e-coco-torch,0.75,1000,604,0.604,0.6923163756773029,0.6633320911696039,0.7223671157107384
17,properties,detection-transformer-torch,0.25,500,231,0.462,0.5557701282608346,0.5167153936469242,0.5976418320021738
17,properties,dfine-large-coco-torch,0.25,500,58,0.116,0.56999921984709,0.5014566313876614,0.6393809487071206
17,properties,dfine-medium-coco-torch,0.25,500,61,0.122,0.5592441838754247,0.4817345982306636,0.6293031219769581
17,properties,dfine-nano-coco-torch,0.25,500,127,0.254,0.5643959384433515,0.5160121009368954,0.6137335614788346
17,properties,dfine-small-coco-torch,0.25,500,74,0.148,0.5492957746478874,0.48588360398626684,0.6080925198144392
17,properties,dfine-xlarge-coco-torch,0.25,500,53,0.106,0.5499978894939006,0.47822029790923803,0.6240860051829574
17,properties,faster-rcnn-resnet50-fpn-coco-torch,0.25,500,87,0.174,0.511577746235841,0.4537789882589375,0.5694814762020932
17,properties,retinanet-resnet50-fpn-coco-torch,0.25,500,90,0.18,0.6014769647696477,0.5466537581243708,0.6543596318469266
17,properties,rfdetr-base-coco-torch,0.25,500,112,0.224,0.5941181885125184,0.5378568579693249,0.650389010269022
17,properties,rfdetr-large-coco-torch,0.25,500,107,0.214,0.5777627167011486,0.5222282921541808,0.6351135600249243
17,properties,rfdetr-medium-coco-torch,0.25,500,121,0.242,0.5797989489522232,0.5244691648191516,0.6339815493771337
17,properties,rfdetr-nano-coco-torch,0.25,500,165,0.33,0.575667118950701,0.5294171503537702,0.6234412656285059
17,properties,rfdetr-small-coco-torch,0.25,500,126,0.252,0.587153043035396,0.5339430557006742,0.6378443867893917
17,properties,rtdetr-l-coco-torch,0.25,500,61,0.122,0.5402927667201912,0.4800854290360154,0.6058159428524663
17,properties,rtdetr-v2-l-coco-torch,0.25,500,81,0.162,0.5371254309201803,0.47403643085422303,0.5974328300670831
17,properties,rtdetr-v2-m-coco-torch,0.25,500,60,0.12,0.5755113636363637,0.508500795984717,0.6451726641204012
17,properties,rtdetr-v2-s-coco-torch,0.25,500,70,0.14,0.5711461794019933,0.505686738407976,0.6295569806393113
17,properties,rtdetr-x-coco-torch,0.25,500,53,0.106,0.5376303237516357,0.46858092504298876,0.6086314385333621
17,properties,yolo11l-coco-torch,0.25,500,75,0.15,0.5603137254901961,0.4958440139796293,0.6194205948173399
17,properties,yolo11m-coco-torch,0.25,500,83,0.166,0.5313628615180145,0.4685232943693443,0.5904453125
17,properties,yolo11n-coco-torch,0.25,500,166,0.332,0.5537028352932689,0.5075697765407683,0.5980246298254085
17,properties,yolo11s-coco-torch,0.25,500,95,0.19,0.5435217673814166,0.48352158174486803,0.5954969322876866
17,properties,yolo11x-coco-torch,0.25,500,60,0.12,0.5332386363636363,0.4648597293933247,0.5963219875024893
17,properties,yolov10l-coco-torch,0.25,500,82,0.164,0.567860893919944,0.5075965798003196,0.6283595253613407
17,properties,yolov10m-coco-torch,0.25,500,93,0.186,0.5544239253916673,0.49057515501788007,0.6134033398823246
17,properties,yolov10n-coco-torch,0.25,500,201,0.402,0.5731626150185527,0.5310586513079345,0.6179969503056265
17,properties,yolov10s-coco-torch,0.25,500,113,0.226,0.5412979351032449,0.4896833022994224,0.5917436483046995
17,properties,yolov10x-coco-torch,0.25,500,72,0.144,0.5426239615784009,0.4807414352769057,0.6059670971349984
17,properties,yolov5l-coco-torch,0.25,500,67,0.134,0.5440350211988556,0.4781771293593492,0.6100976099662554
17,properties,yolov5m-coco-torch,0.25,500,84,0.168,0.5298048305860806,0.46482219012979603,0.5893376794600635
17,properties,yolov5n-coco-torch,0.25,500,206,0.412,0.5478997424212403,0.5054452348101129,0.5916398036395261
17,properties,yolov5s-coco-torch,0.25,500,105,0.21,0.5448583484026522,0.48900256150445515,0.5929547401261628
17,properties,yolov5x-coco-torch,0.25,500,61,0.122,0.5330296127562643,0.45984223131619395,0.6036407151030828
17,properties,yolov8l-coco-torch,0.25,500,63,0.126,0.5244451708982601,0.4584587514564881,0.5908645554834849
17,properties,yolov8m-coco-torch,0.25,500,81,0.162,0.544255870827072,0.47731293178496154,0.6039817179468053
17,properties,yolov8n-coco-torch,0.25,500,169,0.338,0.5568029460662507,0.5126387784435801,0.6044511765086108
17,properties,yolov8s-coco-torch,0.25,500,91,0.182,0.5219645879792579,0.4649337825942077,0.5790389894232196
17,properties,yolov8x-coco-torch,0.25,500,61,0.122,0.5574330632211808,0.48804306130895414,0.628749156070593
17,properties,yolov9c-coco-torch,0.25,500,70,0.14,0.5285215946843854,0.46757869725972023,0.5918091290257256
17,properties,yolov9e-coco-torch,0.25,500,65,0.13,0.554288240495137,0.4891188423785973,0.621687292358804
17,properties,detection-transformer-torch,0.5,500,411,0.822,0.5403783591678285,0.4833451621034786,0.6046721058691009
17,properties,dfine-large-coco-torch,0.5,500,243,0.486,0.5620326335847304,0.5196869248725067,0.603825957187835
17,properties,dfine-medium-coco-torch,0.5,500,245,0.49,0.5810804321728692,0.5391271538674927,0.6206335301364821
17,properties,dfine-nano-coco-torch,0.5,500,351,0.702,0.6122296793437733,0.5635670675010881,0.6580652929465933
17,properties,dfine-small-coco-torch,0.5,500,291,0.582,0.5926026406221739,0.5516996854585734,0.6338739575226077
17,properties,dfine-xlarge-coco-torch,0.5,500,218,0.436,0.5663510963628082,0.5238074794062362,0.6075305855735206
17,properties,faster-rcnn-resnet50-fpn-coco-torch,0.5,500,350,0.7,0.5068571428571429,0.45969961009885885,0.5539168086843019
17,properties,retinanet-resnet50-fpn-coco-torch,0.5,500,347,0.694,0.5689288203273625,0.5243865184230113,0.6129261363636364
17,properties,rfdetr-base-coco-torch,0.5,500,315,0.63,0.5951437151437151,0.5534493980435646,0.6383355929022073
17,properties,rfdetr-large-coco-torch,0.5,500,302,0.604,0.604195932838317,0.5640226153157188,0.6455931718470107
17,properties,rfdetr-medium-coco-torch,0.5,500,313,0.626,0.5947532077019015,0.5552518279415923,0.635952496621026
17,properties,rfdetr-nano-coco-torch,0.5,500,363,0.726,0.642597172789608,0.6011026493930905,0.6871100683310494
17,properties,rfdetr-small-coco-torch,0.5,500,328,0.656,0.6197089478162223,0.5756351855856979,0.6611205480477884
17,properties,rtdetr-l-coco-torch,0.5,500,295,0.59,0.5621000413393964,0.5206352005355148,0.6021063868391411
17,properties,rtdetr-v2-l-coco-torch,0.5,500,247,0.494,0.6079835496311469,0.5673643532287501,0.648025496000102
17,properties,rtdetr-v2-m-coco-torch,0.5,500,236,0.472,0.5748507318952234,0.5311306365519738,0.6158135760504803
17,properties,rtdetr-v2-s-coco-torch,0.5,500,274,0.548,0.5706511207286351,0.5292990172370535,0.6119283748154121
17,properties,rtdetr-x-coco-torch,0.5,500,282,0.564,0.5479455397228187,0.507186527492722,0.5894430801964068
17,properties,yolo11l-coco-torch,0.5,500,259,0.518,0.5581553693586888,0.5126107931969612,0.5999288676753539
17,properties,yolo11m-coco-torch,0.5,500,274,0.548,0.5549463858923842,0.5098214214040165,0.5987378254634041
17,properties,yolo11n-coco-torch,0.5,500,387,0.774,0.6093160458256157,0.5615328326647433,0.6578240473193863
17,properties,yolo11s-coco-torch,0.5,500,318,0.636,0.5750570184532449,0.5344032077415312,0.6162818781067231
17,properties,yolo11x-coco-torch,0.5,500,234,0.468,0.5492095623674571,0.506213013528737,0.5907559156851322
17,properties,yolov10l-coco-torch,0.5,500,263,0.526,0.5607963934478831,0.5192644767795402,0.6024566641757774
17,properties,yolov10m-coco-torch,0.5,500,287,0.574,0.5720420081464396,0.5294299157843169,0.6140154807392708
17,properties,yolov10n-coco-torch,0.5,500,417,0.834,0.6067868596688913,0.5559054308313027,0.6648272157333046
17,properties,yolov10s-coco-torch,0.5,500,324,0.648,0.5902865460157127,0.5456730719120625,0.6332423659656153
17,properties,yolov10x-coco-torch,0.5,500,251,0.502,0.5709051344821517,0.5269671182052572,0.6125128326403232
17,properties,yolov5l-coco-torch,0.5,500,262,0.524,0.541070626723972,0.49618216828182243,0.5827426591166416
17,properties,yolov5m-coco-torch,0.5,500,289,0.578,0.5854638482100395,0.5422787510124382,0.6283273221229239
17,properties,yolov5n-coco-torch,0.5,500,417,0.834,0.6127820635058219,0.5635378865241929,0.6676769108426936
17,properties,yolov5s-coco-torch,0.5,500,324,0.648,0.5506278058361391,0.5056382945952349,0.593910875580849
17,properties,yolov5x-coco-torch,0.5,500,243,0.486,0.5581015516164674,0.5143243507446948,0.6009392693280146
17,properties,yolov8l-coco-torch,0.5,500,245,0.49,0.5448259303721489,0.500150571860525,0.5861097785274595
17,properties,yolov8m-coco-torch,0.5,500,272,0.544,0.5880659829721362,0.5467721027132278,0.6300548210254422
17,properties,yolov8n-coco-torch,0.5,500,388,0.776,0.5672979565537555,0.5185427674522468,0.6182248313143126
17,properties,yolov8s-coco-torch,0.5,500,303,0.606,0.5628570471260324,0.5191569182758329,0.604909300964714
17,properties,yolov8x-coco-torch,0.5,500,239,0.478,0.5517321534490774,0.5077886142468407,0.5923216005067725
17,properties,yolov9c-coco-torch,0.5,500,267,0.534,0.5614762662551639,0.5186199204493928,0.6027538566339758
17,properties,yolov9e-coco-torch,0.5,500,223,0.446,0.565928995807094,0.5226380528052575,0.6111556933791447
17,properties,detection-transformer-torch,0.75,500,473,0.946,0.6003053793751468,0.49228430793199746,0.6984526848662431
17,properties,dfine-large-coco-torch,0.75,500,431,0.862,0.6451965432596927,0.5829591442524922,0.7074050059598501
17,properties,dfine-medium-coco-torch,0.75,500,431,0.862,0.6643801069302936,0.6033188910059321,0.7269451334686436
17,properties,dfine-nano-coco-torch,0.75,500,458,0.916,0.6765699729673529,0.5947737690447382,0.758983942271431
17,properties,dfine-small-coco-torch,0.75,500,457,0.914,0.6420029515037403,0.5694846616541354,0.7215499266463907
17,properties,dfine-xlarge-coco-torch,0.75,500,420,0.84,0.6643154761904762,0.6055954036735176,0.7239565236038235
17,properties,faster-rcnn-resnet50-fpn-coco-torch,0.75,500,470,0.94,0.5796099290780142,0.48191410768540893,0.6769927808544304
17,properties,retinanet-resnet50-fpn-coco-torch,0.75,500,464,0.928,0.7026460727969349,0.6151060741338575,0.7882464691341848
17,properties,rfdetr-base-coco-torch,0.75,500,448,0.896,0.6821986607142857,0.6158652609064785,0.7478882572984848
17,properties,rfdetr-large-coco-torch,0.75,500,443,0.886,0.6765276622708012,0.6122165201896276,0.7420809679804126
17,properties,rfdetr-medium-coco-torch,0.75,500,441,0.882,0.6635343402897882,0.5985070574947475,0.7350804888699897
17,properties,rfdetr-nano-coco-torch,0.75,500,452,0.904,0.6763689159292036,0.605445543182242,0.7530446535372523
17,properties,rfdetr-small-coco-torch,0.75,500,443,0.886,0.6765276622708012,0.6137203313637158,0.743262385803307
17,properties,rtdetr-l-coco-torch,0.75,500,441,0.882,0.6414735385679695,0.5705029689240616,0.7100559176446518
17,properties,rtdetr-v2-l-coco-torch,0.75,500,429,0.858,0.6742834630158574,0.6185281385624415,0.7364860865380846
17,properties,rtdetr-v2-m-coco-torch,0.75,500,427,0.854,0.6571492733630618,0.5977645246355345,0.7186572634171494
17,properties,rtdetr-v2-s-coco-torch,0.75,500,447,0.894,0.6462791777468236,0.5749251340145327,0.722808701371357
17,properties,rtdetr-x-coco-torch,0.75,500,441,0.882,0.6398785502901726,0.5698371570336173,0.7083371545748725
17,properties,yolo11l-coco-torch,0.75,500,435,0.87,0.666790450928382,0.6038204002826632,0.7335276192014936
17,properties,yolo11m-coco-torch,0.75,500,441,0.882,0.6873246473730735,0.6301111518081802,0.7496707936507936
17,properties,yolo11n-coco-torch,0.75,500,474,0.948,0.7403846153846154,0.6596967593453732,0.8231141197964245
17,properties,yolo11s-coco-torch,0.75,500,452,0.904,0.6760462758112095,0.6024260939998317,0.7594775909417721
17,properties,yolo11x-coco-torch,0.75,500,418,0.836,0.6507322908157311,0.5985986626448487,0.7092084681076212
17,properties,yolov10l-coco-torch,0.75,500,441,0.882,0.6794842230677581,0.6183367330461504,0.7407154158459578
17,properties,yolov10m-coco-torch,0.75,500,445,0.89,0.6820633299284985,0.6224347086605542,0.748697139938713
17,properties,yolov10n-coco-torch,0.75,500,476,0.952,0.6871498599439776,0.585437962357538,0.7837783552631579
17,properties,yolov10s-coco-torch,0.75,500,454,0.908,0.6439140011492052,0.5772632546721571,0.718199732689297
17,properties,yolov10x-coco-torch,0.75,500,433,0.866,0.7037330667677777,0.64678468881692,0.7640896364174213
17,properties,yolov5l-coco-torch,0.75,500,441,0.882,0.6069218647911142,0.5462424187668846,0.6728179396812614
17,properties,yolov5m-coco-torch,0.75,500,445,0.89,0.6817773237997957,0.616315372869791,0.7510442129117795
17,properties,yolov5n-coco-torch,0.75,500,480,0.96,0.6788020833333334,0.552486710726512,0.8053350797286127
17,properties,yolov5s-coco-torch,0.75,500,451,0.902,0.6546450065613829,0.5859598781554769,0.7250797450794134
17,properties,yolov5x-coco-torch,0.75,500,425,0.85,0.660235294117647,0.6020201309644494,0.7178924504818883
17,properties,yolov8l-coco-torch,0.75,500,431,0.862,0.6438010693029356,0.5842044789876171,0.7056525052456709
17,properties,yolov8m-coco-torch,0.75,500,446,0.892,0.6505979073243647,0.5832404663821878,0.7237153226043859
17,properties,yolov8n-coco-torch,0.75,500,476,0.952,0.6474964985994398,0.554060258680116,0.7589621821722515
17,properties,yolov8s-coco-torch,0.75,500,456,0.912,0.6309310207336523,0.55370665623893,0.710415299025764
17,properties,yolov8x-coco-torch,0.75,500,425,0.85,0.614243137254902,0.5628185278518458,0.6701788124069807
17,properties,yolov9c-coco-torch,0.75,500,434,0.868,0.6491586370618628,0.5952828104286345,0.7129135012756057
17,properties,yolov9e-coco-torch,0.75,500,427,0.854,0.6376279233903308,0.5847361586796944,0.6948496034246159
17,random,detection-transformer-torch,0.25,1000,323,0.323,0.6274494560321213,0.5952931319299332,0.6569233010953169
17,random,dfine-large-coco-torch,0.25,1000,53,0.053,0.5779920702914865,0.5053272898052997,0.6541034596539287
17,random,dfine-medium-coco-torch,0.25,1000,49,0.049,0.5413420888860276,0.4544433907398038,0.6312908298827429
17,random,dfine-nano-coco-torch,0.25,1000,114,0.114,0.6065601362322284,0.5559411168773927,0.6555535153902651
17,random,dfine-small-coco-torch,0.25,1000,68,0.068,0.5690324413027014,0.5019444315600105,0.6351108578039498
17,random,dfine-xlarge-coco-torch,0.25,1000,38,0.038,0.6055093555093555,0.5085912913299924,0.6991082819333699
17,random,faster-rcnn-resnet50-fpn-coco-torch,0.25,1000,147,0.147,0.5428140775653755,0.5003122985795989,0.5835464762477683
17,random,retinanet-resnet50-fpn-coco-torch,0.25,1000,88,0.088,0.6129261363636364,0.5524917232323211,0.6664921411128136
17,random,rfdetr-base-coco-torch,0.25,1000,102,0.102,0.6021769509585572,0.5476357584975853,0.6561335686119643
17,random,rfdetr-large-coco-torch,0.25,1000,100,0.1,0.6122333333333333,0.5600946530654821,0.6669062017407352
17,random,rfdetr-medium-coco-torch,0.25,1000,97,0.097,0.6072770033450925,0.5530610640508874,0.6624581751829883
17,random,rfdetr-nano-coco-torch,0.25,1000,137,0.137,0.6277541423146213,0.5861112230183968,0.6722322192295018
17,random,rfdetr-small-coco-torch,0.25,1000,97,0.097,0.6200522884771267,0.5677921802244363,0.6742103061372222
17,random,rtdetr-l-coco-torch,0.25,1000,91,0.091,0.5567765567765568,0.49773119664690274,0.6134920348858107
17,random,rtdetr-v2-l-coco-torch,0.25,1000,70,0.07,0.6001689708141321,0.5367297043297234,0.6632791503191503
17,random,rtdetr-v2-m-coco-torch,0.25,1000,54,0.054,0.6009317986062173,0.5251584004633466,0.6736084827614557
17,random,rtdetr-v2-s-coco-torch,0.25,1000,68,0.068,0.5875252461499622,0.5218732419303759,0.653463305804832
17,random,rtdetr-x-coco-torch,0.25,1000,87,0.087,0.5711246238873992,0.517275037455114,0.6265432848644146
17,random,yolo11l-coco-torch,0.25,1000,63,0.063,0.5891141942369263,0.5219742699434577,0.6598268657915977
17,random,yolo11m-coco-torch,0.25,1000,67,0.067,0.5796579801954856,0.5123335915389653,0.6516599358442834
17,random,yolo11n-coco-torch,0.25,1000,165,0.165,0.6095518054799491,0.5705652329770753,0.6516718392568982
17,random,yolo11s-coco-torch,0.25,1000,97,0.097,0.621285291867886,0.5689737768012822,0.6752705504476695
17,random,yolo11x-coco-torch,0.25,1000,50,0.05,0.647621052631579,0.5705024998872654,0.7291942792525394
17,random,yolov10l-coco-torch,0.25,1000,66,0.066,0.6348225293621439,0.5715314956350815,0.6999634131814801
17,random,yolov10m-coco-torch,0.25,1000,76,0.076,0.6041097060833903,0.540922843008202,0.66692038903297
17,random,yolov10n-coco-torch,0.25,1000,209,0.209,0.6104561484160925,0.5715611086681441,0.6466942567777135
17,random,yolov10s-coco-torch,0.25,1000,96,0.096,0.6382628134218289,0.5868696332910706,0.6918829003953401
17,random,yolov10x-coco-torch,0.25,1000,55,0.055,0.6186820586820587,0.5524386063528373,0.6864965860697568
17,random,yolov5l-coco-torch,0.25,1000,68,0.068,0.5979866195405201,0.5324648974061387,0.6627913830287037
17,random,yolov5m-coco-torch,0.25,1000,86,0.086,0.5943590656964022,0.5384813268414753,0.648993232283279
17,random,yolov5n-coco-torch,0.25,1000,225,0.225,0.6054996415770609,0.5702884265383308,0.639271395076745
17,random,yolov5s-coco-torch,0.25,1000,97,0.097,0.6052676644860774,0.5559988060372079,0.6573628215574304
17,random,yolov5x-coco-torch,0.25,1000,58,0.058,0.579874075701003,0.5137699983712926,0.6494076990080191
17,random,yolov8l-coco-torch,0.25,1000,50,0.05,0.5888631578947369,0.5050118331628617,0.6704453859700584
17,random,yolov8m-coco-torch,0.25,1000,69,0.069,0.6002584100001557,0.5377436600875742,0.6641034035877303
17,random,yolov8n-coco-torch,0.25,1000,188,0.188,0.5968517451000943,0.5585371521104543,0.6354373665627
17,random,yolov8s-coco-torch,0.25,1000,95,0.095,0.6133643501017738,0.5656184063097197,0.6616226645048576
17,random,yolov8x-coco-torch,0.25,1000,52,0.052,0.6245131450827653,0.5532156937538452,0.6984495442708334
17,random,yolov9c-coco-torch,0.25,1000,61,0.061,0.5934461146318896,0.5222107800754328,0.6658050144811922
17,random,yolov9e-coco-torch,0.25,1000,49,0.049,0.5833172385673512,0.5006923684210527,0.6696807229036671
17,random,detection-transformer-torch,0.5,1000,711,0.711,0.6341523951352693,0.5993350639124172,0.6683285806491578
17,random,dfine-large-coco-torch,0.5,1000,307,0.307,0.5904414080309845,0.5552883991800391,0.621036435650738
17,random,dfine-medium-coco-torch,0.5,1000,303,0.303,0.595830314738791,0.5639693124142076,0.6264423205518611
17,random,dfine-nano-coco-torch,0.5,1000,481,0.481,0.6289762416930047,0.5981979818964478,0.6577469595675639
17,random,dfine-small-coco-torch,0.5,1000,392,0.392,0.6060897220730398,0.5720578417640338,0.6352657349461605
17,random,dfine-xlarge-coco-torch,0.5,1000,270,0.27,0.584753932014206,0.5495564190716132,0.6174721815176699
17,random,faster-rcnn-resnet50-fpn-coco-torch,0.5,1000,667,0.667,0.5813939876908393,0.5472793989602641,0.6166445763396341
17,random,retinanet-resnet50-fpn-coco-torch,0.5,1000,511,0.511,0.6456484938710336,0.6141051109083925,0.6769119797771531
17,random,rfdetr-base-coco-torch,0.5,1000,380,0.38,0.6105263157894737,0.5784998594283379,0.6394488814548258
17,random,rfdetr-large-coco-torch,0.5,1000,361,0.361,0.6080570836530417,0.5754415239814221,0.6370148874655229
17,random,rfdetr-medium-coco-torch,0.5,1000,370,0.37,0.6147919347919348,0.5845280639891453,0.645132586631537
17,random,rfdetr-nano-coco-torch,0.5,1000,439,0.439,0.6336553258702529,0.6042966663347378,0.6608812575698977
17,random,rfdetr-small-coco-torch,0.5,1000,370,0.37,0.6215015015015015,0.5926662738250053,0.6502153992098709
17,random,rtdetr-l-coco-torch,0.5,1000,484,0.484,0.6141809212633736,0.5834751386951273,0.6417965580684607
17,random,rtdetr-v2-l-coco-torch,0.5,1000,299,0.299,0.5922022528733438,0.5573742640831549,0.6249452729771868
17,random,rtdetr-v2-m-coco-torch,0.5,1000,290,0.29,0.6048955803788246,0.571846352254387,0.6347223413098231
17,random,rtdetr-v2-s-coco-torch,0.5,1000,380,0.38,0.6032427843803057,0.5708923604065206,0.6322032652268292
17,random,rtdetr-x-coco-torch,0.5,1000,482,0.482,0.6217097358176197,0.5901505111969423,0.6489427709089928
17,random,yolo11l-coco-torch,0.5,1000,326,0.326,0.5938723125375471,0.560299396431672,0.6252902896687553
17,random,yolo11m-coco-torch,0.5,1000,345,0.345,0.5974510454696316,0.564516041710463,0.6288322173874032
17,random,yolo11n-coco-torch,0.5,1000,568,0.568,0.6512780386019823,0.6187244326690989,0.6773594677991867
17,random,yolo11s-coco-torch,0.5,1000,417,0.417,0.610721028665918,0.5799472416579049,0.6399210157143359
17,random,yolo11x-coco-torch,0.5,1000,275,0.275,0.6052664576802508,0.5704877653193303,0.6375447432095477
17,random,yolov10l-coco-torch,0.5,1000,331,0.331,0.6029741825062432,0.5709026424908684,0.6344886932042653
17,random,yolov10m-coco-torch,0.5,1000,340,0.34,0.6025133689839572,0.5708228871578939,0.6340007848485285
17,random,yolov10n-coco-torch,0.5,1000,598,0.598,0.6387252699712141,0.6092103889319617,0.6687724502218767
17,random,yolov10s-coco-torch,0.5,1000,393,0.393,0.6221688443980532,0.5897449645001968,0.6507327743691179
17,random,yolov10x-coco-torch,0.5,1000,309,0.309,0.5951835668020177,0.5609098013066837,0.6282889007009179
17,random,yolov5l-coco-torch,0.5,1000,335,0.335,0.6045067893614634,0.5735291872411856,0.6355436374110215
17,random,yolov5m-coco-torch,0.5,1000,397,0.397,0.6152194526945457,0.5844069030353948,0.6453041870392593
17,random,yolov5n-coco-torch,0.5,1000,642,0.642,0.6148558102299031,0.5821974051827904,0.6450372779070627
17,random,yolov5s-coco-torch,0.5,1000,440,0.44,0.6267573051948052,0.5953699624789732,0.6553187973452506
17,random,yolov5x-coco-torch,0.5,1000,303,0.303,0.5993342519330843,0.5651744005632968,0.6334764391370127
17,random,yolov8l-coco-torch,0.5,1000,298,0.298,0.5896145241782825,0.55560606973554,0.6233116328375806
17,random,yolov8m-coco-torch,0.5,1000,352,0.352,0.6136802048260381,0.58101456010282,0.642531725180436
17,random,yolov8n-coco-torch,0.5,1000,597,0.597,0.6323262299919781,0.5998543348144079,0.6613301166193636
17,random,yolov8s-coco-torch,0.5,1000,433,0.433,0.6017490051362261,0.5698925294052763,0.6313574644226413
17,random,yolov8x-coco-torch,0.5,1000,290,0.29,0.5894463331714425,0.5552166245584688,0.6207096089782876
17,random,yolov9c-coco-torch,0.5,1000,338,0.338,0.5763331486083054,0.5450407468094459,0.6091093864220614
17,random,yolov9e-coco-torch,0.5,1000,268,0.268,0.5977387651904412,0.5629241497121344,0.6302991793453631
17,random,detection-transformer-torch,0.75,1000,864,0.864,0.7040441176470589,0.6579776838567448,0.7464048152076519
17,random,dfine-large-coco-torch,0.75,1000,632,0.632,0.6608807443588333,0.6304428219045211,0.6916687444617874
17,random,dfine-medium-coco-torch,0.75,1000,631,0.631,0.6687625354858937,0.6386460552488803,0.7008138006956287
17,random,dfine-nano-coco-torch,0.75,1000,725,0.725,0.6829341692789969,0.6476794151049162,0.7175715241328641
17,random,dfine-small-coco-torch,0.75,1000,704,0.704,0.6773648648648649,0.6450673859723656,0.709594024277551
17,random,dfine-xlarge-coco-torch,0.75,1000,591,0.591,0.6450175617142219,0.6132690707005525,0.6748743756046731
17,random,faster-rcnn-resnet50-fpn-coco-torch,0.75,1000,870,0.87,0.6801945181255526,0.6345933617320434,0.7267479773791163
17,random,retinanet-resnet50-fpn-coco-torch,0.75,1000,784,0.784,0.6883680555555556,0.6489856173892223,0.7244888688241601
17,random,rfdetr-base-coco-torch,0.75,1000,658,0.658,0.6782203736291083,0.6453538058989423,0.7080858837695181
17,random,rfdetr-large-coco-torch,0.75,1000,631,0.631,0.6660954565171642,0.633369562697165,0.6970545690161833
17,random,rfdetr-medium-coco-torch,0.75,1000,629,0.629,0.6699334501776233,0.6384862924610515,0.7005363570215862
17,random,rfdetr-nano-coco-torch,0.75,1000,690,0.69,0.7053202431042543,0.6718489624241274,0.7343071006387105
17,random,rfdetr-small-coco-torch,0.75,1000,641,0.641,0.6862666707225392,0.6544149558615223,0.7147692134359409
17,random,rtdetr-l-coco-torch,0.75,1000,743,0.743,0.6684384999293013,0.6338013823021161,0.7002739362461241
17,random,rtdetr-v2-l-coco-torch,0.75,1000,607,0.607,0.6704142929604152,0.639633867774989,0.6968235270186628
17,random,rtdetr-v2-m-coco-torch,0.75,1000,626,0.626,0.6635458133296885,0.6333312875068194,0.6920357913702095
17,random,rtdetr-v2-s-coco-torch,0.75,1000,680,0.68,0.6540441176470588,0.6212677023924456,0.6867612021293794
17,random,rtdetr-x-coco-torch,0.75,1000,742,0.742,0.6813765435968157,0.6471734776884456,0.7146504901136429
17,random,yolo11l-coco-torch,0.75,1000,650,0.65,0.662676923076923,0.6318427979866991,0.6921788904728767
17,random,yolo11m-coco-torch,0.75,1000,666,0.666,0.6656686626746507,0.6331113837517713,0.6976451391913473
17,random,yolo11n-coco-torch,0.75,1000,778,0.778,0.7085446629148429,0.6716955320433521,0.7436113790505605
17,random,yolo11s-coco-torch,0.75,1000,693,0.693,0.6856560016169136,0.6540177946824481,0.7150650754832123
17,random,yolo11x-coco-torch,0.75,1000,602,0.602,0.6521561294846324,0.6209513915356341,0.6825498340157806
17,random,yolov10l-coco-torch,0.75,1000,633,0.633,0.6548204777216748,0.6242150740760176,0.6850369438302562
17,random,yolov10m-coco-torch,0.75,1000,657,0.657,0.6615723915136831,0.6306866901865164,0.6931161460996205
17,random,yolov10n-coco-torch,0.75,1000,784,0.784,0.689094387755102,0.6542150872337783,0.7244737921218363
17,random,yolov10s-coco-torch,0.75,1000,691,0.691,0.6737292699947077,0.6407667037455432,0.7051240410815311
17,random,yolov10x-coco-torch,0.75,1000,625,0.625,0.6592768,0.6276989795891497,0.6894575392952538
17,random,yolov5l-coco-torch,0.75,1000,672,0.672,0.6584140897212544,0.6266779692011303,0.6941548036465638
17,random,yolov5m-coco-torch,0.75,1000,687,0.687,0.6670945119540903,0.6377148653926983,0.7004876192909897
17,random,yolov5n-coco-torch,0.75,1000,838,0.838,0.7200050089867115,0.6784496594038445,0.7576955351379603
17,random,yolov5s-coco-torch,0.75,1000,718,0.718,0.6774975799600941,0.6428434089162512,0.7130754281212479
17,random,yolov5x-coco-torch,0.75,1000,624,0.624,0.653309124386252,0.6200471283607072,0.6845693164871044
17,random,yolov8l-coco-torch,0.75,1000,622,0.622,0.6543535956719236,0.624966124851446,0.6842743344795182
17,random,yolov8m-coco-torch,0.75,1000,680,0.68,0.6815808823529412,0.65101728095964,0.7117992525290877
17,random,yolov8n-coco-torch,0.75,1000,798,0.798,0.7041800044666121,0.6687960680951054,0.7392015207949927
17,random,yolov8s-coco-torch,0.75,1000,715,0.715,0.6756864188443136,0.6446724479146725,0.7066117018736612
17,random,yolov8x-coco-torch,0.75,1000,623,0.623,0.6479173674059377,0.6150388096986145,0.6785274629853613
17,random,yolov9c-coco-torch,0.75,1000,659,0.659,0.6418148888167,0.6091272489090945,0.6724220565104316
17,random,yolov9e-coco-torch,0.75,1000,604,0.604,0.6503486855308047,0.6184955973410635,0.6794886730268122
18,properties,detection-transformer-torch,0.25,500,231,0.462,0.5487294613688666,0.5095351105538792,0.5870931743274495
18,properties,dfine-large-coco-torch,0.25,500,58,0.116,0.5653378062100172,0.4945331907422208,0.6328910044240761
18,properties,dfine-medium-coco-torch,0.25,500,61,0.122,0.5625863549796483,0.4875364583475696,0.6293314482805875
18,properties,dfine-nano-coco-torch,0.25,500,127,0.254,0.5651664520487218,0.518781969493741,0.6096198896120771
18,properties,dfine-small-coco-torch,0.25,500,74,0.148,0.5662352493338408,0.5064404102132684,0.6196670281308314
18,properties,dfine-xlarge-coco-torch,0.25,500,53,0.106,0.5353720822253176,0.4593097142436294,0.6102372231889077
18,properties,faster-rcnn-resnet50-fpn-coco-torch,0.25,500,87,0.174,0.5047312905290696,0.4458587108795409,0.5655897920396842
18,properties,retinanet-resnet50-fpn-coco-torch,0.25,500,90,0.18,0.6007994579945799,0.5494888092725364,0.6546044604884524
18,properties,rfdetr-base-coco-torch,0.25,500,112,0.224,0.618568206921944,0.5682075535141857,0.6702349435496003
18,properties,rfdetr-large-coco-torch,0.25,500,107,0.214,0.5837197688521082,0.5287977613026962,0.6366911936674436
18,properties,rfdetr-medium-coco-torch,0.25,500,121,0.242,0.5895789267101332,0.5364289314516129,0.6411947400007458
18,properties,rfdetr-nano-coco-torch,0.25,500,165,0.33,0.5854364540931705,0.5421626255119391,0.6287680941512163
18,properties,rfdetr-small-coco-torch,0.25,500,126,0.252,0.6057741278329514,0.5535165056818182,0.654740966693581
18,properties,rtdetr-l-coco-torch,0.25,500,61,0.122,0.5531573247694088,0.48481555570389534,0.620789711511838
18,properties,rtdetr-v2-l-coco-torch,0.25,500,81,0.162,0.554347505819264,0.49518408024267396,0.6162139732406356
18,properties,rtdetr-v2-m-coco-torch,0.25,500,60,0.12,0.5712878787878788,0.5035466265266322,0.6370583927484643
18,properties,rtdetr-v2-s-coco-torch,0.25,500,70,0.14,0.5543853820598007,0.48383596130427825,0.6219428397565924
18,properties,rtdetr-x-coco-torch,0.25,500,53,0.106,0.5248195517285045,0.45234007839941714,0.6003533771647355
18,properties,yolo11l-coco-torch,0.25,500,75,0.15,0.559043137254902,0.49294398160874764,0.6215849363812574
18,properties,yolo11m-coco-torch,0.25,500,83,0.166,0.5411718817716911,0.47659360339248624,0.6031982172825248
18,properties,yolo11n-coco-torch,0.25,500,166,0.332,0.5669414183680831,0.5249306422427238,0.6106596993270544
18,properties,yolo11s-coco-torch,0.25,500,95,0.19,0.5207277452891488,0.4598128984118722,0.5800729020452122
18,properties,yolo11x-coco-torch,0.25,500,60,0.12,0.553939393939394,0.4881281437375619,0.6276977637859829
18,properties,yolov10l-coco-torch,0.25,500,82,0.164,0.5598669623059866,0.49730132790924425,0.6185123927243382
18,properties,yolov10m-coco-torch,0.25,500,93,0.186,0.5596945919526565,0.5010698776661446,0.6152932045875712
18,properties,yolov10n-coco-torch,0.25,500,201,0.402,0.5791028136907436,0.5397085187662221,0.6208855872946086
18,properties,yolov10s-coco-torch,0.25,500,113,0.226,0.5467402986439825,0.49182213459757984,0.5971701755665965
18,properties,yolov10x-coco-torch,0.25,500,72,0.144,0.5461773104880582,0.4844098847195542,0.6057168896754631
18,properties,yolov5l-coco-torch,0.25,500,67,0.134,0.5418806659542932,0.4781542951616169,0.6071626710918673
18,properties,yolov5m-coco-torch,0.25,500,84,0.168,0.5287889194139194,0.4650482886247072,0.5927219112529947
18,properties,yolov5n-coco-torch,0.25,500,206,0.412,0.5576827818506043,0.5193148052061857,0.5995126426642048
18,properties,yolov5s-coco-torch,0.25,500,105,0.21,0.5342133815551537,0.47962244053837466,0.5849026443896903
18,properties,yolov5x-coco-torch,0.25,500,61,0.122,0.5298554837745995,0.4581031297006727,0.6026599167027439
18,properties,yolov8l-coco-torch,0.25,500,63,0.126,0.5518506410954923,0.4841420551884913,0.6238873631940965
18,properties,yolov8m-coco-torch,0.25,500,81,0.162,0.5479978785468046,0.4899879317984941,0.6099342367791821
18,properties,yolov8n-coco-torch,0.25,500,169,0.338,0.5588855717835499,0.5159623638260428,0.6029512640560835
18,properties,yolov8s-coco-torch,0.25,500,91,0.182,0.532590881001639,0.4740160514123936,0.5912297245276233
18,properties,yolov8x-coco-torch,0.25,500,61,0.122,0.5547257179132903,0.48921206608729806,0.6285454580212405
18,properties,yolov9c-coco-torch,0.25,500,70,0.14,0.5334053156146179,0.4699380962050873,0.6024363829972291
18,properties,yolov9e-coco-torch,0.25,500,65,0.13,0.5666489832007073,0.502331644326644,0.6373299992861909
18,properties,detection-transformer-torch,0.5,500,411,0.822,0.5364006670493999,0.4808813568009452,0.5997456499810869
18,properties,dfine-large-coco-torch,0.5,500,243,0.486,0.555963875678532,0.5172170114199065,0.5957808631876415
18,properties,dfine-medium-coco-torch,0.5,500,245,0.49,0.5654021608643457,0.5231803108903572,0.6062292698297626
18,properties,dfine-nano-coco-torch,0.5,500,351,0.702,0.6057190386049447,0.5588754795396419,0.6504435859359852
18,properties,dfine-small-coco-torch,0.5,500,291,0.582,0.5746641674476726,0.5336245361598068,0.6164818460852116
18,properties,dfine-xlarge-coco-torch,0.5,500,218,0.436,0.560234888411738,0.5208997014531364,0.6016833882053657
18,properties,faster-rcnn-resnet50-fpn-coco-torch,0.5,500,350,0.7,0.48966666666666664,0.4435396139881054,0.5364731062235482
18,properties,retinanet-resnet50-fpn-coco-torch,0.5,500,347,0.694,0.5764724717937126,0.5309115299847896,0.6221809113066338
18,properties,rfdetr-base-coco-torch,0.5,500,315,0.63,0.6195795795795795,0.5804500336044709,0.6606683009570992
18,properties,rfdetr-large-coco-torch,0.5,500,302,0.604,0.6214462505853234,0.5841198921813763,0.6597884387492359
18,properties,rfdetr-medium-coco-torch,0.5,500,313,0.626,0.6118808836343135,0.5741137523352241,0.6540347512080222
18,properties,rfdetr-nano-coco-torch,0.5,500,363,0.726,0.6524903983430858,0.6123295935710437,0.6970757176250584
18,properties,rfdetr-small-coco-torch,0.5,500,328,0.656,0.6382852382302893,0.5971141224856947,0.678697429869483
18,properties,rtdetr-l-coco-torch,0.5,500,295,0.59,0.557569243489045,0.5109111761001052,0.595851291507844
18,properties,rtdetr-v2-l-coco-torch,0.5,500,247,0.494,0.6062232961546463,0.567125355019056,0.6455633982628827
18,properties,rtdetr-v2-m-coco-torch,0.5,500,236,0.472,0.5896571648690293,0.5471268656051492,0.628852019888871
18,properties,rtdetr-v2-s-coco-torch,0.5,500,274,0.548,0.5557134552031523,0.5141720390469918,0.5952118842809961
18,properties,rtdetr-x-coco-torch,0.5,500,282,0.564,0.5565342572711302,0.515290458937198,0.597393159791529
18,properties,yolo11l-coco-torch,0.5,500,259,0.518,0.569313830724619,0.5291882432771724,0.6089480070410423
18,properties,yolo11m-coco-torch,0.5,500,274,0.548,0.5665493185194754,0.5277765700483092,0.6086648904941707
18,properties,yolo11n-coco-torch,0.5,500,387,0.774,0.619800599117331,0.5732106594857492,0.6673386120148542
18,properties,yolo11s-coco-torch,0.5,500,318,0.636,0.5842231667703366,0.5438941532040491,0.6229772034557788
18,properties,yolo11x-coco-torch,0.5,500,234,0.468,0.5662071846282373,0.5261301120403674,0.6074693788458291
18,properties,yolov10l-coco-torch,0.5,500,263,0.526,0.5755001524121224,0.5352363279242468,0.6146559038718359
18,properties,yolov10m-coco-torch,0.5,500,287,0.574,0.5844825047848063,0.5453762695528488,0.6259608120286252
18,properties,yolov10n-coco-torch,0.5,500,417,0.834,0.634119210655572,0.578930930136402,0.6893959445252434
18,properties,yolov10s-coco-torch,0.5,500,324,0.648,0.6124351150392817,0.5726439824172432,0.6532798457848975
18,properties,yolov10x-coco-torch,0.5,500,251,0.502,0.5786412582601321,0.5376958460341841,0.6191697929035702
18,properties,yolov5l-coco-torch,0.5,500,262,0.524,0.548632048239143,0.5090794924960299,0.5902188868269704
18,properties,yolov5m-coco-torch,0.5,500,289,0.578,0.5879647091621706,0.5472810674518394,0.6285194649338485
18,properties,yolov5n-coco-torch,0.5,500,417,0.834,0.608939354540464,0.555052961615468,0.6648878034783642
18,properties,yolov5s-coco-torch,0.5,500,324,0.648,0.5529864618406285,0.5091692448877608,0.5962285762603414
18,properties,yolov5x-coco-torch,0.5,500,243,0.486,0.5552913484171591,0.5141399208749885,0.5963083054260145
18,properties,yolov8l-coco-torch,0.5,500,245,0.49,0.5418967587034814,0.5001410741998458,0.5841314943994363
18,properties,yolov8m-coco-torch,0.5,500,272,0.544,0.586671181630547,0.5476701154459083,0.6282215535783234
18,properties,yolov8n-coco-torch,0.5,500,388,0.776,0.5868119477172312,0.5414957278205261,0.6381889519234396
18,properties,yolov8s-coco-torch,0.5,500,303,0.606,0.5577222696888978,0.5179508261531423,0.6024932923265329
18,properties,yolov8x-coco-torch,0.5,500,239,0.478,0.5554273072668686,0.5134917061978086,0.5948952554368983
18,properties,yolov9c-coco-torch,0.5,500,267,0.534,0.5621996110012699,0.5213997001432317,0.6024285885447721
18,properties,yolov9e-coco-torch,0.5,500,223,0.446,0.5593482378462385,0.5167046509282407,0.5999537188772734
18,properties,detection-transformer-torch,0.75,500,473,0.946,0.614673870487824,0.5197829131652661,0.7168515368103763
18,properties,dfine-large-coco-torch,0.75,500,431,0.862,0.6516863378055752,0.5890970015010466,0.7121304411362092
18,properties,dfine-medium-coco-torch,0.75,500,431,0.862,0.6715087931672215,0.6189497598210771,0.7281264664664469
18,properties,dfine-nano-coco-torch,0.75,500,458,0.916,0.6778176336036598,0.5990024078293888,0.7584991627052505
18,properties,dfine-small-coco-torch,0.75,500,457,0.914,0.672204976845962,0.6071344198564593,0.753263986114273
18,properties,dfine-xlarge-coco-torch,0.75,500,420,0.84,0.676577380952381,0.6235352096263007,0.7309082683160881
18,properties,faster-rcnn-resnet50-fpn-coco-torch,0.75,500,470,0.94,0.574290780141844,0.48544636311715766,0.6581870648470753
18,properties,retinanet-resnet50-fpn-coco-torch,0.75,500,464,0.928,0.7047413793103449,0.6243475620879753,0.78902327665043
18,properties,rfdetr-base-coco-torch,0.75,500,448,0.896,0.7260259271978022,0.6695935963552675,0.7887133855542776
18,properties,rfdetr-large-coco-torch,0.75,500,443,0.886,0.7167636925270287,0.6591103551630865,0.7784232538482818
18,properties,rfdetr-medium-coco-torch,0.75,500,441,0.882,0.7024097774703102,0.6492437905174453,0.7616709595939806
18,properties,rfdetr-nano-coco-torch,0.75,500,452,0.904,0.7234282817109144,0.6618824295669762,0.785379354750527
18,properties,rfdetr-small-coco-torch,0.75,500,443,0.886,0.7085263949942576,0.6499741174790343,0.7688132905688778
18,properties,rtdetr-l-coco-torch,0.75,500,441,0.882,0.6396863830277874,0.5676528249747937,0.7061698176817136
18,properties,rtdetr-v2-l-coco-torch,0.75,500,429,0.858,0.6812272234807446,0.6297418843085998,0.7348822356194258
18,properties,rtdetr-v2-m-coco-torch,0.75,500,427,0.854,0.6569407462064099,0.6032880444866153,0.7157483001721737
18,properties,rtdetr-v2-s-coco-torch,0.75,500,447,0.894,0.6534971086066439,0.5934126554699053,0.7268229166666667
18,properties,rtdetr-x-coco-torch,0.75,500,441,0.882,0.6396863830277874,0.569366623142799,0.707997184864554
18,properties,yolo11l-coco-torch,0.75,500,435,0.87,0.6728735632183908,0.6135623795016705,0.7369348940507856
18,properties,yolo11m-coco-torch,0.75,500,441,0.882,0.7038318152119605,0.6418096947393823,0.7675646489642923
18,properties,yolo11n-coco-torch,0.75,500,474,0.948,0.7542194092827004,0.6727835856590392,0.8348607060490542
18,properties,yolo11s-coco-torch,0.75,500,452,0.904,0.6734421091445427,0.6105680107233196,0.7468889537428863
18,properties,yolo11x-coco-torch,0.75,500,418,0.836,0.6743493989963824,0.6197575535907167,0.7252383049864648
18,properties,yolov10l-coco-torch,0.75,500,441,0.882,0.654252661516584,0.5891112031577532,0.7203121873327131
18,properties,yolov10m-coco-torch,0.75,500,445,0.89,0.682614913176711,0.6211721108949998,0.7497631624550747
18,properties,yolov10n-coco-torch,0.75,500,476,0.952,0.6831232492997199,0.600281838737075,0.7690930982262006
18,properties,yolov10s-coco-torch,0.75,500,454,0.908,0.6840404137138479,0.6211865946338443,0.7522276584620334
18,properties,yolov10x-coco-torch,0.75,500,433,0.866,0.697287235876047,0.6430359849764961,0.7576377998883169
18,properties,yolov5l-coco-torch,0.75,500,441,0.882,0.6222760290556901,0.5614775552008558,0.690451152648918
18,properties,yolov5m-coco-torch,0.75,500,445,0.89,0.6911133810010215,0.6303984793102927,0.7581285225026795
18,properties,yolov5n-coco-torch,0.75,500,480,0.96,0.6955208333333334,0.5706079402059872,0.8219955370141033
18,properties,yolov5s-coco-torch,0.75,500,451,0.902,0.6816145526946921,0.6184989726325907,0.7464421469610827
18,properties,yolov5x-coco-torch,0.75,500,425,0.85,0.6533490196078431,0.5937523055478114,0.7137049263891795
18,properties,yolov8l-coco-torch,0.75,500,431,0.862,0.6631023235482026,0.6066083937132141,0.723407911900822
18,properties,yolov8m-coco-torch,0.75,500,446,0.892,0.6838149809001827,0.6195598026293069,0.7536814095218725
18,properties,yolov8n-coco-torch,0.75,500,476,0.952,0.6462710084033614,0.5407845878642888,0.7517881286069974
18,properties,yolov8s-coco-torch,0.75,500,456,0.912,0.6583183811802232,0.5849373921549001,0.7344899263351065
18,properties,yolov8x-coco-torch,0.75,500,425,0.85,0.6469803921568628,0.5941862093957361,0.7038801343898724
18,properties,yolov9c-coco-torch,0.75,500,434,0.868,0.6621107387236419,0.607146221418899,0.7213572447086312
18,properties,yolov9e-coco-torch,0.75,500,427,0.854,0.648920470950563,0.5916141973266636,0.7038314707669546
18,random,detection-transformer-torch,0.25,1000,323,0.323,0.6521257962875736,0.6213541714720408,0.6795703121139322
18,random,dfine-large-coco-torch,0.25,1000,53,0.053,0.5868880875057281,0.517948854465261,0.6588987864384775
18,random,dfine-medium-coco-torch,0.25,1000,49,0.049,0.5665250327260242,0.4857504782054824,0.6552038058610484
18,random,dfine-nano-coco-torch,0.25,1000,114,0.114,0.6375787097540692,0.59101955737218,0.6813552948925172
18,random,dfine-small-coco-torch,0.25,1000,68,0.068,0.5804957712698814,0.510039691929898,0.6509979586725204
18,random,dfine-xlarge-coco-torch,0.25,1000,38,0.038,0.6153709377393588,0.5201534285859198,0.7073338912689788
18,random,faster-rcnn-resnet50-fpn-coco-torch,0.25,1000,147,0.147,0.5366692984344968,0.49421158277693344,0.5799667487982935
18,random,retinanet-resnet50-fpn-coco-torch,0.25,1000,88,0.088,0.6290806917862839,0.5726705128557508,0.6837711149478387
18,random,rfdetr-base-coco-torch,0.25,1000,102,0.102,0.6143008428315647,0.5617195383117285,0.6651739212314747
18,random,rfdetr-large-coco-torch,0.25,1000,100,0.1,0.6404666666666666,0.5915099942096723,0.6900899607916355
18,random,rfdetr-medium-coco-torch,0.25,1000,97,0.097,0.63604708246281,0.5854490052290509,0.6842667472885474
18,random,rfdetr-nano-coco-torch,0.25,1000,137,0.137,0.6491656164626874,0.6058459986679774,0.6936878498757025
18,random,rfdetr-small-coco-torch,0.25,1000,97,0.097,0.634682787044331,0.5885287933214458,0.685576199020278
18,random,rtdetr-l-coco-torch,0.25,1000,91,0.091,0.5786215984235786,0.5187661617689872,0.6345063467131389
18,random,rtdetr-v2-l-coco-torch,0.25,1000,70,0.07,0.6369815668202765,0.5769471123340872,0.6948146566759067
18,random,rtdetr-v2-m-coco-torch,0.25,1000,54,0.054,0.6098778482499413,0.5351224853244364,0.6805770761615916
18,random,rtdetr-v2-s-coco-torch,0.25,1000,68,0.068,0.6004638980055541,0.5420153530339062,0.665886085339174
18,random,rtdetr-x-coco-torch,0.25,1000,87,0.087,0.5753043522050585,0.5152599174891472,0.6339513742953804
18,random,yolo11l-coco-torch,0.25,1000,63,0.063,0.589910386068337,0.5175426626757114,0.6583254733111515
18,random,yolo11m-coco-torch,0.25,1000,67,0.067,0.5886883908432116,0.5242024655755335,0.6571333966492645
18,random,yolo11n-coco-torch,0.25,1000,165,0.165,0.6287243694429323,0.5888003654482509,0.6690300943361708
18,random,yolo11s-coco-torch,0.25,1000,97,0.097,0.6210455412085717,0.5665477234880628,0.6782361896564582
18,random,yolo11x-coco-torch,0.25,1000,50,0.05,0.6448526315789473,0.5642065197094137,0.7263155660019242
18,random,yolov10l-coco-torch,0.25,1000,66,0.066,0.6543864771916164,0.5872362697914839,0.7196741880275264
18,random,yolov10m-coco-torch,0.25,1000,76,0.076,0.6218173274094326,0.5583827012908666,0.6864535553387721
18,random,yolov10n-coco-torch,0.25,1000,209,0.209,0.6184588583284438,0.5800816350737484,0.6526797390111859
18,random,yolov10s-coco-torch,0.25,1000,96,0.096,0.6443238384955752,0.5954846011638012,0.6915071844719355
18,random,yolov10x-coco-torch,0.25,1000,55,0.055,0.6472342472342473,0.5762726691820836,0.7176191944360549
18,random,yolov5l-coco-torch,0.25,1000,68,0.068,0.6045821762181267,0.5369925811119872,0.6704080134667979
18,random,yolov5m-coco-torch,0.25,1000,86,0.086,0.6011462520991299,0.5436833868265867,0.6608545087534776
18,random,yolov5n-coco-torch,0.25,1000,225,0.225,0.6055426523297491,0.5671779001611222,0.640607037193469
18,random,yolov5s-coco-torch,0.25,1000,97,0.097,0.6180657830142366,0.5663859446271589,0.6719120362081771
18,random,yolov5x-coco-torch,0.25,1000,58,0.058,0.5751610659638333,0.5020994602307438,0.6467839770589009
18,random,yolov8l-coco-torch,0.25,1000,50,0.05,0.5880842105263158,0.503594581247525,0.672573608826766
18,random,yolov8m-coco-torch,0.25,1000,69,0.069,0.6141284889241738,0.5525625091967299,0.6763600060155067
18,random,yolov8n-coco-torch,0.25,1000,188,0.188,0.6134642595115816,0.5763306844087515,0.6517170511757894
18,random,yolov8s-coco-torch,0.25,1000,95,0.095,0.620569933120093,0.5695789531728858,0.6718151387816802
18,random,yolov8x-coco-torch,0.25,1000,52,0.052,0.6429426322622526,0.5732431116327946,0.714163625088667
18,random,yolov9c-coco-torch,0.25,1000,61,0.061,0.6156008310200947,0.5444678983004809,0.6909097669883495
18,random,yolov9e-coco-torch,0.25,1000,49,0.049,0.6038863494924783,0.5191605585360155,0.6820722205927077
18,random,detection-transformer-torch,0.5,1000,711,0.711,0.653020503311774,0.6184058394621451,0.6838320636986059
18,random,dfine-large-coco-torch,0.5,1000,307,0.307,0.6012404172013293,0.5677582557780726,0.6324238629907326
18,random,dfine-medium-coco-torch,0.5,1000,303,0.303,0.6066285968625557,0.574163324718326,0.6392897404585106
18,random,dfine-nano-coco-torch,0.5,1000,481,0.481,0.6362086853416333,0.6075063492331952,0.6641898783950401
18,random,dfine-small-coco-torch,0.5,1000,392,0.392,0.6192769871106337,0.58870623165769,0.64794978716786
18,random,dfine-xlarge-coco-torch,0.5,1000,270,0.27,0.5950735667174023,0.560084268925199,0.6268931306512777
18,random,faster-rcnn-resnet50-fpn-coco-torch,0.5,1000,667,0.667,0.5949840395117757,0.5619561801671418,0.6282318096419428
18,random,retinanet-resnet50-fpn-coco-torch,0.5,1000,511,0.511,0.6314976448601123,0.6003635578157177,0.6624428636625455
18,random,rfdetr-base-coco-torch,0.5,1000,380,0.38,0.6061184210526316,0.574050870926064,0.635185641236591
18,random,rfdetr-large-coco-torch,0.5,1000,361,0.361,0.619776832741602,0.5903866117001553,0.6480442853392532
18,random,rfdetr-medium-coco-torch,0.5,1000,370,0.37,0.6303281853281854,0.5990494150527963,0.6585919743482673
18,random,rfdetr-nano-coco-torch,0.5,1000,439,0.439,0.639461748667162,0.6100141487149301,0.6666804297592516
18,random,rfdetr-small-coco-torch,0.5,1000,370,0.37,0.6273573573573573,0.5991873314994388,0.6541557497681723
18,random,rtdetr-l-coco-torch,0.5,1000,484,0.484,0.6262572874623614,0.5958312783218795,0.6550457056415281
18,random,rtdetr-v2-l-coco-torch,0.5,1000,299,0.299,0.609855008850233,0.5772670035701586,0.6404024831914279
18,random,rtdetr-v2-m-coco-torch,0.5,1000,290,0.29,0.6177076250607091,0.5855460359684016,0.6476749969257027
18,random,rtdetr-v2-s-coco-torch,0.5,1000,380,0.38,0.6094694397283531,0.5777878728545403,0.6375514355416761
18,random,rtdetr-x-coco-torch,0.5,1000,482,0.482,0.6369054294365498,0.6081159456562332,0.6639493430714611
18,random,yolo11l-coco-torch,0.5,1000,326,0.326,0.6088683985363456,0.5778649503048577,0.6401205145650953
18,random,yolo11m-coco-torch,0.5,1000,345,0.345,0.6037393516981967,0.5716305862864419,0.6343184576958582
18,random,yolo11n-coco-torch,0.5,1000,568,0.568,0.6513860361241524,0.6213859655518829,0.6794838265292829
18,random,yolo11s-coco-torch,0.5,1000,417,0.417,0.6163213511523543,0.5878304579030166,0.6460077105337153
18,random,yolo11x-coco-torch,0.5,1000,275,0.275,0.6125843260188087,0.5794786942895169,0.6447339937019623
18,random,yolov10l-coco-torch,0.5,1000,331,0.331,0.622291014681244,0.593413324130987,0.6510254877203406
18,random,yolov10m-coco-torch,0.5,1000,340,0.34,0.6198484848484849,0.5900321930288362,0.6482185976548207
18,random,yolov10n-coco-torch,0.5,1000,598,0.598,0.6389394998252883,0.6108343108269717,0.6679068005139064
18,random,yolov10s-coco-torch,0.5,1000,393,0.393,0.6263189003609291,0.5961093420120764,0.6537580092824207
18,random,yolov10x-coco-torch,0.5,1000,309,0.309,0.61282134142629,0.5803048362300313,0.6430394737197329
18,random,yolov5l-coco-torch,0.5,1000,335,0.335,0.6151116597463808,0.585547458896637,0.6449212354525938
18,random,yolov5m-coco-torch,0.5,1000,397,0.397,0.6225756189664607,0.59210446943319,0.6514332717174998
18,random,yolov5n-coco-torch,0.5,1000,642,0.642,0.6080030978610835,0.5763538184505301,0.6361125587843739
18,random,yolov5s-coco-torch,0.5,1000,440,0.44,0.6223904220779221,0.5920054042825511,0.6506669523370086
18,random,yolov5x-coco-torch,0.5,1000,303,0.303,0.6093417806630017,0.5754145168944094,0.6412733513425087
18,random,yolov8l-coco-torch,0.5,1000,298,0.298,0.6084079045488442,0.5777534208774444,0.6393217008324477
18,random,yolov8m-coco-torch,0.5,1000,352,0.352,0.6311531109708193,0.6017615176507066,0.658610734905466
18,random,yolov8n-coco-torch,0.5,1000,597,0.597,0.6315365080156781,0.6025343816922892,0.6620563653934065
18,random,yolov8s-coco-torch,0.5,1000,433,0.433,0.6151292610107083,0.5842079157435925,0.6435249567498407
18,random,yolov8x-coco-torch,0.5,1000,290,0.29,0.5968431277319087,0.5645127652604056,0.6280585346191266
18,random,yolov9c-coco-torch,0.5,1000,338,0.338,0.597809667673716,0.5667766957183084,0.6283970110348315
18,random,yolov9e-coco-torch,0.5,1000,268,0.268,0.6055022021042329,0.5718418894452585,0.638702413040688
18,random,detection-transformer-torch,0.75,1000,864,0.864,0.6994442742374728,0.6516450383775817,0.7380620450487066
18,random,dfine-large-coco-torch,0.75,1000,632,0.632,0.664438721106219,0.6340456746977282,0.693457550449665
18,random,dfine-medium-coco-torch,0.75,1000,631,0.631,0.6742298326311313,0.6446266659728543,0.7049858914128078
18,random,dfine-nano-coco-torch,0.75,1000,725,0.725,0.6862319749216301,0.6530385228872361,0.7168863986823044
18,random,dfine-small-coco-torch,0.75,1000,704,0.704,0.6911543112714987,0.6589309664434402,0.7223945742274841
18,random,dfine-xlarge-coco-torch,0.75,1000,591,0.591,0.652466293506096,0.6212800707516016,0.6824363574184623
18,random,faster-rcnn-resnet50-fpn-coco-torch,0.75,1000,870,0.87,0.6706896551724137,0.6255584184943648,0.7147494363815694
18,random,retinanet-resnet50-fpn-coco-torch,0.75,1000,784,0.784,0.6694538926681783,0.633833269884808,0.7072632179388549
18,random,rfdetr-base-coco-torch,0.75,1000,658,0.658,0.6768472599939566,0.6454701091343106,0.7045990928018294
18,random,rfdetr-large-coco-torch,0.75,1000,631,0.631,0.6651183865245942,0.6323280381969262,0.694578929382306
18,random,rfdetr-medium-coco-torch,0.75,1000,629,0.629,0.6767234175669248,0.6459979358445574,0.7042556823343584
18,random,rfdetr-nano-coco-torch,0.75,1000,690,0.69,0.703901355773726,0.6723965668251037,0.7337849340708981
18,random,rfdetr-small-coco-torch,0.75,1000,641,0.641,0.6741924830196551,0.6420932181655004,0.7036073369406629
18,random,rtdetr-l-coco-torch,0.75,1000,743,0.743,0.67426460191358,0.6387548356752536,0.7067528764899673
18,random,rtdetr-v2-l-coco-torch,0.75,1000,607,0.607,0.6776538350289875,0.6489952886990953,0.7049297038387452
18,random,rtdetr-v2-m-coco-torch,0.75,1000,626,0.626,0.6628517366865422,0.6347300431408716,0.692377965988798
18,random,rtdetr-v2-s-coco-torch,0.75,1000,680,0.68,0.6635110294117647,0.6323379237974309,0.6945378003117727
18,random,rtdetr-x-coco-torch,0.75,1000,742,0.742,0.674261894314549,0.6410271060872617,0.706276429719417
18,random,yolo11l-coco-torch,0.75,1000,650,0.65,0.6678153846153846,0.6371280632041784,0.6974110814329407
18,random,yolo11m-coco-torch,0.75,1000,666,0.666,0.6683659707611803,0.6368201054117546,0.6987985892171364
18,random,yolo11n-coco-torch,0.75,1000,778,0.778,0.713292341184372,0.6773152388648407,0.7478624719714828
18,random,yolo11s-coco-torch,0.75,1000,693,0.693,0.6924832315711794,0.661813501269134,0.7227246359391057
18,random,yolo11x-coco-torch,0.75,1000,602,0.602,0.6741473146463213,0.6444899725078868,0.7034666487015303
18,random,yolov10l-coco-torch,0.75,1000,633,0.633,0.6707215758186225,0.6420199021718701,0.6999296509605349
18,random,yolov10m-coco-torch,0.75,1000,657,0.657,0.6765423716779602,0.6454452440325928,0.7061365355134556
18,random,yolov10n-coco-torch,0.75,1000,784,0.784,0.7077930130385488,0.6726173861981898,0.741461958090864
18,random,yolov10s-coco-torch,0.75,1000,691,0.691,0.6735770587160862,0.642352959561661,0.7032703424381392
18,random,yolov10x-coco-torch,0.75,1000,625,0.625,0.6544853333333334,0.6243212376023584,0.6855361652712545
18,random,yolov5l-coco-torch,0.75,1000,672,0.672,0.6646953941637631,0.6346275812439874,0.6963168900161159
18,random,yolov5m-coco-torch,0.75,1000,687,0.687,0.6670387060470351,0.637838680524855,0.6979223520632155
18,random,yolov5n-coco-torch,0.75,1000,838,0.838,0.7196956303957099,0.6794585787806958,0.7547658310528857
18,random,yolov5s-coco-torch,0.75,1000,718,0.718,0.6802781564234773,0.6467039248370939,0.7143155712007876
18,random,yolov5x-coco-torch,0.75,1000,624,0.624,0.6629117225859247,0.632503862569656,0.6923696379378197
18,random,yolov8l-coco-torch,0.75,1000,622,0.622,0.6590236308885826,0.6290016246416528,0.6885142952980041
18,random,yolov8m-coco-torch,0.75,1000,680,0.68,0.6887247242647059,0.6596594454950425,0.7177768289442756
18,random,yolov8n-coco-torch,0.75,1000,798,0.798,0.7071236258964242,0.672197438736031,0.7419535894926602
18,random,yolov8s-coco-torch,0.75,1000,715,0.715,0.6683155441050178,0.6367256625213306,0.7002246811916638
18,random,yolov8x-coco-torch,0.75,1000,623,0.623,0.6585295758096998,0.6289520886183229,0.6886161456075092
18,random,yolov9c-coco-torch,0.75,1000,659,0.659,0.6530377938670072,0.6222154951284844,0.6852898325114787
18,random,yolov9e-coco-torch,0.75,1000,604,0.604,0.6517889992641648,0.6216996089855144,0.6816834046738145
