version,model,level,prediction,baseline,n_train,metric,prompt_strategy
16,detection-transformer-torch,1,0.9254179633422321,0.40357565035641224,2,detection_quality,zeroshot
16,detection-transformer-torch,2,0.5650599609882815,0.40357565035641224,220,detection_quality,zeroshot
16,detection-transformer-torch,3,0.3990499760589456,0.40357565035641224,435,detection_quality,zeroshot
16,detection-transformer-torch,4,0.302696453138965,0.40357565035641224,341,detection_quality,zeroshot
16,detection-transformer-torch,5,0.302696453138965,0.40357565035641224,2,detection_quality,zeroshot
16,dfine-large-coco-torch,1,0.9887367624280015,0.6517205048711282,2,detection_quality,zeroshot
16,dfine-large-coco-torch,2,0.7624311570430156,0.6517205048711282,220,detection_quality,zeroshot
16,dfine-large-coco-torch,3,0.6713734969037481,0.6517205048711282,435,detection_quality,zeroshot
16,dfine-large-coco-torch,4,0.5551695015493848,0.6517205048711282,341,detection_quality,zeroshot
16,dfine-large-coco-torch,5,0.3239528076694086,0.6517205048711282,2,detection_quality,zeroshot
16,dfine-medium-coco-torch,1,0.9901762861015053,0.653429727477437,2,detection_quality,zeroshot
16,dfine-medium-coco-torch,2,0.7696451684548793,0.653429727477437,220,detection_quality,zeroshot
16,dfine-medium-coco-torch,3,0.6746490831117804,0.653429727477437,435,detection_quality,zeroshot
16,dfine-medium-coco-torch,4,0.5512712135250509,0.653429727477437,341,detection_quality,zeroshot
16,dfine-medium-coco-torch,5,0.33580143974665816,0.653429727477437,2,detection_quality,zeroshot
16,dfine-nano-coco-torch,1,0.9887279612770581,0.560848207125243,2,detection_quality,zeroshot
16,dfine-nano-coco-torch,2,0.7084395268110446,0.560848207125243,220,detection_quality,zeroshot
16,dfine-nano-coco-torch,3,0.5758832329379466,0.560848207125243,435,detection_quality,zeroshot
16,dfine-nano-coco-torch,4,0.44571820913493654,0.560848207125243,341,detection_quality,zeroshot
16,dfine-nano-coco-torch,5,0.25746983061917755,0.560848207125243,2,detection_quality,zeroshot
16,dfine-small-coco-torch,1,0.9933261528561229,0.6018565515938219,2,detection_quality,zeroshot
16,dfine-small-coco-torch,2,0.7346745760651319,0.6018565515938219,220,detection_quality,zeroshot
16,dfine-small-coco-torch,3,0.6130785803624984,0.6018565515938219,435,detection_quality,zeroshot
16,dfine-small-coco-torch,4,0.5010494885503692,0.6018565515938219,341,detection_quality,zeroshot
16,dfine-small-coco-torch,5,0.3472172502088652,0.6018565515938219,2,detection_quality,zeroshot
16,dfine-xlarge-coco-torch,1,0.9885181380589494,0.6745152423554631,2,detection_quality,zeroshot
16,dfine-xlarge-coco-torch,2,0.7873716590511131,0.6745152423554631,220,detection_quality,zeroshot
16,dfine-xlarge-coco-torch,3,0.692316319759414,0.6745152423554631,435,detection_quality,zeroshot
16,dfine-xlarge-coco-torch,4,0.5789066421988922,0.6745152423554631,341,detection_quality,zeroshot
16,dfine-xlarge-coco-torch,5,0.3758385014667588,0.6745152423554631,2,detection_quality,zeroshot
16,faster-rcnn-resnet50-fpn-coco-torch,1,0.9584861311749149,0.4571821627712276,2,detection_quality,zeroshot
16,faster-rcnn-resnet50-fpn-coco-torch,2,0.5432724415690217,0.4571821627712276,220,detection_quality,zeroshot
16,faster-rcnn-resnet50-fpn-coco-torch,3,0.4455802769736497,0.4571821627712276,435,detection_quality,zeroshot
16,faster-rcnn-resnet50-fpn-coco-torch,4,0.4137546148109484,0.4571821627712276,341,detection_quality,zeroshot
16,faster-rcnn-resnet50-fpn-coco-torch,5,0.4137546148109484,0.4571821627712276,2,detection_quality,zeroshot
16,retinanet-resnet50-fpn-coco-torch,1,0.9826207701613273,0.5354168576162636,2,detection_quality,zeroshot
16,retinanet-resnet50-fpn-coco-torch,2,0.6566010498596468,0.5354168576162636,220,detection_quality,zeroshot
16,retinanet-resnet50-fpn-coco-torch,3,0.5482687403884343,0.5354168576162636,435,detection_quality,zeroshot
16,retinanet-resnet50-fpn-coco-torch,4,0.43878274938148853,0.5354168576162636,341,detection_quality,zeroshot
16,retinanet-resnet50-fpn-coco-torch,5,0.43878274938148853,0.5354168576162636,2,detection_quality,zeroshot
16,rfdetr-base-coco-torch,1,0.9850013520663384,0.6102507714780702,2,detection_quality,zeroshot
16,rfdetr-base-coco-torch,2,0.7408858760610342,0.6102507714780702,220,detection_quality,zeroshot
16,rfdetr-base-coco-torch,3,0.632098098689677,0.6102507714780702,435,detection_quality,zeroshot
16,rfdetr-base-coco-torch,4,0.49846407930159087,0.6102507714780702,341,detection_quality,zeroshot
16,rfdetr-base-coco-torch,5,0.17347603432939934,0.6102507714780702,2,detection_quality,zeroshot
16,rfdetr-large-coco-torch,1,0.9851591725720732,0.6255005349636037,2,detection_quality,zeroshot
16,rfdetr-large-coco-torch,2,0.7516131198367841,0.6255005349636037,220,detection_quality,zeroshot
16,rfdetr-large-coco-torch,3,0.6502900209600754,0.6255005349636037,435,detection_quality,zeroshot
16,rfdetr-large-coco-torch,4,0.5131884176194689,0.6255005349636037,341,detection_quality,zeroshot
16,rfdetr-large-coco-torch,5,0.1509603642474618,0.6255005349636037,2,detection_quality,zeroshot
16,rfdetr-medium-coco-torch,1,0.9852530683766341,0.6216880083487929,2,detection_quality,zeroshot
16,rfdetr-medium-coco-torch,2,0.7550261991734756,0.6216880083487929,220,detection_quality,zeroshot
16,rfdetr-medium-coco-torch,3,0.650004209566129,0.6216880083487929,435,detection_quality,zeroshot
16,rfdetr-medium-coco-torch,4,0.500372413888488,0.6216880083487929,341,detection_quality,zeroshot
16,rfdetr-medium-coco-torch,5,0.11645704831674844,0.6216880083487929,2,detection_quality,zeroshot
16,rfdetr-nano-coco-torch,1,0.9912208335531407,0.5776083855206445,2,detection_quality,zeroshot
16,rfdetr-nano-coco-torch,2,0.7338613933275273,0.5776083855206445,220,detection_quality,zeroshot
16,rfdetr-nano-coco-torch,3,0.6011789847339937,0.5776083855206445,435,detection_quality,zeroshot
16,rfdetr-nano-coco-torch,4,0.44719594696170306,0.5776083855206445,341,detection_quality,zeroshot
16,rfdetr-nano-coco-torch,5,0.08488052412744125,0.5776083855206445,2,detection_quality,zeroshot
16,rfdetr-small-coco-torch,1,0.9918482635816337,0.6189969669318153,2,detection_quality,zeroshot
16,rfdetr-small-coco-torch,2,0.7567051075829394,0.6189969669318153,220,detection_quality,zeroshot
16,rfdetr-small-coco-torch,3,0.6455636031073357,0.6189969669318153,435,detection_quality,zeroshot
16,rfdetr-small-coco-torch,4,0.4971274182726194,0.6189969669318153,341,detection_quality,zeroshot
16,rfdetr-small-coco-torch,5,0.0987648768765574,0.6189969669318153,2,detection_quality,zeroshot
16,rtdetr-l-coco-torch,1,0.9839591549987802,0.5610279720078203,2,detection_quality,zeroshot
16,rtdetr-l-coco-torch,2,0.6940249753369618,0.5610279720078203,220,detection_quality,zeroshot
16,rtdetr-l-coco-torch,3,0.5739550701469207,0.5610279720078203,435,detection_quality,zeroshot
16,rtdetr-l-coco-torch,4,0.4568632758302651,0.5610279720078203,341,detection_quality,zeroshot
16,rtdetr-l-coco-torch,5,0.4568632758302651,0.5610279720078203,2,detection_quality,zeroshot
16,rtdetr-v2-l-coco-torch,1,0.9836182862736051,0.6551630257957263,2,detection_quality,zeroshot
16,rtdetr-v2-l-coco-torch,2,0.7886354513794523,0.6551630257957263,220,detection_quality,zeroshot
16,rtdetr-v2-l-coco-torch,3,0.6782073927504143,0.6551630257957263,435,detection_quality,zeroshot
16,rtdetr-v2-l-coco-torch,4,0.5405603583812029,0.6551630257957263,341,detection_quality,zeroshot
16,rtdetr-v2-l-coco-torch,5,0.17234593263964554,0.6551630257957263,2,detection_quality,zeroshot
16,rtdetr-v2-m-coco-torch,1,0.9880565832426559,0.6579062083636237,2,detection_quality,zeroshot
16,rtdetr-v2-m-coco-torch,2,0.7741013792487077,0.6579062083636237,220,detection_quality,zeroshot
16,rtdetr-v2-m-coco-torch,3,0.6822683408042788,0.6579062083636237,435,detection_quality,zeroshot
16,rtdetr-v2-m-coco-torch,4,0.5514713582415437,0.6579062083636237,341,detection_quality,zeroshot
16,rtdetr-v2-m-coco-torch,5,0.39466517609740553,0.6579062083636237,2,detection_quality,zeroshot
16,rtdetr-v2-s-coco-torch,1,0.9830395636440494,0.6155301015768531,2,detection_quality,zeroshot
16,rtdetr-v2-s-coco-torch,2,0.7375175532247649,0.6155301015768531,220,detection_quality,zeroshot
16,rtdetr-v2-s-coco-torch,3,0.6348687249663147,0.6155301015768531,435,detection_quality,zeroshot
16,rtdetr-v2-s-coco-torch,4,0.5111966788161654,0.6155301015768531,341,detection_quality,zeroshot
16,rtdetr-v2-s-coco-torch,5,0.41209895172917144,0.6155301015768531,2,detection_quality,zeroshot
16,rtdetr-x-coco-torch,1,0.9871841311276552,0.5631254461554502,2,detection_quality,zeroshot
16,rtdetr-x-coco-torch,2,0.6930065619619752,0.5631254461554502,220,detection_quality,zeroshot
16,rtdetr-x-coco-torch,3,0.5755045239057686,0.5631254461554502,435,detection_quality,zeroshot
16,rtdetr-x-coco-torch,4,0.46164771534271454,0.5631254461554502,341,detection_quality,zeroshot
16,rtdetr-x-coco-torch,5,0.46164771534271454,0.5631254461554502,2,detection_quality,zeroshot
16,yolo11l-coco-torch,1,0.986984117609454,0.636470406586455,2,detection_quality,zeroshot
16,yolo11l-coco-torch,2,0.7681506002091786,0.636470406586455,220,detection_quality,zeroshot
16,yolo11l-coco-torch,3,0.6482745175605302,0.636470406586455,435,detection_quality,zeroshot
16,yolo11l-coco-torch,4,0.5363989579313952,0.636470406586455,341,detection_quality,zeroshot
16,yolo11l-coco-torch,5,0.2959232558902293,0.636470406586455,2,detection_quality,zeroshot
16,yolo11m-coco-torch,1,0.9867287564601885,0.6242442295508305,2,detection_quality,zeroshot
16,yolo11m-coco-torch,2,0.7619660379722093,0.6242442295508305,220,detection_quality,zeroshot
16,yolo11m-coco-torch,3,0.6309154040472149,0.6242442295508305,435,detection_quality,zeroshot
16,yolo11m-coco-torch,4,0.5264705478989411,0.6242442295508305,341,detection_quality,zeroshot
16,yolo11m-coco-torch,5,0.33179304497314993,0.6242442295508305,2,detection_quality,zeroshot
16,yolo11n-coco-torch,1,0.9878230697714844,0.5117689875002543,2,detection_quality,zeroshot
16,yolo11n-coco-torch,2,0.6631315156753949,0.5117689875002543,220,detection_quality,zeroshot
16,yolo11n-coco-torch,3,0.5201373199363418,0.5117689875002543,435,detection_quality,zeroshot
16,yolo11n-coco-torch,4,0.4017553518408904,0.5117689875002543,341,detection_quality,zeroshot
16,yolo11n-coco-torch,5,0.32304938103585806,0.5117689875002543,2,detection_quality,zeroshot
16,yolo11s-coco-torch,1,0.9865437882557577,0.5900855775235758,2,detection_quality,zeroshot
16,yolo11s-coco-torch,2,0.7217710128145923,0.5900855775235758,220,detection_quality,zeroshot
16,yolo11s-coco-torch,3,0.6096756765298011,0.5900855775235758,435,detection_quality,zeroshot
16,yolo11s-coco-torch,4,0.47952312552225956,0.5900855775235758,341,detection_quality,zeroshot
16,yolo11s-coco-torch,5,0.2982810171503268,0.5900855775235758,2,detection_quality,zeroshot
16,yolo11x-coco-torch,1,0.988625573767099,0.6659214923641869,2,detection_quality,zeroshot
16,yolo11x-coco-torch,2,0.7963013354094696,0.6659214923641869,220,detection_quality,zeroshot
16,yolo11x-coco-torch,3,0.6836311701348913,0.6659214923641869,435,detection_quality,zeroshot
16,yolo11x-coco-torch,4,0.5594801325026609,0.6659214923641869,341,detection_quality,zeroshot
16,yolo11x-coco-torch,5,0.2978316172415769,0.6659214923641869,2,detection_quality,zeroshot
16,yolov10l-coco-torch,1,0.9866653183969797,0.6400087830428302,2,detection_quality,zeroshot
16,yolov10l-coco-torch,2,0.7727337350154425,0.6400087830428302,220,detection_quality,zeroshot
16,yolov10l-coco-torch,3,0.6546492330638204,0.6400087830428302,435,detection_quality,zeroshot
16,yolov10l-coco-torch,4,0.5364307691269881,0.6400087830428302,341,detection_quality,zeroshot
16,yolov10l-coco-torch,5,0.1693610237864153,0.6400087830428302,2,detection_quality,zeroshot
16,yolov10m-coco-torch,1,0.9833359843703156,0.6282047846708179,2,detection_quality,zeroshot
16,yolov10m-coco-torch,2,0.7620570615439007,0.6282047846708179,220,detection_quality,zeroshot
16,yolov10m-coco-torch,3,0.6362023355514976,0.6282047846708179,435,detection_quality,zeroshot
16,yolov10m-coco-torch,4,0.5322119287393813,0.6282047846708179,341,detection_quality,zeroshot
16,yolov10m-coco-torch,5,0.17663774869430138,0.6282047846708179,2,detection_quality,zeroshot
16,yolov10n-coco-torch,1,0.9802344709490753,0.4890654610710212,2,detection_quality,zeroshot
16,yolov10n-coco-torch,2,0.6483823713945281,0.4890654610710212,220,detection_quality,zeroshot
16,yolov10n-coco-torch,3,0.4992895116425327,0.4890654610710212,435,detection_quality,zeroshot
16,yolov10n-coco-torch,4,0.37255199618597784,0.4890654610710212,341,detection_quality,zeroshot
16,yolov10n-coco-torch,5,0.11485107920313886,0.4890654610710212,2,detection_quality,zeroshot
16,yolov10s-coco-torch,1,0.9871861013742183,0.5993350060132541,2,detection_quality,zeroshot
16,yolov10s-coco-torch,2,0.7326160388854035,0.5993350060132541,220,detection_quality,zeroshot
16,yolov10s-coco-torch,3,0.6144155282081084,0.5993350060132541,435,detection_quality,zeroshot
16,yolov10s-coco-torch,4,0.4943346850772774,0.5993350060132541,341,detection_quality,zeroshot
16,yolov10s-coco-torch,5,0.17311143691882305,0.5993350060132541,2,detection_quality,zeroshot
16,yolov10x-coco-torch,1,0.9888645053064784,0.6498320514769445,2,detection_quality,zeroshot
16,yolov10x-coco-torch,2,0.7750232837895425,0.6498320514769445,220,detection_quality,zeroshot
16,yolov10x-coco-torch,3,0.6615701476020194,0.6498320514769445,435,detection_quality,zeroshot
16,yolov10x-coco-torch,4,0.5549648570224895,0.6498320514769445,341,detection_quality,zeroshot
16,yolov10x-coco-torch,5,0.16158479054213834,0.6498320514769445,2,detection_quality,zeroshot
16,yolov5l-coco-torch,1,0.9847157851639171,0.6277016110379896,2,detection_quality,zeroshot
16,yolov5l-coco-torch,2,0.7656123665194527,0.6277016110379896,220,detection_quality,zeroshot
16,yolov5l-coco-torch,3,0.6346582654397704,0.6277016110379896,435,detection_quality,zeroshot
16,yolov5l-coco-torch,4,0.529519701763872,0.6277016110379896,341,detection_quality,zeroshot
16,yolov5l-coco-torch,5,0.3274475328012675,0.6277016110379896,2,detection_quality,zeroshot
16,yolov5m-coco-torch,1,0.9846679198618664,0.6025859636835019,2,detection_quality,zeroshot
16,yolov5m-coco-torch,2,0.7325834610443729,0.6025859636835019,220,detection_quality,zeroshot
16,yolov5m-coco-torch,3,0.6123026582080325,0.6025859636835019,435,detection_quality,zeroshot
16,yolov5m-coco-torch,4,0.5056165740681986,0.6025859636835019,341,detection_quality,zeroshot
16,yolov5m-coco-torch,5,0.3406791681334424,0.6025859636835019,2,detection_quality,zeroshot
16,yolov5n-coco-torch,1,0.9857183533943499,0.4540371390634687,2,detection_quality,zeroshot
16,yolov5n-coco-torch,2,0.5876807722776014,0.4540371390634687,220,detection_quality,zeroshot
16,yolov5n-coco-torch,3,0.4497758792568025,0.4540371390634687,435,detection_quality,zeroshot
16,yolov5n-coco-torch,4,0.3712984318254255,0.4540371390634687,341,detection_quality,zeroshot
16,yolov5n-coco-torch,5,0.2553298632141063,0.4540371390634687,2,detection_quality,zeroshot
16,yolov5s-coco-torch,1,0.9877826637589371,0.5764292704429405,2,detection_quality,zeroshot
16,yolov5s-coco-torch,2,0.7046751377627793,0.5764292704429405,220,detection_quality,zeroshot
16,yolov5s-coco-torch,3,0.5869664635907526,0.5764292704429405,435,detection_quality,zeroshot
16,yolov5s-coco-torch,4,0.4795964124543569,0.5764292704429405,341,detection_quality,zeroshot
16,yolov5s-coco-torch,5,0.27619324934885253,0.5764292704429405,2,detection_quality,zeroshot
16,yolov5x-coco-torch,1,0.9896950043333888,0.6479825033371316,2,detection_quality,zeroshot
16,yolov5x-coco-torch,2,0.777604785341009,0.6479825033371316,220,detection_quality,zeroshot
16,yolov5x-coco-torch,3,0.6553355772842362,0.6479825033371316,435,detection_quality,zeroshot
16,yolov5x-coco-torch,4,0.5551627962712853,0.6479825033371316,341,detection_quality,zeroshot
16,yolov5x-coco-torch,5,0.2742854531455024,0.6479825033371316,2,detection_quality,zeroshot
16,yolov8l-coco-torch,1,0.9889387361980956,0.6529318209971942,2,detection_quality,zeroshot
16,yolov8l-coco-torch,2,0.7825021443107602,0.6529318209971942,220,detection_quality,zeroshot
16,yolov8l-coco-torch,3,0.6597562418527243,0.6529318209971942,435,detection_quality,zeroshot
16,yolov8l-coco-torch,4,0.5607326863469481,0.6529318209971942,341,detection_quality,zeroshot
16,yolov8l-coco-torch,5,0.29983026309277305,0.6529318209971942,2,detection_quality,zeroshot
16,yolov8m-coco-torch,1,0.9883238628938854,0.6191899998741878,2,detection_quality,zeroshot
16,yolov8m-coco-torch,2,0.7612132294749884,0.6191899998741878,220,detection_quality,zeroshot
16,yolov8m-coco-torch,3,0.6185055682012888,0.6191899998741878,435,detection_quality,zeroshot
16,yolov8m-coco-torch,4,0.528114683070084,0.6191899998741878,341,detection_quality,zeroshot
16,yolov8m-coco-torch,5,0.3047062847214471,0.6191899998741878,2,detection_quality,zeroshot
16,yolov8n-coco-torch,1,0.9902481409916077,0.4908516990474192,2,detection_quality,zeroshot
16,yolov8n-coco-torch,2,0.6318359162174003,0.4908516990474192,220,detection_quality,zeroshot
16,yolov8n-coco-torch,3,0.4965950079405556,0.4908516990474192,435,detection_quality,zeroshot
16,yolov8n-coco-torch,4,0.3904458838423074,0.4908516990474192,341,detection_quality,zeroshot
16,yolov8n-coco-torch,5,0.35321317661946294,0.4908516990474192,2,detection_quality,zeroshot
16,yolov8s-coco-torch,1,0.9848217664996994,0.5812603678534605,2,detection_quality,zeroshot
16,yolov8s-coco-torch,2,0.723467424870077,0.5812603678534605,220,detection_quality,zeroshot
16,yolov8s-coco-torch,3,0.5849814010941581,0.5812603678534605,435,detection_quality,zeroshot
16,yolov8s-coco-torch,4,0.4839355389871369,0.5812603678534605,341,detection_quality,zeroshot
16,yolov8s-coco-torch,5,0.319481289236215,0.5812603678534605,2,detection_quality,zeroshot
16,yolov8x-coco-torch,1,0.9872855229518254,0.656959509626136,2,detection_quality,zeroshot
16,yolov8x-coco-torch,2,0.778712735503627,0.656959509626136,220,detection_quality,zeroshot
16,yolov8x-coco-torch,3,0.670078842159316,0.656959509626136,435,detection_quality,zeroshot
16,yolov8x-coco-torch,4,0.561839034671668,0.656959509626136,341,detection_quality,zeroshot
16,yolov8x-coco-torch,5,0.29836480354678674,0.656959509626136,2,detection_quality,zeroshot
16,yolov9c-coco-torch,1,0.9865537662498494,0.6320062026677671,2,detection_quality,zeroshot
16,yolov9c-coco-torch,2,0.7645781734272359,0.6320062026677671,220,detection_quality,zeroshot
16,yolov9c-coco-torch,3,0.6352334906996643,0.6320062026677671,435,detection_quality,zeroshot
16,yolov9c-coco-torch,4,0.5416976093579146,0.6320062026677671,341,detection_quality,zeroshot
16,yolov9c-coco-torch,5,0.3902218679363869,0.6320062026677671,2,detection_quality,zeroshot
16,yolov9e-coco-torch,1,0.9874954771196606,0.6669190177930158,2,detection_quality,zeroshot
16,yolov9e-coco-torch,2,0.7896768594990875,0.6669190177930158,220,detection_quality,zeroshot
16,yolov9e-coco-torch,3,0.6772521086374728,0.6669190177930158,435,detection_quality,zeroshot
16,yolov9e-coco-torch,4,0.5747851783415681,0.6669190177930158,341,detection_quality,zeroshot
16,yolov9e-coco-torch,5,0.3043523386007616,0.6669190177930158,2,detection_quality,zeroshot
17,detection-transformer-torch,1,0.6761435090968142,0.40357565035641224,29,detection_quality,zeroshot
17,detection-transformer-torch,2,0.5044974697759642,0.40357565035641224,297,detection_quality,zeroshot
17,detection-transformer-torch,3,0.3550449241181887,0.40357565035641224,593,detection_quality,zeroshot
17,detection-transformer-torch,4,0.2912358032970107,0.40357565035641224,81,detection_quality,zeroshot
17,detection-transformer-torch,5,0.2912358032970107,0.40357565035641224,0,detection_quality,zeroshot
17,dfine-large-coco-torch,1,0.7908972355559745,0.6517205048711282,29,detection_quality,zeroshot
17,dfine-large-coco-torch,2,0.7440403715052174,0.6517205048711282,297,detection_quality,zeroshot
17,dfine-large-coco-torch,3,0.6192491861491428,0.6517205048711282,593,detection_quality,zeroshot
17,dfine-large-coco-torch,4,0.5011077446483324,0.6517205048711282,81,detection_quality,zeroshot
17,dfine-large-coco-torch,5,0.5011077446483324,0.6517205048711282,0,detection_quality,zeroshot
17,dfine-medium-coco-torch,1,0.8400255396519384,0.653429727477437,29,detection_quality,zeroshot
17,dfine-medium-coco-torch,2,0.7414185141635579,0.653429727477437,297,detection_quality,zeroshot
17,dfine-medium-coco-torch,3,0.6228682547146966,0.653429727477437,593,detection_quality,zeroshot
17,dfine-medium-coco-torch,4,0.4877384330263996,0.653429727477437,81,detection_quality,zeroshot
17,dfine-medium-coco-torch,5,0.4877384330263996,0.653429727477437,0,detection_quality,zeroshot
17,dfine-nano-coco-torch,1,0.8118914410419802,0.560848207125243,29,detection_quality,zeroshot
17,dfine-nano-coco-torch,2,0.6700787733980196,0.560848207125243,297,detection_quality,zeroshot
17,dfine-nano-coco-torch,3,0.517641991473287,0.560848207125243,593,detection_quality,zeroshot
17,dfine-nano-coco-torch,4,0.38676862582906313,0.560848207125243,81,detection_quality,zeroshot
17,dfine-nano-coco-torch,5,0.38676862582906313,0.560848207125243,0,detection_quality,zeroshot
17,dfine-small-coco-torch,1,0.799410346641584,0.6018565515938219,29,detection_quality,zeroshot
17,dfine-small-coco-torch,2,0.7012566262469112,0.6018565515938219,297,detection_quality,zeroshot
17,dfine-small-coco-torch,3,0.5645113784777513,0.6018565515938219,593,detection_quality,zeroshot
17,dfine-small-coco-torch,4,0.4400640260318091,0.6018565515938219,81,detection_quality,zeroshot
17,dfine-small-coco-torch,5,0.4400640260318091,0.6018565515938219,0,detection_quality,zeroshot
17,dfine-xlarge-coco-torch,1,0.8099987148114353,0.6745152423554631,29,detection_quality,zeroshot
17,dfine-xlarge-coco-torch,2,0.7549323939110942,0.6745152423554631,297,detection_quality,zeroshot
17,dfine-xlarge-coco-torch,3,0.6511949874113937,0.6745152423554631,593,detection_quality,zeroshot
17,dfine-xlarge-coco-torch,4,0.5018732234491418,0.6745152423554631,81,detection_quality,zeroshot
17,dfine-xlarge-coco-torch,5,0.5018732234491418,0.6745152423554631,0,detection_quality,zeroshot
17,faster-rcnn-resnet50-fpn-coco-torch,1,0.650152423537605,0.4571821627712276,29,detection_quality,zeroshot
17,faster-rcnn-resnet50-fpn-coco-torch,2,0.5167969295362408,0.4571821627712276,297,detection_quality,zeroshot
17,faster-rcnn-resnet50-fpn-coco-torch,3,0.42260987302132563,0.4571821627712276,593,detection_quality,zeroshot
17,faster-rcnn-resnet50-fpn-coco-torch,4,0.42260987302132563,0.4571821627712276,81,detection_quality,zeroshot
17,faster-rcnn-resnet50-fpn-coco-torch,5,0.42260987302132563,0.4571821627712276,0,detection_quality,zeroshot
17,retinanet-resnet50-fpn-coco-torch,1,0.7721120190759109,0.5354168576162636,29,detection_quality,zeroshot
17,retinanet-resnet50-fpn-coco-torch,2,0.6405356972006091,0.5354168576162636,297,detection_quality,zeroshot
17,retinanet-resnet50-fpn-coco-torch,3,0.4881676830740513,0.5354168576162636,593,detection_quality,zeroshot
17,retinanet-resnet50-fpn-coco-torch,4,0.41114902384653845,0.5354168576162636,81,detection_quality,zeroshot
17,retinanet-resnet50-fpn-coco-torch,5,0.41114902384653845,0.5354168576162636,0,detection_quality,zeroshot
17,rfdetr-base-coco-torch,1,0.7929587546364092,0.6102507714780702,29,detection_quality,zeroshot
17,rfdetr-base-coco-torch,2,0.72188873760626,0.6102507714780702,297,detection_quality,zeroshot
17,rfdetr-base-coco-torch,3,0.5715543970022435,0.6102507714780702,593,detection_quality,zeroshot
17,rfdetr-base-coco-torch,4,0.41879327286698237,0.6102507714780702,81,detection_quality,zeroshot
17,rfdetr-base-coco-torch,5,0.41879327286698237,0.6102507714780702,0,detection_quality,zeroshot
17,rfdetr-large-coco-torch,1,0.8118988167227232,0.6255005349636037,29,detection_quality,zeroshot
17,rfdetr-large-coco-torch,2,0.7331600120571456,0.6255005349636037,297,detection_quality,zeroshot
17,rfdetr-large-coco-torch,3,0.5880242366511591,0.6255005349636037,593,detection_quality,zeroshot
17,rfdetr-large-coco-torch,4,0.4383774489325252,0.6255005349636037,81,detection_quality,zeroshot
17,rfdetr-large-coco-torch,5,0.4383774489325252,0.6255005349636037,0,detection_quality,zeroshot
17,rfdetr-medium-coco-torch,1,0.8140364369294857,0.6216880083487929,29,detection_quality,zeroshot
17,rfdetr-medium-coco-torch,2,0.7309131091365043,0.6216880083487929,297,detection_quality,zeroshot
17,rfdetr-medium-coco-torch,3,0.5851212967629957,0.6216880083487929,593,detection_quality,zeroshot
17,rfdetr-medium-coco-torch,4,0.42003492943010745,0.6216880083487929,81,detection_quality,zeroshot
17,rfdetr-medium-coco-torch,5,0.42003492943010745,0.6216880083487929,0,detection_quality,zeroshot
17,rfdetr-nano-coco-torch,1,0.8195130711256309,0.5776083855206445,29,detection_quality,zeroshot
17,rfdetr-nano-coco-torch,2,0.7028035795145655,0.5776083855206445,297,detection_quality,zeroshot
17,rfdetr-nano-coco-torch,3,0.5347053787748427,0.5776083855206445,593,detection_quality,zeroshot
17,rfdetr-nano-coco-torch,4,0.34604387319375957,0.5776083855206445,81,detection_quality,zeroshot
17,rfdetr-nano-coco-torch,5,0.34604387319375957,0.5776083855206445,0,detection_quality,zeroshot
17,rfdetr-small-coco-torch,1,0.8157326063436408,0.6189969669318153,29,detection_quality,zeroshot
17,rfdetr-small-coco-torch,2,0.7350388226102677,0.6189969669318153,297,detection_quality,zeroshot
17,rfdetr-small-coco-torch,3,0.5805956255460166,0.6189969669318153,593,detection_quality,zeroshot
17,rfdetr-small-coco-torch,4,0.4042096923927607,0.6189969669318153,81,detection_quality,zeroshot
17,rfdetr-small-coco-torch,5,0.4042096923927607,0.6189969669318153,0,detection_quality,zeroshot
17,rtdetr-l-coco-torch,1,0.7621855160287802,0.5610279720078203,29,detection_quality,zeroshot
17,rtdetr-l-coco-torch,2,0.6525597811456201,0.5610279720078203,297,detection_quality,zeroshot
17,rtdetr-l-coco-torch,3,0.5236219689283828,0.5610279720078203,593,detection_quality,zeroshot
17,rtdetr-l-coco-torch,4,0.42724085763216907,0.5610279720078203,81,detection_quality,zeroshot
17,rtdetr-l-coco-torch,5,0.42724085763216907,0.5610279720078203,0,detection_quality,zeroshot
17,rtdetr-v2-l-coco-torch,1,0.7665555534434034,0.6551630257957263,29,detection_quality,zeroshot
17,rtdetr-v2-l-coco-torch,2,0.7546637643230623,0.6551630257957263,297,detection_quality,zeroshot
17,rtdetr-v2-l-coco-torch,3,0.6267764550366132,0.6551630257957263,593,detection_quality,zeroshot
17,rtdetr-v2-l-coco-torch,4,0.45826344327415597,0.6551630257957263,81,detection_quality,zeroshot
17,rtdetr-v2-l-coco-torch,5,0.45826344327415597,0.6551630257957263,0,detection_quality,zeroshot
17,rtdetr-v2-m-coco-torch,1,0.8224020631681649,0.6579062083636237,29,detection_quality,zeroshot
17,rtdetr-v2-m-coco-torch,2,0.7494436705282028,0.6579062083636237,297,detection_quality,zeroshot
17,rtdetr-v2-m-coco-torch,3,0.6285675659546041,0.6579062083636237,593,detection_quality,zeroshot
17,rtdetr-v2-m-coco-torch,4,0.47816310831840114,0.6579062083636237,81,detection_quality,zeroshot
17,rtdetr-v2-m-coco-torch,5,0.47816310831840114,0.6579062083636237,0,detection_quality,zeroshot
17,rtdetr-v2-s-coco-torch,1,0.7480303139379202,0.6155301015768531,29,detection_quality,zeroshot
17,rtdetr-v2-s-coco-torch,2,0.7168164801677118,0.6155301015768531,297,detection_quality,zeroshot
17,rtdetr-v2-s-coco-torch,3,0.5807762750245051,0.6155301015768531,593,detection_quality,zeroshot
17,rtdetr-v2-s-coco-torch,4,0.4511407009050874,0.6155301015768531,81,detection_quality,zeroshot
17,rtdetr-v2-s-coco-torch,5,0.4511407009050874,0.6155301015768531,0,detection_quality,zeroshot
17,rtdetr-x-coco-torch,1,0.7253331972125964,0.5631254461554502,29,detection_quality,zeroshot
17,rtdetr-x-coco-torch,2,0.6678241978520604,0.5631254461554502,297,detection_quality,zeroshot
17,rtdetr-x-coco-torch,3,0.5222098732757083,0.5631254461554502,593,detection_quality,zeroshot
17,rtdetr-x-coco-torch,4,0.4206980471818297,0.5631254461554502,81,detection_quality,zeroshot
17,rtdetr-x-coco-torch,5,0.4206980471818297,0.5631254461554502,0,detection_quality,zeroshot
17,yolo11l-coco-torch,1,0.8254820815864687,0.636470406586455,29,detection_quality,zeroshot
17,yolo11l-coco-torch,2,0.723768714737424,0.636470406586455,297,detection_quality,zeroshot
17,yolo11l-coco-torch,3,0.606742530295527,0.636470406586455,593,detection_quality,zeroshot
17,yolo11l-coco-torch,4,0.46634317874302167,0.636470406586455,81,detection_quality,zeroshot
17,yolo11l-coco-torch,5,0.46634317874302167,0.636470406586455,0,detection_quality,zeroshot
17,yolo11m-coco-torch,1,0.8035290170640483,0.6242442295508305,29,detection_quality,zeroshot
17,yolo11m-coco-torch,2,0.7166721279524547,0.6242442295508305,297,detection_quality,zeroshot
17,yolo11m-coco-torch,3,0.592818313752634,0.6242442295508305,593,detection_quality,zeroshot
17,yolo11m-coco-torch,4,0.4512222962812561,0.6242442295508305,81,detection_quality,zeroshot
17,yolo11m-coco-torch,5,0.4512222962812561,0.6242442295508305,0,detection_quality,zeroshot
17,yolo11n-coco-torch,1,0.7700480045048352,0.5117689875002543,29,detection_quality,zeroshot
17,yolo11n-coco-torch,2,0.6273113252821652,0.5117689875002543,297,detection_quality,zeroshot
17,yolo11n-coco-torch,3,0.4655900579240043,0.5117689875002543,593,detection_quality,zeroshot
17,yolo11n-coco-torch,4,0.3337188569367411,0.5117689875002543,81,detection_quality,zeroshot
17,yolo11n-coco-torch,5,0.3337188569367411,0.5117689875002543,0,detection_quality,zeroshot
17,yolo11s-coco-torch,1,0.8069294715600992,0.5900855775235758,29,detection_quality,zeroshot
17,yolo11s-coco-torch,2,0.6967782104320173,0.5900855775235758,297,detection_quality,zeroshot
17,yolo11s-coco-torch,3,0.5513684797094366,0.5900855775235758,593,detection_quality,zeroshot
17,yolo11s-coco-torch,4,0.40469118373244733,0.5900855775235758,81,detection_quality,zeroshot
17,yolo11s-coco-torch,5,0.40469118373244733,0.5900855775235758,0,detection_quality,zeroshot
17,yolo11x-coco-torch,1,0.8302279772723804,0.6659214923641869,29,detection_quality,zeroshot
17,yolo11x-coco-torch,2,0.7603576895629897,0.6659214923641869,297,detection_quality,zeroshot
17,yolo11x-coco-torch,3,0.6357222320689657,0.6659214923641869,593,detection_quality,zeroshot
17,yolo11x-coco-torch,4,0.48191806921212593,0.6659214923641869,81,detection_quality,zeroshot
17,yolo11x-coco-torch,5,0.48191806921212593,0.6659214923641869,0,detection_quality,zeroshot
17,yolov10l-coco-torch,1,0.8333382166878288,0.6400087830428302,29,detection_quality,zeroshot
17,yolov10l-coco-torch,2,0.7328046804461897,0.6400087830428302,297,detection_quality,zeroshot
17,yolov10l-coco-torch,3,0.6080624526251703,0.6400087830428302,593,detection_quality,zeroshot
17,yolov10l-coco-torch,4,0.4644191390078699,0.6400087830428302,81,detection_quality,zeroshot
17,yolov10l-coco-torch,5,0.4644191390078699,0.6400087830428302,0,detection_quality,zeroshot
17,yolov10m-coco-torch,1,0.8363966309690851,0.6282047846708179,29,detection_quality,zeroshot
17,yolov10m-coco-torch,2,0.7215000974341808,0.6282047846708179,297,detection_quality,zeroshot
17,yolov10m-coco-torch,3,0.5946088588502947,0.6282047846708179,593,detection_quality,zeroshot
17,yolov10m-coco-torch,4,0.45753950785849107,0.6282047846708179,81,detection_quality,zeroshot
17,yolov10m-coco-torch,5,0.45753950785849107,0.6282047846708179,0,detection_quality,zeroshot
17,yolov10n-coco-torch,1,0.7832098812631988,0.4890654610710212,29,detection_quality,zeroshot
17,yolov10n-coco-torch,2,0.6017729359724292,0.4890654610710212,297,detection_quality,zeroshot
17,yolov10n-coco-torch,3,0.44442381712380374,0.4890654610710212,593,detection_quality,zeroshot
17,yolov10n-coco-torch,4,0.29731467871803796,0.4890654610710212,81,detection_quality,zeroshot
17,yolov10n-coco-torch,5,0.29731467871803796,0.4890654610710212,0,detection_quality,zeroshot
17,yolov10s-coco-torch,1,0.8159133567996466,0.5993350060132541,29,detection_quality,zeroshot
17,yolov10s-coco-torch,2,0.7055033166103397,0.5993350060132541,297,detection_quality,zeroshot
17,yolov10s-coco-torch,3,0.5619758978279524,0.5993350060132541,593,detection_quality,zeroshot
17,yolov10s-coco-torch,4,0.40601637309651284,0.5993350060132541,81,detection_quality,zeroshot
17,yolov10s-coco-torch,5,0.40601637309651284,0.5993350060132541,0,detection_quality,zeroshot
17,yolov10x-coco-torch,1,0.8193728940763959,0.6498320514769445,29,detection_quality,zeroshot
17,yolov10x-coco-torch,2,0.7438936795852233,0.6498320514769445,297,detection_quality,zeroshot
17,yolov10x-coco-torch,3,0.6179800731335773,0.6498320514769445,593,detection_quality,zeroshot
17,yolov10x-coco-torch,4,0.47742754745315674,0.6498320514769445,81,detection_quality,zeroshot
17,yolov10x-coco-torch,5,0.47742754745315674,0.6498320514769445,0,detection_quality,zeroshot
17,yolov5l-coco-torch,1,0.8322115816698215,0.6277016110379896,29,detection_quality,zeroshot
17,yolov5l-coco-torch,2,0.7163831617856453,0.6277016110379896,297,detection_quality,zeroshot
17,yolov5l-coco-torch,3,0.5963176167014368,0.6277016110379896,593,detection_quality,zeroshot
17,yolov5l-coco-torch,4,0.45907814092934346,0.6277016110379896,81,detection_quality,zeroshot
17,yolov5l-coco-torch,5,0.45907814092934346,0.6277016110379896,0,detection_quality,zeroshot
17,yolov5m-coco-torch,1,0.8085362466873296,0.6025859636835019,29,detection_quality,zeroshot
17,yolov5m-coco-torch,2,0.6959855658605346,0.6025859636835019,297,detection_quality,zeroshot
17,yolov5m-coco-torch,3,0.5697871514364913,0.6025859636835019,593,detection_quality,zeroshot
17,yolov5m-coco-torch,4,0.4265051687302742,0.6025859636835019,81,detection_quality,zeroshot
17,yolov5m-coco-torch,5,0.4265051687302742,0.6025859636835019,0,detection_quality,zeroshot
17,yolov5n-coco-torch,1,0.6816097569484532,0.4540371390634687,29,detection_quality,zeroshot
17,yolov5n-coco-torch,2,0.5570853856051553,0.4540371390634687,297,detection_quality,zeroshot
17,yolov5n-coco-torch,3,0.4107999441407233,0.4540371390634687,593,detection_quality,zeroshot
17,yolov5n-coco-torch,4,0.3112559223676937,0.4540371390634687,81,detection_quality,zeroshot
17,yolov5n-coco-torch,5,0.3112559223676937,0.4540371390634687,0,detection_quality,zeroshot
17,yolov5s-coco-torch,1,0.8088158060338061,0.5764292704429405,29,detection_quality,zeroshot
17,yolov5s-coco-torch,2,0.6870206177077983,0.5764292704429405,297,detection_quality,zeroshot
17,yolov5s-coco-torch,3,0.5315266304483398,0.5764292704429405,593,detection_quality,zeroshot
17,yolov5s-coco-torch,4,0.41645921917133616,0.5764292704429405,81,detection_quality,zeroshot
17,yolov5s-coco-torch,5,0.41645921917133616,0.5764292704429405,0,detection_quality,zeroshot
17,yolov5x-coco-torch,1,0.8319018014661475,0.6479825033371316,29,detection_quality,zeroshot
17,yolov5x-coco-torch,2,0.7376074757579618,0.6479825033371316,297,detection_quality,zeroshot
17,yolov5x-coco-torch,3,0.6165797330150087,0.6479825033371316,593,detection_quality,zeroshot
17,yolov5x-coco-torch,4,0.4834092483530583,0.6479825033371316,81,detection_quality,zeroshot
17,yolov5x-coco-torch,5,0.4834092483530583,0.6479825033371316,0,detection_quality,zeroshot
17,yolov8l-coco-torch,1,0.8359044970035563,0.6529318209971942,29,detection_quality,zeroshot
17,yolov8l-coco-torch,2,0.7366913933484454,0.6529318209971942,297,detection_quality,zeroshot
17,yolov8l-coco-torch,3,0.6255763851200306,0.6529318209971942,593,detection_quality,zeroshot
17,yolov8l-coco-torch,4,0.48057346152374847,0.6529318209971942,81,detection_quality,zeroshot
17,yolov8l-coco-torch,5,0.48057346152374847,0.6529318209971942,0,detection_quality,zeroshot
17,yolov8m-coco-torch,1,0.8465551811706375,0.6191899998741878,29,detection_quality,zeroshot
17,yolov8m-coco-torch,2,0.7165759123227645,0.6191899998741878,297,detection_quality,zeroshot
17,yolov8m-coco-torch,3,0.581167034410406,0.6191899998741878,593,detection_quality,zeroshot
17,yolov8m-coco-torch,4,0.459071632777869,0.6191899998741878,81,detection_quality,zeroshot
17,yolov8m-coco-torch,5,0.459071632777869,0.6191899998741878,0,detection_quality,zeroshot
17,yolov8n-coco-torch,1,0.7704467032801079,0.4908516990474192,29,detection_quality,zeroshot
17,yolov8n-coco-torch,2,0.5987986535237755,0.4908516990474192,297,detection_quality,zeroshot
17,yolov8n-coco-torch,3,0.4469827625002502,0.4908516990474192,593,detection_quality,zeroshot
17,yolov8n-coco-torch,4,0.31610822707513186,0.4908516990474192,81,detection_quality,zeroshot
17,yolov8n-coco-torch,5,0.31610822707513186,0.4908516990474192,0,detection_quality,zeroshot
17,yolov8s-coco-torch,1,0.8090568266086229,0.5812603678534605,29,detection_quality,zeroshot
17,yolov8s-coco-torch,2,0.6765973330192347,0.5812603678534605,297,detection_quality,zeroshot
17,yolov8s-coco-torch,3,0.5448015198956734,0.5812603678534605,593,detection_quality,zeroshot
17,yolov8s-coco-torch,4,0.4170495145304146,0.5812603678534605,81,detection_quality,zeroshot
17,yolov8s-coco-torch,5,0.4170495145304146,0.5812603678534605,0,detection_quality,zeroshot
17,yolov8x-coco-torch,1,0.8474591258191089,0.656959509626136,29,detection_quality,zeroshot
17,yolov8x-coco-torch,2,0.7431573737602926,0.656959509626136,297,detection_quality,zeroshot
17,yolov8x-coco-torch,3,0.6275924033168743,0.656959509626136,593,detection_quality,zeroshot
17,yolov8x-coco-torch,4,0.4876933309094892,0.656959509626136,81,detection_quality,zeroshot
17,yolov8x-coco-torch,5,0.4876933309094892,0.656959509626136,0,detection_quality,zeroshot
17,yolov9c-coco-torch,1,0.8290544219127985,0.6320062026677671,29,detection_quality,zeroshot
17,yolov9c-coco-torch,2,0.7079421393383579,0.6320062026677671,297,detection_quality,zeroshot
17,yolov9c-coco-torch,3,0.6049929284316048,0.6320062026677671,593,detection_quality,zeroshot
17,yolov9c-coco-torch,4,0.4807901541834796,0.6320062026677671,81,detection_quality,zeroshot
17,yolov9c-coco-torch,5,0.4807901541834796,0.6320062026677671,0,detection_quality,zeroshot
17,yolov9e-coco-torch,1,0.8533497887844707,0.6669190177930158,29,detection_quality,zeroshot
17,yolov9e-coco-torch,2,0.754848561021812,0.6669190177930158,297,detection_quality,zeroshot
17,yolov9e-coco-torch,3,0.6365702652012613,0.6669190177930158,593,detection_quality,zeroshot
17,yolov9e-coco-torch,4,0.4999467164251804,0.6669190177930158,81,detection_quality,zeroshot
17,yolov9e-coco-torch,5,0.4999467164251804,0.6669190177930158,0,detection_quality,zeroshot
18,detection-transformer-torch,1,0.7207566494247771,0.40357565035641224,22,detection_quality,zeroshot
18,detection-transformer-torch,2,0.5091596481548082,0.40357565035641224,310,detection_quality,zeroshot
18,detection-transformer-torch,3,0.35342963664135485,0.40357565035641224,597,detection_quality,zeroshot
18,detection-transformer-torch,4,0.2659439445942012,0.40357565035641224,71,detection_quality,zeroshot
18,detection-transformer-torch,5,0.2659439445942012,0.40357565035641224,0,detection_quality,zeroshot
18,dfine-large-coco-torch,1,0.8508159560222989,0.6517205048711282,22,detection_quality,zeroshot
18,dfine-large-coco-torch,2,0.7441377346429355,0.6517205048711282,310,detection_quality,zeroshot
18,dfine-large-coco-torch,3,0.6161322371540519,0.6517205048711282,597,detection_quality,zeroshot
18,dfine-large-coco-torch,4,0.48575930307549275,0.6517205048711282,71,detection_quality,zeroshot
18,dfine-large-coco-torch,5,0.48575930307549275,0.6517205048711282,0,detection_quality,zeroshot
18,dfine-medium-coco-torch,1,0.9022630034125267,0.653429727477437,22,detection_quality,zeroshot
18,dfine-medium-coco-torch,2,0.7421083440590505,0.653429727477437,310,detection_quality,zeroshot
18,dfine-medium-coco-torch,3,0.6210486927980786,0.653429727477437,597,detection_quality,zeroshot
18,dfine-medium-coco-torch,4,0.46141246681129894,0.653429727477437,71,detection_quality,zeroshot
18,dfine-medium-coco-torch,5,0.46141246681129894,0.653429727477437,0,detection_quality,zeroshot
18,dfine-nano-coco-torch,1,0.8902212778850377,0.560848207125243,22,detection_quality,zeroshot
18,dfine-nano-coco-torch,2,0.6705921169325346,0.560848207125243,310,detection_quality,zeroshot
18,dfine-nano-coco-torch,3,0.5150901299168699,0.560848207125243,597,detection_quality,zeroshot
18,dfine-nano-coco-torch,4,0.3643799324269669,0.560848207125243,71,detection_quality,zeroshot
18,dfine-nano-coco-torch,5,0.3643799324269669,0.560848207125243,0,detection_quality,zeroshot
18,dfine-small-coco-torch,1,0.8648776824519171,0.6018565515938219,22,detection_quality,zeroshot
18,dfine-small-coco-torch,2,0.7039165991442805,0.6018565515938219,310,detection_quality,zeroshot
18,dfine-small-coco-torch,3,0.5618050515936369,0.6018565515938219,597,detection_quality,zeroshot
18,dfine-small-coco-torch,4,0.41151381751762356,0.6018565515938219,71,detection_quality,zeroshot
18,dfine-small-coco-torch,5,0.41151381751762356,0.6018565515938219,0,detection_quality,zeroshot
18,dfine-xlarge-coco-torch,1,0.8836357815552126,0.6745152423554631,22,detection_quality,zeroshot
18,dfine-xlarge-coco-torch,2,0.7593383104920083,0.6745152423554631,310,detection_quality,zeroshot
18,dfine-xlarge-coco-torch,3,0.6463192771725932,0.6745152423554631,597,detection_quality,zeroshot
18,dfine-xlarge-coco-torch,4,0.476447470939272,0.6745152423554631,71,detection_quality,zeroshot
18,dfine-xlarge-coco-torch,5,0.476447470939272,0.6745152423554631,0,detection_quality,zeroshot
18,faster-rcnn-resnet50-fpn-coco-torch,1,0.6562563795644233,0.4571821627712276,22,detection_quality,zeroshot
18,faster-rcnn-resnet50-fpn-coco-torch,2,0.5153981702814224,0.4571821627712276,310,detection_quality,zeroshot
18,faster-rcnn-resnet50-fpn-coco-torch,3,0.42629760134552713,0.4571821627712276,597,detection_quality,zeroshot
18,faster-rcnn-resnet50-fpn-coco-torch,4,0.4010059384547825,0.4571821627712276,71,detection_quality,zeroshot
18,faster-rcnn-resnet50-fpn-coco-torch,5,0.4010059384547825,0.4571821627712276,0,detection_quality,zeroshot
18,retinanet-resnet50-fpn-coco-torch,1,0.8765567848618513,0.5354168576162636,22,detection_quality,zeroshot
18,retinanet-resnet50-fpn-coco-torch,2,0.622148691761666,0.5354168576162636,310,detection_quality,zeroshot
18,retinanet-resnet50-fpn-coco-torch,3,0.49516160776391777,0.5354168576162636,597,detection_quality,zeroshot
18,retinanet-resnet50-fpn-coco-torch,4,0.3895075220863136,0.5354168576162636,71,detection_quality,zeroshot
18,retinanet-resnet50-fpn-coco-torch,5,0.3895075220863136,0.5354168576162636,0,detection_quality,zeroshot
18,rfdetr-base-coco-torch,1,0.8457986600134355,0.6102507714780702,22,detection_quality,zeroshot
18,rfdetr-base-coco-torch,2,0.7171390781727842,0.6102507714780702,310,detection_quality,zeroshot
18,rfdetr-base-coco-torch,3,0.5704475279687743,0.6102507714780702,597,detection_quality,zeroshot
18,rfdetr-base-coco-torch,4,0.4052522891106168,0.6102507714780702,71,detection_quality,zeroshot
18,rfdetr-base-coco-torch,5,0.4052522891106168,0.6102507714780702,0,detection_quality,zeroshot
18,rfdetr-large-coco-torch,1,0.8723833479391481,0.6255005349636037,22,detection_quality,zeroshot
18,rfdetr-large-coco-torch,2,0.7403001005342598,0.6255005349636037,310,detection_quality,zeroshot
18,rfdetr-large-coco-torch,3,0.5816038643322692,0.6255005349636037,597,detection_quality,zeroshot
18,rfdetr-large-coco-torch,4,0.416867086436011,0.6255005349636037,71,detection_quality,zeroshot
18,rfdetr-large-coco-torch,5,0.416867086436011,0.6255005349636037,0,detection_quality,zeroshot
18,rfdetr-medium-coco-torch,1,0.8706512444967814,0.6216880083487929,22,detection_quality,zeroshot
18,rfdetr-medium-coco-torch,2,0.7425208164252037,0.6216880083487929,310,detection_quality,zeroshot
18,rfdetr-medium-coco-torch,3,0.576910283197622,0.6216880083487929,597,detection_quality,zeroshot
18,rfdetr-medium-coco-torch,4,0.3934758987192856,0.6216880083487929,71,detection_quality,zeroshot
18,rfdetr-medium-coco-torch,5,0.3934758987192856,0.6216880083487929,0,detection_quality,zeroshot
18,rfdetr-nano-coco-torch,1,0.8633783643003567,0.5776083855206445,22,detection_quality,zeroshot
18,rfdetr-nano-coco-torch,2,0.7081982574598695,0.5776083855206445,310,detection_quality,zeroshot
18,rfdetr-nano-coco-torch,3,0.5288986906295854,0.5776083855206445,597,detection_quality,zeroshot
18,rfdetr-nano-coco-torch,4,0.328451878698813,0.5776083855206445,71,detection_quality,zeroshot
18,rfdetr-nano-coco-torch,5,0.328451878698813,0.5776083855206445,0,detection_quality,zeroshot
18,rfdetr-small-coco-torch,1,0.8637309782631838,0.6189969669318153,22,detection_quality,zeroshot
18,rfdetr-small-coco-torch,2,0.7348976229496476,0.6189969669318153,310,detection_quality,zeroshot
18,rfdetr-small-coco-torch,3,0.5763800329497356,0.6189969669318153,597,detection_quality,zeroshot
18,rfdetr-small-coco-torch,4,0.395461163727378,0.6189969669318153,71,detection_quality,zeroshot
18,rfdetr-small-coco-torch,5,0.395461163727378,0.6189969669318153,0,detection_quality,zeroshot
18,rtdetr-l-coco-torch,1,0.8244352026273184,0.5610279720078203,22,detection_quality,zeroshot
18,rtdetr-l-coco-torch,2,0.6615217591101686,0.5610279720078203,310,detection_quality,zeroshot
18,rtdetr-l-coco-torch,3,0.5171274518154048,0.5610279720078203,597,detection_quality,zeroshot
18,rtdetr-l-coco-torch,4,0.4097684998883152,0.5610279720078203,71,detection_quality,zeroshot
18,rtdetr-l-coco-torch,5,0.4097684998883152,0.5610279720078203,0,detection_quality,zeroshot
18,rtdetr-v2-l-coco-torch,1,0.8563626527457583,0.6551630257957263,22,detection_quality,zeroshot
18,rtdetr-v2-l-coco-torch,2,0.7571936602224055,0.6551630257957263,310,detection_quality,zeroshot
18,rtdetr-v2-l-coco-torch,3,0.6197563016336398,0.6551630257957263,597,detection_quality,zeroshot
18,rtdetr-v2-l-coco-torch,4,0.4450493055083253,0.6551630257957263,71,detection_quality,zeroshot
18,rtdetr-v2-l-coco-torch,5,0.4450493055083253,0.6551630257957263,0,detection_quality,zeroshot
18,rtdetr-v2-m-coco-torch,1,0.8788481919864104,0.6579062083636237,22,detection_quality,zeroshot
18,rtdetr-v2-m-coco-torch,2,0.7508876363033861,0.6579062083636237,310,detection_quality,zeroshot
18,rtdetr-v2-m-coco-torch,3,0.6246691031455045,0.6579062083636237,597,detection_quality,zeroshot
18,rtdetr-v2-m-coco-torch,4,0.4629426240564344,0.6579062083636237,71,detection_quality,zeroshot
18,rtdetr-v2-m-coco-torch,5,0.4629426240564344,0.6579062083636237,0,detection_quality,zeroshot
18,rtdetr-v2-s-coco-torch,1,0.8231177263544979,0.6155301015768531,22,detection_quality,zeroshot
18,rtdetr-v2-s-coco-torch,2,0.7130939943387881,0.6155301015768531,310,detection_quality,zeroshot
18,rtdetr-v2-s-coco-torch,3,0.5795145444328392,0.6155301015768531,597,detection_quality,zeroshot
18,rtdetr-v2-s-coco-torch,4,0.42805901867078205,0.6155301015768531,71,detection_quality,zeroshot
18,rtdetr-v2-s-coco-torch,5,0.42805901867078205,0.6155301015768531,0,detection_quality,zeroshot
18,rtdetr-x-coco-torch,1,0.8385879615416965,0.5631254461554502,22,detection_quality,zeroshot
18,rtdetr-x-coco-torch,2,0.6619266922903634,0.5631254461554502,310,detection_quality,zeroshot
18,rtdetr-x-coco-torch,3,0.5215164215722454,0.5631254461554502,597,detection_quality,zeroshot
18,rtdetr-x-coco-torch,4,0.3962525734209854,0.5631254461554502,71,detection_quality,zeroshot
18,rtdetr-x-coco-torch,5,0.3962525734209854,0.5631254461554502,0,detection_quality,zeroshot
18,yolo11l-coco-torch,1,0.9112498818579934,0.636470406586455,22,detection_quality,zeroshot
18,yolo11l-coco-torch,2,0.7244694532003414,0.636470406586455,310,detection_quality,zeroshot
18,yolo11l-coco-torch,3,0.6038296300625962,0.636470406586455,597,detection_quality,zeroshot
18,yolo11l-coco-torch,4,0.44156464149441066,0.636470406586455,71,detection_quality,zeroshot
18,yolo11l-coco-torch,5,0.44156464149441066,0.636470406586455,0,detection_quality,zeroshot
18,yolo11m-coco-torch,1,0.8634556671598009,0.6242442295508305,22,detection_quality,zeroshot
18,yolo11m-coco-torch,2,0.7166842045710498,0.6242442295508305,310,detection_quality,zeroshot
18,yolo11m-coco-torch,3,0.5898476558873234,0.6242442295508305,597,detection_quality,zeroshot
18,yolo11m-coco-torch,4,0.43573311114869423,0.6242442295508305,71,detection_quality,zeroshot
18,yolo11m-coco-torch,5,0.43573311114869423,0.6242442295508305,0,detection_quality,zeroshot
18,yolo11n-coco-torch,1,0.8286352229228027,0.5117689875002543,22,detection_quality,zeroshot
18,yolo11n-coco-torch,2,0.6295218958314137,0.5117689875002543,310,detection_quality,zeroshot
18,yolo11n-coco-torch,3,0.462066874900453,0.5117689875002543,597,detection_quality,zeroshot
18,yolo11n-coco-torch,4,0.3173704306006138,0.5117689875002543,71,detection_quality,zeroshot
18,yolo11n-coco-torch,5,0.3173704306006138,0.5117689875002543,0,detection_quality,zeroshot
18,yolo11s-coco-torch,1,0.8629904771013813,0.5900855775235758,22,detection_quality,zeroshot
18,yolo11s-coco-torch,2,0.6962103223401743,0.5900855775235758,310,detection_quality,zeroshot
18,yolo11s-coco-torch,3,0.5492829229728778,0.5900855775235758,597,detection_quality,zeroshot
18,yolo11s-coco-torch,4,0.3852490434800497,0.5900855775235758,71,detection_quality,zeroshot
18,yolo11s-coco-torch,5,0.3852490434800497,0.5900855775235758,0,detection_quality,zeroshot
18,yolo11x-coco-torch,1,0.8883803662422826,0.6659214923641869,22,detection_quality,zeroshot
18,yolo11x-coco-torch,2,0.7629570451165041,0.6659214923641869,310,detection_quality,zeroshot
18,yolo11x-coco-torch,3,0.6324886038627051,0.6659214923641869,597,detection_quality,zeroshot
18,yolo11x-coco-torch,4,0.4544330114747109,0.6659214923641869,71,detection_quality,zeroshot
18,yolo11x-coco-torch,5,0.4544330114747109,0.6659214923641869,0,detection_quality,zeroshot
18,yolov10l-coco-torch,1,0.894024737266352,0.6400087830428302,22,detection_quality,zeroshot
18,yolov10l-coco-torch,2,0.7403754266501643,0.6400087830428302,310,detection_quality,zeroshot
18,yolov10l-coco-torch,3,0.6024099628106755,0.6400087830428302,597,detection_quality,zeroshot
18,yolov10l-coco-torch,4,0.43922688399218207,0.6400087830428302,71,detection_quality,zeroshot
18,yolov10l-coco-torch,5,0.43922688399218207,0.6400087830428302,0,detection_quality,zeroshot
18,yolov10m-coco-torch,1,0.8995163747410185,0.6282047846708179,22,detection_quality,zeroshot
18,yolov10m-coco-torch,2,0.7286724228252802,0.6282047846708179,310,detection_quality,zeroshot
18,yolov10m-coco-torch,3,0.587727851754196,0.6282047846708179,597,detection_quality,zeroshot
18,yolov10m-coco-torch,4,0.44582318103413726,0.6282047846708179,71,detection_quality,zeroshot
18,yolov10m-coco-torch,5,0.44582318103413726,0.6282047846708179,0,detection_quality,zeroshot
18,yolov10n-coco-torch,1,0.8268200912094773,0.4890654610710212,22,detection_quality,zeroshot
18,yolov10n-coco-torch,2,0.6070319765773727,0.4890654610710212,310,detection_quality,zeroshot
18,yolov10n-coco-torch,3,0.4405981463416376,0.4890654610710212,597,detection_quality,zeroshot
18,yolov10n-coco-torch,4,0.2768790557671718,0.4890654610710212,71,detection_quality,zeroshot
18,yolov10n-coco-torch,5,0.2768790557671718,0.4890654610710212,0,detection_quality,zeroshot
18,yolov10s-coco-torch,1,0.8754327104026463,0.5993350060132541,22,detection_quality,zeroshot
18,yolov10s-coco-torch,2,0.702487827619038,0.5993350060132541,310,detection_quality,zeroshot
18,yolov10s-coco-torch,3,0.5588833999212593,0.5993350060132541,597,detection_quality,zeroshot
18,yolov10s-coco-torch,4,0.4035333812605917,0.5993350060132541,71,detection_quality,zeroshot
18,yolov10s-coco-torch,5,0.4035333812605917,0.5993350060132541,0,detection_quality,zeroshot
18,yolov10x-coco-torch,1,0.885595926187931,0.6498320514769445,22,detection_quality,zeroshot
18,yolov10x-coco-torch,2,0.7421089195364652,0.6498320514769445,310,detection_quality,zeroshot
18,yolov10x-coco-torch,3,0.6156823977483032,0.6498320514769445,597,detection_quality,zeroshot
18,yolov10x-coco-torch,4,0.4610251350530711,0.6498320514769445,71,detection_quality,zeroshot
18,yolov10x-coco-torch,5,0.4610251350530711,0.6498320514769445,0,detection_quality,zeroshot
18,yolov5l-coco-torch,1,0.8816370143881045,0.6277016110379896,22,detection_quality,zeroshot
18,yolov5l-coco-torch,2,0.7148399163813451,0.6277016110379896,310,detection_quality,zeroshot
18,yolov5l-coco-torch,3,0.5968897177956944,0.6277016110379896,597,detection_quality,zeroshot
18,yolov5l-coco-torch,4,0.42763466365078223,0.6277016110379896,71,detection_quality,zeroshot
18,yolov5l-coco-torch,5,0.42763466365078223,0.6277016110379896,0,detection_quality,zeroshot
18,yolov5m-coco-torch,1,0.8812301128119955,0.6025859636835019,22,detection_quality,zeroshot
18,yolov5m-coco-torch,2,0.6926976244570047,0.6025859636835019,310,detection_quality,zeroshot
18,yolov5m-coco-torch,3,0.5684261576472939,0.6025859636835019,597,detection_quality,zeroshot
18,yolov5m-coco-torch,4,0.41003128879624173,0.6025859636835019,71,detection_quality,zeroshot
18,yolov5m-coco-torch,5,0.41003128879624173,0.6025859636835019,0,detection_quality,zeroshot
18,yolov5n-coco-torch,1,0.7690074970339819,0.4540371390634687,22,detection_quality,zeroshot
18,yolov5n-coco-torch,2,0.5509756214734048,0.4540371390634687,310,detection_quality,zeroshot
18,yolov5n-coco-torch,3,0.40979893184725213,0.4540371390634687,597,detection_quality,zeroshot
18,yolov5n-coco-torch,4,0.30516294590360254,0.4540371390634687,71,detection_quality,zeroshot
18,yolov5n-coco-torch,5,0.30516294590360254,0.4540371390634687,0,detection_quality,zeroshot
18,yolov5s-coco-torch,1,0.8967698500553314,0.5764292704429405,22,detection_quality,zeroshot
18,yolov5s-coco-torch,2,0.6792589584701764,0.5764292704429405,310,detection_quality,zeroshot
18,yolov5s-coco-torch,3,0.5314602501494887,0.5764292704429405,597,detection_quality,zeroshot
18,yolov5s-coco-torch,4,0.4063139053059643,0.5764292704429405,71,detection_quality,zeroshot
18,yolov5s-coco-torch,5,0.4063139053059643,0.5764292704429405,0,detection_quality,zeroshot
18,yolov5x-coco-torch,1,0.9100271351905156,0.6479825033371316,22,detection_quality,zeroshot
18,yolov5x-coco-torch,2,0.7365856979291424,0.6479825033371316,310,detection_quality,zeroshot
18,yolov5x-coco-torch,3,0.6133707930520755,0.6479825033371316,597,detection_quality,zeroshot
18,yolov5x-coco-torch,4,0.47095741623684884,0.6479825033371316,71,detection_quality,zeroshot
18,yolov5x-coco-torch,5,0.47095741623684884,0.6479825033371316,0,detection_quality,zeroshot
18,yolov8l-coco-torch,1,0.9127926617641534,0.6529318209971942,22,detection_quality,zeroshot
18,yolov8l-coco-torch,2,0.7411574528905583,0.6529318209971942,310,detection_quality,zeroshot
18,yolov8l-coco-torch,3,0.6184296072776596,0.6529318209971942,597,detection_quality,zeroshot
18,yolov8l-coco-torch,4,0.47731121827529815,0.6529318209971942,71,detection_quality,zeroshot
18,yolov8l-coco-torch,5,0.47731121827529815,0.6529318209971942,0,detection_quality,zeroshot
18,yolov8m-coco-torch,1,0.9143001848439397,0.6191899998741878,22,detection_quality,zeroshot
18,yolov8m-coco-torch,2,0.7227751025459298,0.6191899998741878,310,detection_quality,zeroshot
18,yolov8m-coco-torch,3,0.5763543297592753,0.6191899998741878,597,detection_quality,zeroshot
18,yolov8m-coco-torch,4,0.4356560443957104,0.6191899998741878,71,detection_quality,zeroshot
18,yolov8m-coco-torch,5,0.4356560443957104,0.6191899998741878,0,detection_quality,zeroshot
18,yolov8n-coco-torch,1,0.8428871362973496,0.4908516990474192,22,detection_quality,zeroshot
18,yolov8n-coco-torch,2,0.59791685771002,0.4908516990474192,310,detection_quality,zeroshot
18,yolov8n-coco-torch,3,0.44447443014374355,0.4908516990474192,597,detection_quality,zeroshot
18,yolov8n-coco-torch,4,0.30426368116839064,0.4908516990474192,71,detection_quality,zeroshot
18,yolov8n-coco-torch,5,0.30426368116839064,0.4908516990474192,0,detection_quality,zeroshot
18,yolov8s-coco-torch,1,0.8667285641627931,0.5812603678534605,22,detection_quality,zeroshot
18,yolov8s-coco-torch,2,0.6734338939406825,0.5812603678534605,310,detection_quality,zeroshot
18,yolov8s-coco-torch,3,0.5451563225406126,0.5812603678534605,597,detection_quality,zeroshot
18,yolov8s-coco-torch,4,0.39393672906368804,0.5812603678534605,71,detection_quality,zeroshot
18,yolov8s-coco-torch,5,0.39393672906368804,0.5812603678534605,0,detection_quality,zeroshot
18,yolov8x-coco-torch,1,0.8993736203047934,0.656959509626136,22,detection_quality,zeroshot
18,yolov8x-coco-torch,2,0.7457801264276077,0.656959509626136,310,detection_quality,zeroshot
18,yolov8x-coco-torch,3,0.6236537867714179,0.656959509626136,597,detection_quality,zeroshot
18,yolov8x-coco-torch,4,0.47408648006106713,0.656959509626136,71,detection_quality,zeroshot
18,yolov8x-coco-torch,5,0.47408648006106713,0.656959509626136,0,detection_quality,zeroshot
18,yolov9c-coco-torch,1,0.8640208922515892,0.6320062026677671,22,detection_quality,zeroshot
18,yolov9c-coco-torch,2,0.7209561445861183,0.6320062026677671,310,detection_quality,zeroshot
18,yolov9c-coco-torch,3,0.5977068999240693,0.6320062026677671,597,detection_quality,zeroshot
18,yolov9c-coco-torch,4,0.46014533749107017,0.6320062026677671,71,detection_quality,zeroshot
18,yolov9c-coco-torch,5,0.46014533749107017,0.6320062026677671,0,detection_quality,zeroshot
18,yolov9e-coco-torch,1,0.9123140691145135,0.6669190177930158,22,detection_quality,zeroshot
18,yolov9e-coco-torch,2,0.7548399278888561,0.6669190177930158,310,detection_quality,zeroshot
18,yolov9e-coco-torch,3,0.6333397961280612,0.6669190177930158,597,detection_quality,zeroshot
18,yolov9e-coco-torch,4,0.4893503146267328,0.6669190177930158,71,detection_quality,zeroshot
18,yolov9e-coco-torch,5,0.4893503146267328,0.6669190177930158,0,detection_quality,zeroshot
ionescu,detection-transformer-torch,1,0.5508278004273822,0.40357565035641224,200,detection_quality,zeroshot
ionescu,detection-transformer-torch,2,0.4578290895610158,0.40357565035641224,200,detection_quality,zeroshot
ionescu,detection-transformer-torch,3,0.38711977175103823,0.40357565035641224,200,detection_quality,zeroshot
ionescu,detection-transformer-torch,4,0.3517989195706647,0.40357565035641224,200,detection_quality,zeroshot
ionescu,detection-transformer-torch,5,0.27030267047196266,0.40357565035641224,200,detection_quality,zeroshot
ionescu,dfine-large-coco-torch,1,0.7848323571217891,0.6517205048711282,200,detection_quality,zeroshot
ionescu,dfine-large-coco-torch,2,0.7111171144491232,0.6517205048711282,200,detection_quality,zeroshot
ionescu,dfine-large-coco-torch,3,0.6685807434385282,0.6517205048711282,200,detection_quality,zeroshot
ionescu,dfine-large-coco-torch,4,0.5773551411837091,0.6517205048711282,200,detection_quality,zeroshot
ionescu,dfine-large-coco-torch,5,0.5167171681624977,0.6517205048711282,200,detection_quality,zeroshot
ionescu,dfine-medium-coco-torch,1,0.7974809913951023,0.653429727477437,200,detection_quality,zeroshot
ionescu,dfine-medium-coco-torch,2,0.7080157064297288,0.653429727477437,200,detection_quality,zeroshot
ionescu,dfine-medium-coco-torch,3,0.6651365026006251,0.653429727477437,200,detection_quality,zeroshot
ionescu,dfine-medium-coco-torch,4,0.5843196369890618,0.653429727477437,200,detection_quality,zeroshot
ionescu,dfine-medium-coco-torch,5,0.5121957999726636,0.653429727477437,200,detection_quality,zeroshot
ionescu,dfine-nano-coco-torch,1,0.7067376995832139,0.560848207125243,200,detection_quality,zeroshot
ionescu,dfine-nano-coco-torch,2,0.6171119587276795,0.560848207125243,200,detection_quality,zeroshot
ionescu,dfine-nano-coco-torch,3,0.5857312117851827,0.560848207125243,200,detection_quality,zeroshot
ionescu,dfine-nano-coco-torch,4,0.4920312288578818,0.560848207125243,200,detection_quality,zeroshot
ionescu,dfine-nano-coco-torch,5,0.40262893667225536,0.560848207125243,200,detection_quality,zeroshot
ionescu,dfine-small-coco-torch,1,0.749786916512912,0.6018565515938219,200,detection_quality,zeroshot
ionescu,dfine-small-coco-torch,2,0.6674700279728196,0.6018565515938219,200,detection_quality,zeroshot
ionescu,dfine-small-coco-torch,3,0.6129865132481025,0.6018565515938219,200,detection_quality,zeroshot
ionescu,dfine-small-coco-torch,4,0.5259389666894028,0.6018565515938219,200,detection_quality,zeroshot
ionescu,dfine-small-coco-torch,5,0.4531003335458705,0.6018565515938219,200,detection_quality,zeroshot
ionescu,dfine-xlarge-coco-torch,1,0.8139174069924262,0.6745152423554631,200,detection_quality,zeroshot
ionescu,dfine-xlarge-coco-torch,2,0.7258389044863907,0.6745152423554631,200,detection_quality,zeroshot
ionescu,dfine-xlarge-coco-torch,3,0.6890919707760438,0.6745152423554631,200,detection_quality,zeroshot
ionescu,dfine-xlarge-coco-torch,4,0.6091893334418752,0.6745152423554631,200,detection_quality,zeroshot
ionescu,dfine-xlarge-coco-torch,5,0.5345385960805802,0.6745152423554631,200,detection_quality,zeroshot
ionescu,faster-rcnn-resnet50-fpn-coco-torch,1,0.5696886533248707,0.4571821627712276,200,detection_quality,zeroshot
ionescu,faster-rcnn-resnet50-fpn-coco-torch,2,0.49615865218482225,0.4571821627712276,200,detection_quality,zeroshot
ionescu,faster-rcnn-resnet50-fpn-coco-torch,3,0.43386643445772294,0.4571821627712276,200,detection_quality,zeroshot
ionescu,faster-rcnn-resnet50-fpn-coco-torch,4,0.42307900209532595,0.4571821627712276,200,detection_quality,zeroshot
ionescu,faster-rcnn-resnet50-fpn-coco-torch,5,0.3631180717933954,0.4571821627712276,200,detection_quality,zeroshot
ionescu,retinanet-resnet50-fpn-coco-torch,1,0.6832141005941665,0.5354168576162636,200,detection_quality,zeroshot
ionescu,retinanet-resnet50-fpn-coco-torch,2,0.6030837870764775,0.5354168576162636,200,detection_quality,zeroshot
ionescu,retinanet-resnet50-fpn-coco-torch,3,0.5267833153105496,0.5354168576162636,200,detection_quality,zeroshot
ionescu,retinanet-resnet50-fpn-coco-torch,4,0.4725324848800953,0.5354168576162636,200,detection_quality,zeroshot
ionescu,retinanet-resnet50-fpn-coco-torch,5,0.39147060022003316,0.5354168576162636,200,detection_quality,zeroshot
ionescu,rfdetr-base-coco-torch,1,0.7640733262662387,0.6102507714780702,200,detection_quality,zeroshot
ionescu,rfdetr-base-coco-torch,2,0.6720160641020757,0.6102507714780702,200,detection_quality,zeroshot
ionescu,rfdetr-base-coco-torch,3,0.6288539928562578,0.6102507714780702,200,detection_quality,zeroshot
ionescu,rfdetr-base-coco-torch,4,0.5311570837247095,0.6102507714780702,200,detection_quality,zeroshot
ionescu,rfdetr-base-coco-torch,5,0.45515339044107345,0.6102507714780702,200,detection_quality,zeroshot
ionescu,rfdetr-large-coco-torch,1,0.7831253545324082,0.6255005349636037,200,detection_quality,zeroshot
ionescu,rfdetr-large-coco-torch,2,0.6772410499412629,0.6255005349636037,200,detection_quality,zeroshot
ionescu,rfdetr-large-coco-torch,3,0.6345073550176538,0.6255005349636037,200,detection_quality,zeroshot
ionescu,rfdetr-large-coco-torch,4,0.5515555535551995,0.6255005349636037,200,detection_quality,zeroshot
ionescu,rfdetr-large-coco-torch,5,0.48107336177149157,0.6255005349636037,200,detection_quality,zeroshot
ionescu,rfdetr-medium-coco-torch,1,0.7873172849913694,0.6216880083487929,200,detection_quality,zeroshot
ionescu,rfdetr-medium-coco-torch,2,0.6716110670032769,0.6216880083487929,200,detection_quality,zeroshot
ionescu,rfdetr-medium-coco-torch,3,0.6453689992720787,0.6216880083487929,200,detection_quality,zeroshot
ionescu,rfdetr-medium-coco-torch,4,0.5397393834552127,0.6216880083487929,200,detection_quality,zeroshot
ionescu,rfdetr-medium-coco-torch,5,0.4644033070220233,0.6216880083487929,200,detection_quality,zeroshot
ionescu,rfdetr-nano-coco-torch,1,0.7457132615395033,0.5776083855206445,200,detection_quality,zeroshot
ionescu,rfdetr-nano-coco-torch,2,0.649158144250832,0.5776083855206445,200,detection_quality,zeroshot
ionescu,rfdetr-nano-coco-torch,3,0.5761055672237261,0.5776083855206445,200,detection_quality,zeroshot
ionescu,rfdetr-nano-coco-torch,4,0.4984180091876855,0.5776083855206445,200,detection_quality,zeroshot
ionescu,rfdetr-nano-coco-torch,5,0.41864694540147873,0.5776083855206445,200,detection_quality,zeroshot
ionescu,rfdetr-small-coco-torch,1,0.7874745234659166,0.6189969669318153,200,detection_quality,zeroshot
ionescu,rfdetr-small-coco-torch,2,0.6784833617403718,0.6189969669318153,200,detection_quality,zeroshot
ionescu,rfdetr-small-coco-torch,3,0.626363434311483,0.6189969669318153,200,detection_quality,zeroshot
ionescu,rfdetr-small-coco-torch,4,0.5368485022366,0.6189969669318153,200,detection_quality,zeroshot
ionescu,rfdetr-small-coco-torch,5,0.4658150129047127,0.6189969669318153,200,detection_quality,zeroshot
ionescu,rtdetr-l-coco-torch,1,0.7025070235136986,0.5610279720078203,200,detection_quality,zeroshot
ionescu,rtdetr-l-coco-torch,2,0.642149647985309,0.5610279720078203,200,detection_quality,zeroshot
ionescu,rtdetr-l-coco-torch,3,0.5551940219872131,0.5610279720078203,200,detection_quality,zeroshot
ionescu,rtdetr-l-coco-torch,4,0.49667436223067346,0.5610279720078203,200,detection_quality,zeroshot
ionescu,rtdetr-l-coco-torch,5,0.4086148043222078,0.5610279720078203,200,detection_quality,zeroshot
ionescu,rtdetr-v2-l-coco-torch,1,0.7976254883175181,0.6551630257957263,200,detection_quality,zeroshot
ionescu,rtdetr-v2-l-coco-torch,2,0.7214730148816941,0.6551630257957263,200,detection_quality,zeroshot
ionescu,rtdetr-v2-l-coco-torch,3,0.6663720912650271,0.6551630257957263,200,detection_quality,zeroshot
ionescu,rtdetr-v2-l-coco-torch,4,0.5846391451718752,0.6551630257957263,200,detection_quality,zeroshot
ionescu,rtdetr-v2-l-coco-torch,5,0.5057053893425189,0.6551630257957263,200,detection_quality,zeroshot
ionescu,rtdetr-v2-m-coco-torch,1,0.8043705081547372,0.6579062083636237,200,detection_quality,zeroshot
ionescu,rtdetr-v2-m-coco-torch,2,0.7226706249137942,0.6579062083636237,200,detection_quality,zeroshot
ionescu,rtdetr-v2-m-coco-torch,3,0.6660123684964419,0.6579062083636237,200,detection_quality,zeroshot
ionescu,rtdetr-v2-m-coco-torch,4,0.5887395893240605,0.6579062083636237,200,detection_quality,zeroshot
ionescu,rtdetr-v2-m-coco-torch,5,0.5077379509290832,0.6579062083636237,200,detection_quality,zeroshot
ionescu,rtdetr-v2-s-coco-torch,1,0.7656925955353288,0.6155301015768531,200,detection_quality,zeroshot
ionescu,rtdetr-v2-s-coco-torch,2,0.6727655901697056,0.6155301015768531,200,detection_quality,zeroshot
ionescu,rtdetr-v2-s-coco-torch,3,0.6335238245396004,0.6155301015768531,200,detection_quality,zeroshot
ionescu,rtdetr-v2-s-coco-torch,4,0.5516701285814566,0.6155301015768531,200,detection_quality,zeroshot
ionescu,rtdetr-v2-s-coco-torch,5,0.4539983690581775,0.6155301015768531,200,detection_quality,zeroshot
ionescu,rtdetr-x-coco-torch,1,0.6884581669854302,0.5631254461554502,200,detection_quality,zeroshot
ionescu,rtdetr-x-coco-torch,2,0.6248594265008033,0.5631254461554502,200,detection_quality,zeroshot
ionescu,rtdetr-x-coco-torch,3,0.5796527101159817,0.5631254461554502,200,detection_quality,zeroshot
ionescu,rtdetr-x-coco-torch,4,0.5020188919998781,0.5631254461554502,200,detection_quality,zeroshot
ionescu,rtdetr-x-coco-torch,5,0.42063803517515974,0.5631254461554502,200,detection_quality,zeroshot
ionescu,yolo11l-coco-torch,1,0.7819361516621944,0.636470406586455,200,detection_quality,zeroshot
ionescu,yolo11l-coco-torch,2,0.6920099425237244,0.636470406586455,200,detection_quality,zeroshot
ionescu,yolo11l-coco-torch,3,0.65102956147851,0.636470406586455,200,detection_quality,zeroshot
ionescu,yolo11l-coco-torch,4,0.5683420369863462,0.636470406586455,200,detection_quality,zeroshot
ionescu,yolo11l-coco-torch,5,0.48903434028149984,0.636470406586455,200,detection_quality,zeroshot
ionescu,yolo11m-coco-torch,1,0.7582571520437831,0.6242442295508305,200,detection_quality,zeroshot
ionescu,yolo11m-coco-torch,2,0.6923955814108925,0.6242442295508305,200,detection_quality,zeroshot
ionescu,yolo11m-coco-torch,3,0.6279252757535128,0.6242442295508305,200,detection_quality,zeroshot
ionescu,yolo11m-coco-torch,4,0.5604552439636131,0.6242442295508305,200,detection_quality,zeroshot
ionescu,yolo11m-coco-torch,5,0.48218789458234895,0.6242442295508305,200,detection_quality,zeroshot
ionescu,yolo11n-coco-torch,1,0.6768801873967307,0.5117689875002543,200,detection_quality,zeroshot
ionescu,yolo11n-coco-torch,2,0.5820973421962106,0.5117689875002543,200,detection_quality,zeroshot
ionescu,yolo11n-coco-torch,3,0.4955723591795242,0.5117689875002543,200,detection_quality,zeroshot
ionescu,yolo11n-coco-torch,4,0.44598738605594834,0.5117689875002543,200,detection_quality,zeroshot
ionescu,yolo11n-coco-torch,5,0.35830766267285563,0.5117689875002543,200,detection_quality,zeroshot
ionescu,yolo11s-coco-torch,1,0.7377271218309579,0.5900855775235758,200,detection_quality,zeroshot
ionescu,yolo11s-coco-torch,2,0.6578482898898009,0.5900855775235758,200,detection_quality,zeroshot
ionescu,yolo11s-coco-torch,3,0.5908794176860303,0.5900855775235758,200,detection_quality,zeroshot
ionescu,yolo11s-coco-torch,4,0.5326932892314215,0.5900855775235758,200,detection_quality,zeroshot
ionescu,yolo11s-coco-torch,5,0.4312797689796707,0.5900855775235758,200,detection_quality,zeroshot
ionescu,yolo11x-coco-torch,1,0.8054740701114581,0.6659214923641869,200,detection_quality,zeroshot
ionescu,yolo11x-coco-torch,2,0.7198688800229632,0.6659214923641869,200,detection_quality,zeroshot
ionescu,yolo11x-coco-torch,3,0.6873091606693568,0.6659214923641869,200,detection_quality,zeroshot
ionescu,yolo11x-coco-torch,4,0.5998678106886335,0.6659214923641869,200,detection_quality,zeroshot
ionescu,yolo11x-coco-torch,5,0.5170875403285191,0.6659214923641869,200,detection_quality,zeroshot
ionescu,yolov10l-coco-torch,1,0.7873523878816858,0.6400087830428302,200,detection_quality,zeroshot
ionescu,yolov10l-coco-torch,2,0.6982893905895357,0.6400087830428302,200,detection_quality,zeroshot
ionescu,yolov10l-coco-torch,3,0.6534823764728188,0.6400087830428302,200,detection_quality,zeroshot
ionescu,yolov10l-coco-torch,4,0.5691285814023102,0.6400087830428302,200,detection_quality,zeroshot
ionescu,yolov10l-coco-torch,5,0.4917911788677944,0.6400087830428302,200,detection_quality,zeroshot
ionescu,yolov10m-coco-torch,1,0.7698484722955017,0.6282047846708179,200,detection_quality,zeroshot
ionescu,yolov10m-coco-torch,2,0.6886489479073613,0.6282047846708179,200,detection_quality,zeroshot
ionescu,yolov10m-coco-torch,3,0.6284829959345428,0.6282047846708179,200,detection_quality,zeroshot
ionescu,yolov10m-coco-torch,4,0.5688757335257454,0.6282047846708179,200,detection_quality,zeroshot
ionescu,yolov10m-coco-torch,5,0.485167773690938,0.6282047846708179,200,detection_quality,zeroshot
ionescu,yolov10n-coco-torch,1,0.6498034061027866,0.4890654610710212,200,detection_quality,zeroshot
ionescu,yolov10n-coco-torch,2,0.553085643803265,0.4890654610710212,200,detection_quality,zeroshot
ionescu,yolov10n-coco-torch,3,0.4726147365695462,0.4890654610710212,200,detection_quality,zeroshot
ionescu,yolov10n-coco-torch,4,0.4335925149920888,0.4890654610710212,200,detection_quality,zeroshot
ionescu,yolov10n-coco-torch,5,0.3362310038874179,0.4890654610710212,200,detection_quality,zeroshot
ionescu,yolov10s-coco-torch,1,0.7457562936592435,0.5993350060132541,200,detection_quality,zeroshot
ionescu,yolov10s-coco-torch,2,0.6696233945281292,0.5993350060132541,200,detection_quality,zeroshot
ionescu,yolov10s-coco-torch,3,0.5985853209398286,0.5993350060132541,200,detection_quality,zeroshot
ionescu,yolov10s-coco-torch,4,0.5284817462402753,0.5993350060132541,200,detection_quality,zeroshot
ionescu,yolov10s-coco-torch,5,0.4542282746987917,0.5993350060132541,200,detection_quality,zeroshot
ionescu,yolov10x-coco-torch,1,0.7834877123501746,0.6498320514769445,200,detection_quality,zeroshot
ionescu,yolov10x-coco-torch,2,0.7082328777289372,0.6498320514769445,200,detection_quality,zeroshot
ionescu,yolov10x-coco-torch,3,0.6734530331057194,0.6498320514769445,200,detection_quality,zeroshot
ionescu,yolov10x-coco-torch,4,0.579274730216381,0.6498320514769445,200,detection_quality,zeroshot
ionescu,yolov10x-coco-torch,5,0.504711903983508,0.6498320514769445,200,detection_quality,zeroshot
ionescu,yolov5l-coco-torch,1,0.7655435663487933,0.6277016110379896,200,detection_quality,zeroshot
ionescu,yolov5l-coco-torch,2,0.6971098020841074,0.6277016110379896,200,detection_quality,zeroshot
ionescu,yolov5l-coco-torch,3,0.6319907466050927,0.6277016110379896,200,detection_quality,zeroshot
ionescu,yolov5l-coco-torch,4,0.5616204636615215,0.6277016110379896,200,detection_quality,zeroshot
ionescu,yolov5l-coco-torch,5,0.4822434764904359,0.6277016110379896,200,detection_quality,zeroshot
ionescu,yolov5m-coco-torch,1,0.7480497047419309,0.6025859636835019,200,detection_quality,zeroshot
ionescu,yolov5m-coco-torch,2,0.667369822340329,0.6025859636835019,200,detection_quality,zeroshot
ionescu,yolov5m-coco-torch,3,0.6062048789972374,0.6025859636835019,200,detection_quality,zeroshot
ionescu,yolov5m-coco-torch,4,0.5337304067045917,0.6025859636835019,200,detection_quality,zeroshot
ionescu,yolov5m-coco-torch,5,0.45757500563342374,0.6025859636835019,200,detection_quality,zeroshot
ionescu,yolov5n-coco-torch,1,0.5964754205237868,0.4540371390634687,200,detection_quality,zeroshot
ionescu,yolov5n-coco-torch,2,0.5037086165443388,0.4540371390634687,200,detection_quality,zeroshot
ionescu,yolov5n-coco-torch,3,0.4349520893351952,0.4540371390634687,200,detection_quality,zeroshot
ionescu,yolov5n-coco-torch,4,0.4084851093348459,0.4540371390634687,200,detection_quality,zeroshot
ionescu,yolov5n-coco-torch,5,0.32656445957917535,0.4540371390634687,200,detection_quality,zeroshot
ionescu,yolov5s-coco-torch,1,0.7113775460302969,0.5764292704429405,200,detection_quality,zeroshot
ionescu,yolov5s-coco-torch,2,0.6444933053358375,0.5764292704429405,200,detection_quality,zeroshot
ionescu,yolov5s-coco-torch,3,0.5695749502023513,0.5764292704429405,200,detection_quality,zeroshot
ionescu,yolov5s-coco-torch,4,0.5249211866322897,0.5764292704429405,200,detection_quality,zeroshot
ionescu,yolov5s-coco-torch,5,0.4317793640139243,0.5764292704429405,200,detection_quality,zeroshot
ionescu,yolov5x-coco-torch,1,0.7650623138999528,0.6479825033371316,200,detection_quality,zeroshot
ionescu,yolov5x-coco-torch,2,0.7133172286418639,0.6479825033371316,200,detection_quality,zeroshot
ionescu,yolov5x-coco-torch,3,0.6659968565712591,0.6479825033371316,200,detection_quality,zeroshot
ionescu,yolov5x-coco-torch,4,0.5837138502738279,0.6479825033371316,200,detection_quality,zeroshot
ionescu,yolov5x-coco-torch,5,0.511822267298751,0.6479825033371316,200,detection_quality,zeroshot
ionescu,yolov8l-coco-torch,1,0.7855335755797577,0.6529318209971942,200,detection_quality,zeroshot
ionescu,yolov8l-coco-torch,2,0.7169399149456512,0.6529318209971942,200,detection_quality,zeroshot
ionescu,yolov8l-coco-torch,3,0.6657299765167302,0.6529318209971942,200,detection_quality,zeroshot
ionescu,yolov8l-coco-torch,4,0.5780182978188919,0.6529318209971942,200,detection_quality,zeroshot
ionescu,yolov8l-coco-torch,5,0.5184373401249349,0.6529318209971942,200,detection_quality,zeroshot
ionescu,yolov8m-coco-torch,1,0.7488465159081334,0.6191899998741878,200,detection_quality,zeroshot
ionescu,yolov8m-coco-torch,2,0.68180428277231,0.6191899998741878,200,detection_quality,zeroshot
ionescu,yolov8m-coco-torch,3,0.6337217326208202,0.6191899998741878,200,detection_quality,zeroshot
ionescu,yolov8m-coco-torch,4,0.5547438066058055,0.6191899998741878,200,detection_quality,zeroshot
ionescu,yolov8m-coco-torch,5,0.4768336614638676,0.6191899998741878,200,detection_quality,zeroshot
ionescu,yolov8n-coco-torch,1,0.6367422071445553,0.4908516990474192,200,detection_quality,zeroshot
ionescu,yolov8n-coco-torch,2,0.5631363487398269,0.4908516990474192,200,detection_quality,zeroshot
ionescu,yolov8n-coco-torch,3,0.4801909650978257,0.4908516990474192,200,detection_quality,zeroshot
ionescu,yolov8n-coco-torch,4,0.43163398897255006,0.4908516990474192,200,detection_quality,zeroshot
ionescu,yolov8n-coco-torch,5,0.3425549852823348,0.4908516990474192,200,detection_quality,zeroshot
ionescu,yolov8s-coco-torch,1,0.729717504849296,0.5812603678534605,200,detection_quality,zeroshot
ionescu,yolov8s-coco-torch,2,0.6413880891209791,0.5812603678534605,200,detection_quality,zeroshot
ionescu,yolov8s-coco-torch,3,0.5756397899918507,0.5812603678534605,200,detection_quality,zeroshot
ionescu,yolov8s-coco-torch,4,0.526444642206821,0.5812603678534605,200,detection_quality,zeroshot
ionescu,yolov8s-coco-torch,5,0.4331118130983577,0.5812603678534605,200,detection_quality,zeroshot
ionescu,yolov8x-coco-torch,1,0.7844166247541047,0.656959509626136,200,detection_quality,zeroshot
ionescu,yolov8x-coco-torch,2,0.716999606074163,0.656959509626136,200,detection_quality,zeroshot
ionescu,yolov8x-coco-torch,3,0.6736163429610158,0.656959509626136,200,detection_quality,zeroshot
ionescu,yolov8x-coco-torch,4,0.5868505597000461,0.656959509626136,200,detection_quality,zeroshot
ionescu,yolov8x-coco-torch,5,0.5229144146413514,0.656959509626136,200,detection_quality,zeroshot
ionescu,yolov9c-coco-torch,1,0.7712780536746194,0.6320062026677671,200,detection_quality,zeroshot
ionescu,yolov9c-coco-torch,2,0.6914171882353654,0.6320062026677671,200,detection_quality,zeroshot
ionescu,yolov9c-coco-torch,3,0.6408265747893853,0.6320062026677671,200,detection_quality,zeroshot
ionescu,yolov9c-coco-torch,4,0.576298680054085,0.6320062026677671,200,detection_quality,zeroshot
ionescu,yolov9c-coco-torch,5,0.4802105165853802,0.6320062026677671,200,detection_quality,zeroshot
ionescu,yolov9e-coco-torch,1,0.8008871023682382,0.6669190177930158,200,detection_quality,zeroshot
ionescu,yolov9e-coco-torch,2,0.7303398537765873,0.6669190177930158,200,detection_quality,zeroshot
ionescu,yolov9e-coco-torch,3,0.6770280471054875,0.6669190177930158,200,detection_quality,zeroshot
ionescu,yolov9e-coco-torch,4,0.5962166796153874,0.6669190177930158,200,detection_quality,zeroshot
ionescu,yolov9e-coco-torch,5,0.5301234060993777,0.6669190177930158,200,detection_quality,zeroshot
ic9600,detection-transformer-torch,1,0.5458880065799518,0.40357565035641224,200,detection_quality,zeroshot
ic9600,detection-transformer-torch,2,0.435081836711744,0.40357565035641224,200,detection_quality,zeroshot
ic9600,detection-transformer-torch,3,0.36742871823696693,0.40357565035641224,200,detection_quality,zeroshot
ic9600,detection-transformer-torch,4,0.35610765916905157,0.40357565035641224,200,detection_quality,zeroshot
ic9600,detection-transformer-torch,5,0.31337203108434936,0.40357565035641224,200,detection_quality,zeroshot
ic9600,dfine-large-coco-torch,1,0.7782318729498888,0.6517205048711282,200,detection_quality,zeroshot
ic9600,dfine-large-coco-torch,2,0.6924275989870684,0.6517205048711282,200,detection_quality,zeroshot
ic9600,dfine-large-coco-torch,3,0.6188859476951362,0.6517205048711282,200,detection_quality,zeroshot
ic9600,dfine-large-coco-torch,4,0.6188859476951362,0.6517205048711282,200,detection_quality,zeroshot
ic9600,dfine-large-coco-torch,5,0.5501711570284182,0.6517205048711282,200,detection_quality,zeroshot
ic9600,dfine-medium-coco-torch,1,0.7741747114818307,0.653429727477437,200,detection_quality,zeroshot
ic9600,dfine-medium-coco-torch,2,0.7009795715322247,0.653429727477437,200,detection_quality,zeroshot
ic9600,dfine-medium-coco-torch,3,0.630946443005566,0.653429727477437,200,detection_quality,zeroshot
ic9600,dfine-medium-coco-torch,4,0.6244948177115978,0.653429727477437,200,detection_quality,zeroshot
ic9600,dfine-medium-coco-torch,5,0.5365530936559629,0.653429727477437,200,detection_quality,zeroshot
ic9600,dfine-nano-coco-torch,1,0.7087330032284807,0.560848207125243,200,detection_quality,zeroshot
ic9600,dfine-nano-coco-torch,2,0.6025921487769071,0.560848207125243,200,detection_quality,zeroshot
ic9600,dfine-nano-coco-torch,3,0.5378479659509526,0.560848207125243,200,detection_quality,zeroshot
ic9600,dfine-nano-coco-torch,4,0.5267808641398247,0.560848207125243,200,detection_quality,zeroshot
ic9600,dfine-nano-coco-torch,5,0.4282870535300479,0.560848207125243,200,detection_quality,zeroshot
ic9600,dfine-small-coco-torch,1,0.7415531178424907,0.6018565515938219,200,detection_quality,zeroshot
ic9600,dfine-small-coco-torch,2,0.634772416468964,0.6018565515938219,200,detection_quality,zeroshot
ic9600,dfine-small-coco-torch,3,0.5701198335905944,0.6018565515938219,200,detection_quality,zeroshot
ic9600,dfine-small-coco-torch,4,0.5701198335905944,0.6018565515938219,200,detection_quality,zeroshot
ic9600,dfine-small-coco-torch,5,0.4927175564764642,0.6018565515938219,200,detection_quality,zeroshot
ic9600,dfine-xlarge-coco-torch,1,0.8013459038253775,0.6745152423554631,200,detection_quality,zeroshot
ic9600,dfine-xlarge-coco-torch,2,0.7018363995763406,0.6745152423554631,200,detection_quality,zeroshot
ic9600,dfine-xlarge-coco-torch,3,0.6491678442909284,0.6745152423554631,200,detection_quality,zeroshot
ic9600,dfine-xlarge-coco-torch,4,0.6491678442909284,0.6745152423554631,200,detection_quality,zeroshot
ic9600,dfine-xlarge-coco-torch,5,0.5710582197937408,0.6745152423554631,200,detection_quality,zeroshot
ic9600,faster-rcnn-resnet50-fpn-coco-torch,1,0.5418145807043208,0.4571821627712276,200,detection_quality,zeroshot
ic9600,faster-rcnn-resnet50-fpn-coco-torch,2,0.4694164784117074,0.4571821627712276,200,detection_quality,zeroshot
ic9600,faster-rcnn-resnet50-fpn-coco-torch,3,0.44030257234426445,0.4571821627712276,200,detection_quality,zeroshot
ic9600,faster-rcnn-resnet50-fpn-coco-torch,4,0.4171885911979224,0.4571821627712276,200,detection_quality,zeroshot
ic9600,faster-rcnn-resnet50-fpn-coco-torch,5,0.4171885911979224,0.4571821627712276,200,detection_quality,zeroshot
ic9600,retinanet-resnet50-fpn-coco-torch,1,0.6690569917963842,0.5354168576162636,200,detection_quality,zeroshot
ic9600,retinanet-resnet50-fpn-coco-torch,2,0.5611847353004535,0.5354168576162636,200,detection_quality,zeroshot
ic9600,retinanet-resnet50-fpn-coco-torch,3,0.5059709330616703,0.5354168576162636,200,detection_quality,zeroshot
ic9600,retinanet-resnet50-fpn-coco-torch,4,0.4962713863081812,0.5354168576162636,200,detection_quality,zeroshot
ic9600,retinanet-resnet50-fpn-coco-torch,5,0.444600241614633,0.5354168576162636,200,detection_quality,zeroshot
ic9600,rfdetr-base-coco-torch,1,0.7388340953715506,0.6102507714780702,200,detection_quality,zeroshot
ic9600,rfdetr-base-coco-torch,2,0.6387438776389714,0.6102507714780702,200,detection_quality,zeroshot
ic9600,rfdetr-base-coco-torch,3,0.5976883130945398,0.6102507714780702,200,detection_quality,zeroshot
ic9600,rfdetr-base-coco-torch,4,0.5976883130945398,0.6102507714780702,200,detection_quality,zeroshot
ic9600,rfdetr-base-coco-torch,5,0.47829925819075286,0.6102507714780702,200,detection_quality,zeroshot
ic9600,rfdetr-large-coco-torch,1,0.7404301080915068,0.6255005349636037,200,detection_quality,zeroshot
ic9600,rfdetr-large-coco-torch,2,0.6713869597138262,0.6255005349636037,200,detection_quality,zeroshot
ic9600,rfdetr-large-coco-torch,3,0.6093051975371386,0.6255005349636037,200,detection_quality,zeroshot
ic9600,rfdetr-large-coco-torch,4,0.5957335852613973,0.6255005349636037,200,detection_quality,zeroshot
ic9600,rfdetr-large-coco-torch,5,0.5106468242141475,0.6255005349636037,200,detection_quality,zeroshot
ic9600,rfdetr-medium-coco-torch,1,0.7523100041732741,0.6216880083487929,200,detection_quality,zeroshot
ic9600,rfdetr-medium-coco-torch,2,0.6701041112325921,0.6216880083487929,200,detection_quality,zeroshot
ic9600,rfdetr-medium-coco-torch,3,0.6011135042231666,0.6216880083487929,200,detection_quality,zeroshot
ic9600,rfdetr-medium-coco-torch,4,0.5982332126792165,0.6216880083487929,200,detection_quality,zeroshot
ic9600,rfdetr-medium-coco-torch,5,0.48667920943571125,0.6216880083487929,200,detection_quality,zeroshot
ic9600,rfdetr-nano-coco-torch,1,0.7118634982817987,0.5776083855206445,200,detection_quality,zeroshot
ic9600,rfdetr-nano-coco-torch,2,0.6317735530343382,0.5776083855206445,200,detection_quality,zeroshot
ic9600,rfdetr-nano-coco-torch,3,0.5627548430767013,0.5776083855206445,200,detection_quality,zeroshot
ic9600,rfdetr-nano-coco-torch,4,0.5524280311285799,0.5776083855206445,200,detection_quality,zeroshot
ic9600,rfdetr-nano-coco-torch,5,0.4292220020818071,0.5776083855206445,200,detection_quality,zeroshot
ic9600,rfdetr-small-coco-torch,1,0.7404082732174255,0.6189969669318153,200,detection_quality,zeroshot
ic9600,rfdetr-small-coco-torch,2,0.6753463055440576,0.6189969669318153,200,detection_quality,zeroshot
ic9600,rfdetr-small-coco-torch,3,0.609157796643805,0.6189969669318153,200,detection_quality,zeroshot
ic9600,rfdetr-small-coco-torch,4,0.5878589422725886,0.6189969669318153,200,detection_quality,zeroshot
ic9600,rfdetr-small-coco-torch,5,0.48221351698120757,0.6189969669318153,200,detection_quality,zeroshot
ic9600,rtdetr-l-coco-torch,1,0.7183459765710505,0.5610279720078203,200,detection_quality,zeroshot
ic9600,rtdetr-l-coco-torch,2,0.5915749343623726,0.5610279720078203,200,detection_quality,zeroshot
ic9600,rtdetr-l-coco-torch,3,0.5283783519083596,0.5610279720078203,200,detection_quality,zeroshot
ic9600,rtdetr-l-coco-torch,4,0.5177542368647962,0.5610279720078203,200,detection_quality,zeroshot
ic9600,rtdetr-l-coco-torch,5,0.4490863603325234,0.5610279720078203,200,detection_quality,zeroshot
ic9600,rtdetr-v2-l-coco-torch,1,0.786523384731526,0.6551630257957263,200,detection_quality,zeroshot
ic9600,rtdetr-v2-l-coco-torch,2,0.6987919840089696,0.6551630257957263,200,detection_quality,zeroshot
ic9600,rtdetr-v2-l-coco-torch,3,0.6346710288585978,0.6551630257957263,200,detection_quality,zeroshot
ic9600,rtdetr-v2-l-coco-torch,4,0.6271356383048134,0.6551630257957263,200,detection_quality,zeroshot
ic9600,rtdetr-v2-l-coco-torch,5,0.5286930930747273,0.6551630257957263,200,detection_quality,zeroshot
ic9600,rtdetr-v2-m-coco-torch,1,0.789581304738279,0.6579062083636237,200,detection_quality,zeroshot
ic9600,rtdetr-v2-m-coco-torch,2,0.692378587923892,0.6579062083636237,200,detection_quality,zeroshot
ic9600,rtdetr-v2-m-coco-torch,3,0.6380592353740903,0.6579062083636237,200,detection_quality,zeroshot
ic9600,rtdetr-v2-m-coco-torch,4,0.6329553621615817,0.6579062083636237,200,detection_quality,zeroshot
ic9600,rtdetr-v2-m-coco-torch,5,0.5365565516202744,0.6579062083636237,200,detection_quality,zeroshot
ic9600,rtdetr-v2-s-coco-torch,1,0.7522506565265807,0.6155301015768531,200,detection_quality,zeroshot
ic9600,rtdetr-v2-s-coco-torch,2,0.6537702681375538,0.6155301015768531,200,detection_quality,zeroshot
ic9600,rtdetr-v2-s-coco-torch,3,0.5830980874900795,0.6155301015768531,200,detection_quality,zeroshot
ic9600,rtdetr-v2-s-coco-torch,4,0.583026898029025,0.6155301015768531,200,detection_quality,zeroshot
ic9600,rtdetr-v2-s-coco-torch,5,0.5055045977010302,0.6155301015768531,200,detection_quality,zeroshot
ic9600,rtdetr-x-coco-torch,1,0.7036676639253168,0.5631254461554502,200,detection_quality,zeroshot
ic9600,rtdetr-x-coco-torch,2,0.6017447421152881,0.5631254461554502,200,detection_quality,zeroshot
ic9600,rtdetr-x-coco-torch,3,0.5303169353571573,0.5631254461554502,200,detection_quality,zeroshot
ic9600,rtdetr-x-coco-torch,4,0.5216796460525805,0.5631254461554502,200,detection_quality,zeroshot
ic9600,rtdetr-x-coco-torch,5,0.4582182433269103,0.5631254461554502,200,detection_quality,zeroshot
ic9600,yolo11l-coco-torch,1,0.7623882219182069,0.636470406586455,200,detection_quality,zeroshot
ic9600,yolo11l-coco-torch,2,0.6784869883857043,0.636470406586455,200,detection_quality,zeroshot
ic9600,yolo11l-coco-torch,3,0.6137286358164884,0.636470406586455,200,detection_quality,zeroshot
ic9600,yolo11l-coco-torch,4,0.6137286358164884,0.636470406586455,200,detection_quality,zeroshot
ic9600,yolo11l-coco-torch,5,0.5140195509953863,0.636470406586455,200,detection_quality,zeroshot
ic9600,yolo11m-coco-torch,1,0.760588889562735,0.6242442295508305,200,detection_quality,zeroshot
ic9600,yolo11m-coco-torch,2,0.6697384159524807,0.6242442295508305,200,detection_quality,zeroshot
ic9600,yolo11m-coco-torch,3,0.5915177813490422,0.6242442295508305,200,detection_quality,zeroshot
ic9600,yolo11m-coco-torch,4,0.5915177813490422,0.6242442295508305,200,detection_quality,zeroshot
ic9600,yolo11m-coco-torch,5,0.5078582795408504,0.6242442295508305,200,detection_quality,zeroshot
ic9600,yolo11n-coco-torch,1,0.6613404616053842,0.5117689875002543,200,detection_quality,zeroshot
ic9600,yolo11n-coco-torch,2,0.5402134313863017,0.5117689875002543,200,detection_quality,zeroshot
ic9600,yolo11n-coco-torch,3,0.48958293274154335,0.5117689875002543,200,detection_quality,zeroshot
ic9600,yolo11n-coco-torch,4,0.48344034740628283,0.5117689875002543,200,detection_quality,zeroshot
ic9600,yolo11n-coco-torch,5,0.3842677643617572,0.5117689875002543,200,detection_quality,zeroshot
ic9600,yolo11s-coco-torch,1,0.7294380484717009,0.5900855775235758,200,detection_quality,zeroshot
ic9600,yolo11s-coco-torch,2,0.6266733535090012,0.5900855775235758,200,detection_quality,zeroshot
ic9600,yolo11s-coco-torch,3,0.5626238864929097,0.5900855775235758,200,detection_quality,zeroshot
ic9600,yolo11s-coco-torch,4,0.5595374549939273,0.5900855775235758,200,detection_quality,zeroshot
ic9600,yolo11s-coco-torch,5,0.4721551441503422,0.5900855775235758,200,detection_quality,zeroshot
ic9600,yolo11x-coco-torch,1,0.7973773859641071,0.6659214923641869,200,detection_quality,zeroshot
ic9600,yolo11x-coco-torch,2,0.709633892653171,0.6659214923641869,200,detection_quality,zeroshot
ic9600,yolo11x-coco-torch,3,0.643802548132995,0.6659214923641869,200,detection_quality,zeroshot
ic9600,yolo11x-coco-torch,4,0.6295100859256176,0.6659214923641869,200,detection_quality,zeroshot
ic9600,yolo11x-coco-torch,5,0.5492835491450397,0.6659214923641869,200,detection_quality,zeroshot
ic9600,yolov10l-coco-torch,1,0.7694210638049386,0.6400087830428302,200,detection_quality,zeroshot
ic9600,yolov10l-coco-torch,2,0.694922121738545,0.6400087830428302,200,detection_quality,zeroshot
ic9600,yolov10l-coco-torch,3,0.6132159013603854,0.6400087830428302,200,detection_quality,zeroshot
ic9600,yolov10l-coco-torch,4,0.6036749321276966,0.6400087830428302,200,detection_quality,zeroshot
ic9600,yolov10l-coco-torch,5,0.5188098961825788,0.6400087830428302,200,detection_quality,zeroshot
ic9600,yolov10m-coco-torch,1,0.7522427277342445,0.6282047846708179,200,detection_quality,zeroshot
ic9600,yolov10m-coco-torch,2,0.6817008347767558,0.6282047846708179,200,detection_quality,zeroshot
ic9600,yolov10m-coco-torch,3,0.593650242477933,0.6282047846708179,200,detection_quality,zeroshot
ic9600,yolov10m-coco-torch,4,0.593650242477933,0.6282047846708179,200,detection_quality,zeroshot
ic9600,yolov10m-coco-torch,5,0.5197798758872237,0.6282047846708179,200,detection_quality,zeroshot
ic9600,yolov10n-coco-torch,1,0.6133697032811297,0.4890654610710212,200,detection_quality,zeroshot
ic9600,yolov10n-coco-torch,2,0.5290898816033556,0.4890654610710212,200,detection_quality,zeroshot
ic9600,yolov10n-coco-torch,3,0.46340148387402375,0.4890654610710212,200,detection_quality,zeroshot
ic9600,yolov10n-coco-torch,4,0.46340148387402375,0.4890654610710212,200,detection_quality,zeroshot
ic9600,yolov10n-coco-torch,5,0.37606475272257145,0.4890654610710212,200,detection_quality,zeroshot
ic9600,yolov10s-coco-torch,1,0.7246603613892303,0.5993350060132541,200,detection_quality,zeroshot
ic9600,yolov10s-coco-torch,2,0.6494484167481399,0.5993350060132541,200,detection_quality,zeroshot
ic9600,yolov10s-coco-torch,3,0.57035735258777,0.5993350060132541,200,detection_quality,zeroshot
ic9600,yolov10s-coco-torch,4,0.57035735258777,0.5993350060132541,200,detection_quality,zeroshot
ic9600,yolov10s-coco-torch,5,0.4818515467533583,0.5993350060132541,200,detection_quality,zeroshot
ic9600,yolov10x-coco-torch,1,0.7838044438449957,0.6498320514769445,200,detection_quality,zeroshot
ic9600,yolov10x-coco-torch,2,0.6974264350646728,0.6498320514769445,200,detection_quality,zeroshot
ic9600,yolov10x-coco-torch,3,0.6177508622778981,0.6498320514769445,200,detection_quality,zeroshot
ic9600,yolov10x-coco-torch,4,0.6087892702134635,0.6498320514769445,200,detection_quality,zeroshot
ic9600,yolov10x-coco-torch,5,0.5413892459836904,0.6498320514769445,200,detection_quality,zeroshot
ic9600,yolov5l-coco-torch,1,0.7599579760397447,0.6277016110379896,200,detection_quality,zeroshot
ic9600,yolov5l-coco-torch,2,0.670978510155231,0.6277016110379896,200,detection_quality,zeroshot
ic9600,yolov5l-coco-torch,3,0.5960436098538117,0.6277016110379896,200,detection_quality,zeroshot
ic9600,yolov5l-coco-torch,4,0.5876087628837137,0.6277016110379896,200,detection_quality,zeroshot
ic9600,yolov5l-coco-torch,5,0.5239191962574504,0.6277016110379896,200,detection_quality,zeroshot
ic9600,yolov5m-coco-torch,1,0.7377107341125724,0.6025859636835019,200,detection_quality,zeroshot
ic9600,yolov5m-coco-torch,2,0.6388598969854469,0.6025859636835019,200,detection_quality,zeroshot
ic9600,yolov5m-coco-torch,3,0.5678909481120117,0.6025859636835019,200,detection_quality,zeroshot
ic9600,yolov5m-coco-torch,4,0.5655844590457114,0.6025859636835019,200,detection_quality,zeroshot
ic9600,yolov5m-coco-torch,5,0.5028837801617707,0.6025859636835019,200,detection_quality,zeroshot
ic9600,yolov5n-coco-torch,1,0.5592298894534291,0.4540371390634687,200,detection_quality,zeroshot
ic9600,yolov5n-coco-torch,2,0.4829514384442778,0.4540371390634687,200,detection_quality,zeroshot
ic9600,yolov5n-coco-torch,3,0.431939308067011,0.4540371390634687,200,detection_quality,zeroshot
ic9600,yolov5n-coco-torch,4,0.431939308067011,0.4540371390634687,200,detection_quality,zeroshot
ic9600,yolov5n-coco-torch,5,0.3641257512856131,0.4540371390634687,200,detection_quality,zeroshot
ic9600,yolov5s-coco-torch,1,0.7102689085683707,0.5764292704429405,200,detection_quality,zeroshot
ic9600,yolov5s-coco-torch,2,0.6127111469761042,0.5764292704429405,200,detection_quality,zeroshot
ic9600,yolov5s-coco-torch,3,0.5435476099773786,0.5764292704429405,200,detection_quality,zeroshot
ic9600,yolov5s-coco-torch,4,0.5360483403996781,0.5764292704429405,200,detection_quality,zeroshot
ic9600,yolov5s-coco-torch,5,0.479570346293168,0.5764292704429405,200,detection_quality,zeroshot
ic9600,yolov5x-coco-torch,1,0.7744855733566758,0.6479825033371316,200,detection_quality,zeroshot
ic9600,yolov5x-coco-torch,2,0.6932542928969443,0.6479825033371316,200,detection_quality,zeroshot
ic9600,yolov5x-coco-torch,3,0.6189259450595551,0.6479825033371316,200,detection_quality,zeroshot
ic9600,yolov5x-coco-torch,4,0.6062610105009683,0.6479825033371316,200,detection_quality,zeroshot
ic9600,yolov5x-coco-torch,5,0.5469856948715117,0.6479825033371316,200,detection_quality,zeroshot
ic9600,yolov8l-coco-torch,1,0.7817268406873956,0.6529318209971942,200,detection_quality,zeroshot
ic9600,yolov8l-coco-torch,2,0.6978515434366234,0.6529318209971942,200,detection_quality,zeroshot
ic9600,yolov8l-coco-torch,3,0.616534454245101,0.6529318209971942,200,detection_quality,zeroshot
ic9600,yolov8l-coco-torch,4,0.616534454245101,0.6529318209971942,200,detection_quality,zeroshot
ic9600,yolov8l-coco-torch,5,0.5520118123717451,0.6529318209971942,200,detection_quality,zeroshot
ic9600,yolov8m-coco-torch,1,0.7389015564505325,0.6191899998741878,200,detection_quality,zeroshot
ic9600,yolov8m-coco-torch,2,0.6699986712243043,0.6191899998741878,200,detection_quality,zeroshot
ic9600,yolov8m-coco-torch,3,0.5891724362101902,0.6191899998741878,200,detection_quality,zeroshot
ic9600,yolov8m-coco-torch,4,0.581749144752526,0.6191899998741878,200,detection_quality,zeroshot
ic9600,yolov8m-coco-torch,5,0.5161281907333841,0.6191899998741878,200,detection_quality,zeroshot
ic9600,yolov8n-coco-torch,1,0.6143087464882918,0.4908516990474192,200,detection_quality,zeroshot
ic9600,yolov8n-coco-torch,2,0.5173881549162322,0.4908516990474192,200,detection_quality,zeroshot
ic9600,yolov8n-coco-torch,3,0.4673000645243646,0.4908516990474192,200,detection_quality,zeroshot
ic9600,yolov8n-coco-torch,4,0.4567114407959626,0.4908516990474192,200,detection_quality,zeroshot
ic9600,yolov8n-coco-torch,5,0.39855008851224144,0.4908516990474192,200,detection_quality,zeroshot
ic9600,yolov8s-coco-torch,1,0.7074161894823263,0.5812603678534605,200,detection_quality,zeroshot
ic9600,yolov8s-coco-torch,2,0.6194684872172151,0.5812603678534605,200,detection_quality,zeroshot
ic9600,yolov8s-coco-torch,3,0.5509457221512861,0.5812603678534605,200,detection_quality,zeroshot
ic9600,yolov8s-coco-torch,4,0.545998531065032,0.5812603678534605,200,detection_quality,zeroshot
ic9600,yolov8s-coco-torch,5,0.482472909351445,0.5812603678534605,200,detection_quality,zeroshot
ic9600,yolov8x-coco-torch,1,0.7732059309749245,0.656959509626136,200,detection_quality,zeroshot
ic9600,yolov8x-coco-torch,2,0.7132066794979359,0.656959509626136,200,detection_quality,zeroshot
ic9600,yolov8x-coco-torch,3,0.6265118230191393,0.656959509626136,200,detection_quality,zeroshot
ic9600,yolov8x-coco-torch,4,0.6265118230191393,0.656959509626136,200,detection_quality,zeroshot
ic9600,yolov8x-coco-torch,5,0.5453612916195423,0.656959509626136,200,detection_quality,zeroshot
ic9600,yolov9c-coco-torch,1,0.7664265774388245,0.6320062026677671,200,detection_quality,zeroshot
ic9600,yolov9c-coco-torch,2,0.6712644574481914,0.6320062026677671,200,detection_quality,zeroshot
ic9600,yolov9c-coco-torch,3,0.6015910909405726,0.6320062026677671,200,detection_quality,zeroshot
ic9600,yolov9c-coco-torch,4,0.5972454994543274,0.6320062026677671,200,detection_quality,zeroshot
ic9600,yolov9c-coco-torch,5,0.5235033880569196,0.6320062026677671,200,detection_quality,zeroshot
ic9600,yolov9e-coco-torch,1,0.7909444692830021,0.6669190177930158,200,detection_quality,zeroshot
ic9600,yolov9e-coco-torch,2,0.7021783594314404,0.6669190177930158,200,detection_quality,zeroshot
ic9600,yolov9e-coco-torch,3,0.6405989561713998,0.6669190177930158,200,detection_quality,zeroshot
ic9600,yolov9e-coco-torch,4,0.6405989561713998,0.6669190177930158,200,detection_quality,zeroshot
ic9600,yolov9e-coco-torch,5,0.5602743479078358,0.6669190177930158,200,detection_quality,zeroshot
