image_id;level
000001;4
000002;2
000003;3
000004;2
000005;2
000006;2
000007;3
000008;3
000009;3
000010;3
000011;3
000012;3
000013;3
000014;4
000015;3
000016;4
000017;3
000018;2
000019;3
000020;4
000021;3
000022;2
000023;2
000024;2
000025;3
000026;3
000027;2
000028;4
000029;3
000030;2
000031;2
000032;2
000033;3
000034;3
000035;3
000036;3
000037;2
000038;2
000039;1
000040;2
000041;2
000042;3
000043;2
000044;2
000045;2
000046;3
000047;3
000048;3
000049;2
000050;4
000051;4
000052;3
000053;3
000054;3
000055;2
000056;2
000057;2
000058;3
000059;2
000060;4
000061;3
000062;2
000063;3
000064;2
000065;2
000066;2
000067;2
000068;2
000069;3
000070;3
000071;3
000072;2
000073;3
000074;4
000075;3
000076;3
000077;3
000078;4
000079;2
000080;3
000081;3
000082;3
000083;2
000084;3
000085;2
000086;4
000087;3
000088;2
000089;
000090;3
000091;2
000092;2
000093;3
000094;3
000095;2
000096;3
000097;3
000098;2
000099;1
000100;4
000101;2
000102;3
000103;2
000104;4
000105;2
000106;2
000107;3
000108;2
000109;3
000110;1
000111;3
000112;3
000113;3
000114;3
000115;3
000116;4
000117;3
000118;2
000119;2
000120;2
000121;2
000122;3
000123;3
000124;3
000125;2
000126;2
000127;3
000128;2
000129;3
000130;2
000131;3
000132;2
000133;2
000134;2
000135;3
000136;3
000137;3
000138;3
000139;3
000140;3
000141;2
000142;3
000143;3
000144;2
000145;4
000146;3
000147;2
000148;2
000149;3
000150;4
000151;3
000152;3
000153;2
000154;2
000155;3
000156;4
000157;2
000158;3
000159;3
000160;2
000161;2
000162;1
000163;3
000164;2
000165;2
000166;3
000167;3
000168;2
000169;3
000170;2
000171;2
000172;2
000173;4
000174;3
000175;3
000176;3
000177;3
000178;2
000179;3
000180;3
000181;2
000182;2
000183;4
000184;2
000185;1
000186;2
000187;2
000188;3
000189;2
000190;2
000191;2
000192;3
000193;3
000194;2
000195;3
000196;2
000197;
000198;2
000199;1
000200;2
000201;
000202;2
000203;2
000204;2
000205;2
000206;3
000207;3
000208;2
000209;3
000210;3
000211;3
000212;2
000213;2
000214;2
000215;3
000216;3
000217;3
000218;2
000219;3
000220;2
000221;3
000222;3
000223;3
000224;3
000225;3
000226;4
000227;4
000228;2
000229;3
000230;3
000231;2
000232;2
000233;3
000234;3
000235;3
000236;2
000237;3
000238;4
000239;2
000240;2
000241;3
000242;3
000243;2
000244;2
000245;3
000246;4
000247;2
000248;3
000249;2
000250;3
000251;3
000252;2
000253;2
000254;3
000255;3
000256;4
000257;3
000258;2
000259;3
000260;3
000261;2
000262;3
000263;2
000264;4
000265;4
000266;3
000267;4
000268;4
000269;2
000270;2
000271;2
000272;3
000273;2
000274;2
000275;2
000276;3
000277;2
000278;2
000279;3
000280;3
000281;3
000282;2
000283;2
000284;3
000285;4
000286;2
000287;2
000288;
000289;2
000290;2
000291;3
000292;4
000293;3
000294;3
000295;2
000296;2
000297;1
000298;3
000299;2
000300;3
000301;3
000302;2
000303;2
000304;3
000305;4
000306;3
000307;3
000308;
000309;2
000310;3
000311;3
000312;4
000313;2
000314;2
000315;2
000316;2
000317;3
000318;2
000319;3
000320;2
000321;3
000322;3
000323;2
000324;3
000325;2
000326;2
000327;3
000328;3
000329;2
000330;2
000331;3
000332;2
000333;1
000334;2
000335;3
000336;3
000337;2
000338;2
000339;3
000340;3
000341;3
000342;3
000343;2
000344;4
000345;2
000346;4
000347;3
000348;3
000349;2
000350;2
000351;3
000352;3
000353;2
000354;3
000355;3
000356;4
000357;3
000358;2
000359;4
000360;3
000361;2
000362;2
000363;2
000364;2
000365;2
000366;3
000367;4
000368;3
000369;3
000370;4
000371;3
000372;2
000373;4
000374;3
000375;3
000376;2
000377;4
000378;3
000379;3
000380;2
000381;3
000382;3
000383;2
000384;3
000385;3
000386;3
000387;3
000388;3
000389;3
000390;2
000391;3
000392;3
000393;3
000394;4
000395;3
000396;1
000397;3
000398;2
000399;2
000400;4
000401;2
000402;3
000403;3
000404;3
000405;3
000406;2
000407;4
000408;3
000409;4
000410;4
000411;2
000412;2
000413;3
000414;2
000415;3
000416;2
000417;1
000418;3
000419;2
000420;2
000421;3
000422;2
000423;3
000424;4
000425;3
000426;3
000427;3
000428;3
000429;4
000430;2
000431;2
000432;2
000433;3
000434;3
000435;2
000436;3
000437;3
000438;2
000439;3
000440;2
000441;3
000442;3
000443;2
000444;3
000445;4
000446;2
000447;2
000448;2
000449;3
000450;2
000451;2
000452;4
000453;4
000454;3
000455;2
000456;2
000457;4
000458;2
000459;2
000460;3
000461;3
000462;2
000463;3
000464;3
000465;3
000466;2
000467;3
000468;4
000469;3
000470;2
000471;3
000472;3
000473;2
000474;3
000475;3
000476;2
000477;1
000478;2
000479;4
000480;2
000481;2
000482;3
000483;2
000484;2
000485;3
000486;2
000487;3
000488;2
000489;4
000490;3
000491;4
000492;1
000493;2
000494;4
000495;2
000496;3
000497;2
000498;3
000499;3
000500;2
000501;2
000502;3
000503;4
000504;3
000505;2
000506;2
000507;2
000508;3
000509;2
000510;2
000511;1
000512;2
000513;3
000514;4
000515;2
000516;3
000517;3
000518;2
000519;4
000520;2
000521;3
000522;2
000523;2
000524;2
000525;3
000526;3
000527;1
000528;3
000529;3
000530;2
000531;3
000532;3
000533;2
000534;2
000535;3
000536;2
000537;1
000538;2
000539;2
000540;3
000541;2
000542;2
000543;3
000544;4
000545;3
000546;3
000547;2
000548;2
000549;3
000550;2
000551;3
000552;3
000553;3
000554;3
000555;4
000556;3
000557;1
000558;2
000559;2
000560;2
000561;3
000562;3
000563;2
000564;3
000565;2
000566;3
000567;3
000568;
000569;2
000570;2
000571;4
000572;3
000573;4
000574;3
000575;3
000576;2
000577;3
000578;4
000579;3
000580;3
000581;2
000582;3
000583;3
000584;2
000585;2
000586;2
000587;3
000588;2
000589;3
000590;3
000591;2
000592;4
000593;2
000594;2
000595;2
000596;2
000597;3
000598;2
000599;2
000600;2
000601;3
000602;3
000603;4
000604;3
000605;2
000606;3
000607;3
000608;2
000609;2
000610;2
000611;3
000612;3
000613;2
000614;2
000615;2
000616;4
000617;2
000618;2
000619;3
000620;3
000621;3
000622;2
000623;4
000624;2
000625;2
000626;3
000627;3
000628;2
000629;3
000630;2
000631;3
000632;3
000633;2
000634;2
000635;3
000636;3
000637;2
000638;2
000639;3
000640;3
000641;2
000642;3
000643;3
000644;3
000645;2
000646;3
000647;3
000648;2
000649;3
000650;1
000651;2
000652;3
000653;3
000654;2
000655;3
000656;2
000657;3
000658;3
000659;3
000660;3
000661;3
000662;2
000663;2
000664;2
000665;3
000666;2
000667;3
000668;3
000669;3
000670;3
000671;2
000672;3
000673;3
000674;3
000675;2
000676;3
000677;3
000678;3
000679;3
000680;2
000681;3
000682;2
000683;2
000684;3
000685;2
000686;3
000687;2
000688;2
000689;2
000690;3
000691;2
000692;2
000693;2
000694;3
000695;3
000696;3
000697;
000698;3
000699;2
000700;3
000701;2
000702;4
000703;4
000704;2
000705;3
000706;3
000707;2
000708;3
000709;2
000710;2
000711;4
000712;3
000713;3
000714;2
000715;3
000716;2
000717;3
000718;2
000719;3
000720;2
000721;3
000722;2
000723;2
000724;3
000725;3
000726;3
000727;2
000728;2
000729;2
000730;3
000731;3
000732;2
000733;2
000734;3
000735;4
000736;3
000737;3
000738;3
000739;3
000740;3
000741;2
000742;3
000743;3
000744;3
000745;2
000746;3
000747;3
000748;3
000749;3
000750;3
000751;2
000752;3
000753;3
000754;3
000755;2
000756;3
000757;2
000758;4
000759;2
000760;2
000761;2
000762;3
000763;2
000764;4
000765;3
000766;2
000767;3
000768;4
000769;3
000770;2
000771;2
000772;3
000773;3
000774;3
000775;2
000776;2
000777;3
000778;3
000779;3
000780;3
000781;2
000782;3
000783;4
000784;3
000785;3
000786;3
000787;3
000788;2
000789;3
000790;2
000791;2
000792;3
000793;3
000794;3
000795;2
000796;4
000797;3
000798;2
000799;3
000800;2
000801;3
000802;2
000803;2
000804;2
000805;3
000806;2
000807;3
000808;2
000809;3
000810;3
000811;4
000812;3
000813;2
000814;4
000815;3
000816;3
000817;3
000818;3
000819;2
000820;2
000821;4
000822;3
000823;3
000824;3
000825;4
000826;3
000827;3
000828;4
000829;3
000830;3
000831;2
000832;4
000833;3
000834;3
000835;2
000836;2
000837;2
000838;3
000839;3
000840;2
000841;2
000842;3
000843;2
000844;4
000845;2
000846;2
000847;2
000848;3
000849;2
000850;3
000851;3
000852;4
000853;3
000854;2
000855;2
000856;3
000857;3
000858;3
000859;2
000860;2
000861;3
000862;3
000863;3
000864;2
000865;3
000866;2
000867;3
000868;2
000869;3
000870;4
000871;3
000872;3
000873;3
000874;4
000875;3
000876;2
000877;4
000878;4
000879;3
000880;2
000881;2
000882;4
000883;3
000884;2
000885;3
000886;2
000887;3
000888;4
000889;2
000890;3
000891;3
000892;2
000893;3
000894;3
000895;2
000896;3
000897;2
000898;3
000899;2
000900;4
000901;4
000902;3
000903;2
000904;3
000905;3
000906;2
000907;2
000908;3
000909;2
000910;4
000911;3
000912;2
000913;2
000914;2
000915;4
000916;3
000917;2
000918;2
000919;3
000920;3
000921;4
000922;2
000923;4
000924;3
000925;1
000926;4
000927;2
000928;2
000929;2
000930;3
000931;3
000932;3
000933;2
000934;3
000935;3
000936;3
000937;2
000938;3
000939;3
000940;4
000941;3
000942;4
000943;2
000944;3
000945;2
000946;2
000947;3
000948;4
000949;2
000950;3
000951;3
000952;4
000953;4
000954;2
000955;3
000956;2
000957;2
000958;3
000959;2
000960;2
000961;3
000962;2
000963;3
000964;3
000965;4
000966;4
000967;2
000968;2
000969;2
000970;3
000971;2
000972;3
000973;3
000974;3
000975;2
000976;2
000977;1
000978;3
000979;3
000980;2
000981;4
000982;2
000983;3
000984;3
000985;3
000986;2
000987;4
000988;4
000989;3
000990;2
000991;1
000992;2
000993;2
000994;3
000995;3
000996;3
000997;2
000998;3
000999;3
001000;2
001001;3
001002;3
001003;2
001004;2
001005;2
001006;2
001007;3
001008;4
001009;2
001010;2
001011;3
001012;3
001013;2
001014;3
001015;2
001016;4
001017;3
001018;3
001019;3
001020;2
001021;3
001022;3
001023;2
001024;3
001025;3
001026;2
001027;2
001028;2
001029;3
001030;2
001031;2
001032;3
001033;3
001034;2
001035;2
001036;2
001037;3
001038;4
001039;1
001040;3
001041;3
001042;2
001043;4
001044;2
001045;3
001046;3
001047;2
001048;2
001049;4
001050;3
001051;3
001052;4
001053;2
001054;2
001055;
001056;3
001057;3
001058;2
001059;4
001060;2
001061;2
001062;3
001063;4
001064;4
001065;3
001066;2
001067;2
001068;3
001069;3
001070;3
001071;4
001072;1
001073;3
001074;3
001075;3
001076;2
001077;2
001078;2
001079;2
001080;3
001081;3
001082;3
001083;4
001084;2
001085;3
001086;4
001087;1
001088;2
001089;2
001090;2
001091;4
001092;3
001093;3
001094;3
001095;3
001096;1
001097;4
001098;3
001099;3
001100;2
001101;3
001102;4
001103;2
001104;3
001105;3
001106;2
001107;2
001108;3
001109;3
001110;3
001111;3
001112;4
001113;3
001114;4
001115;3
001116;2
001117;3
001118;4
001119;2
001120;2
001121;2
001122;4
001123;2
001124;4
001125;3
001126;3
001127;2
001128;3
001129;2
001130;3
001131;3
001132;4
001133;4
001134;3
001135;3
001136;2
001137;3
001138;3
001139;3
001140;2
001141;1
001142;3
001143;3
001144;2
001145;3
001146;4
001147;4
001148;2
001149;3
001150;3
001151;2
001152;4
001153;3
001154;4
001155;2
001156;2
001157;3
001158;2
001159;4
001160;2
001161;4
001162;2
001163;2
001164;2
001165;2
001166;3
001167;2
001168;2
001169;2
001170;3
001171;4
001172;3
001173;2
001174;2
001175;3
001176;4
001177;4
001178;2
001179;3
001180;4
001181;2
001182;2
001183;2
001184;4
001185;2
001186;3
001187;3
001188;3
001189;3
001190;3
001191;2
001192;2
001193;3
001194;2
001195;3
001196;2
001197;2
001198;2
001199;
001200;2
001201;3
001202;2
001203;3
001204;2
001205;3
001206;2
001207;3
001208;2
001209;2
001210;3
001211;2
001212;2
001213;3
001214;3
001215;3
001216;3
001217;4
001218;3
001219;3
001220;2
001221;2
001222;2
001223;3
001224;3
001225;3
001226;3
001227;4
001228;3
001229;3
001230;2
001231;2
001232;3
001233;3
001234;1
001235;2
001236;2
001237;3
001238;3
001239;3
001240;2
001241;2
001242;3
001243;3
001244;2
001245;3
001246;4
001247;4
001248;3
001249;3
001250;4
001251;2
001252;2
001253;2
001254;2
001255;3
001256;3
001257;2
001258;1
001259;3
001260;3
001261;3
001262;3
001263;4
001264;2
001265;4
001266;2
001267;2
001268;3
001269;2
001270;2
001271;4
001272;3
001273;3
001274;3
001275;3
001276;3
001277;
001278;3
001279;2
001280;3
001281;3
001282;2
001283;2
001284;3
001285;4
001286;2
001287;3
001288;3
001289;2
001290;3
001291;3
001292;4
001293;3
001294;3
001295;2
001296;2
001297;2
001298;2
001299;3
001300;3
001301;2
001302;2
001303;3
001304;3
001305;4
001306;4
001307;2
001308;3
001309;2
001310;3
001311;3
001312;2
001313;2
001314;3
001315;3
001316;3
001317;3
001318;3
001319;3
001320;3
001321;2
001322;4
001323;2
001324;2
001325;2
001326;2
001327;1
001328;2
001329;2
001330;3
001331;2
001332;3
001333;1
001334;2
001335;3
001336;1
001337;3
001338;3
001339;2
001340;2
001341;2
001342;3
001343;3
001344;3
001345;3
001346;2
001347;2
001348;4
001349;2
001350;3
001351;3
001352;3
001353;4
001354;3
001355;3
001356;3
001357;2
001358;2
001359;3
001360;3
001361;3
001362;3
001363;4
001364;2
001365;3
001366;2
001367;3
001368;2
001369;4
001370;4
001371;3
001372;
001373;2
001374;2
001375;3
001376;3
001377;3
001378;3
001379;2
001380;3
001381;3
001382;2
001383;4
001384;3
001385;2
001386;3
001387;3
001388;3
001389;3
001390;3
001391;2
001392;3
001393;3
001394;3
001395;2
001396;3
001397;3
001398;3
001399;2
001400;3
001401;3
001402;2
001403;2
001404;3
001405;3
001406;4
001407;3
001408;4
001409;3
001410;2
001411;3
001412;2
001413;2
001414;3
001415;3
001416;2
001417;4
001418;2
001419;4
001420;3
001421;4
001422;3
001423;3
001424;3
001425;2
001426;2
001427;3
001428;3
001429;2
001430;3
001431;3
001432;2
001433;3
001434;3
001435;4
001436;2
001437;2
001438;2
001439;2
001440;2
001441;3
001442;4
001443;3
001444;3
001445;3
001446;4
001447;2
001448;2
001449;2
001450;3
001451;3
001452;2
001453;3
001454;2
001455;3
001456;3
001457;3
001458;4
001459;4
001460;2
001461;3
001462;4
001463;2
001464;2
001465;3
001466;3
001467;3
001468;4
001469;2
001470;3
001471;3
001472;4
001473;3
001474;3
001475;3
001476;2
001477;2
001478;3
001479;2
001480;2
001481;3
001482;3
001483;2
001484;2
001485;3
001486;3
001487;3
001488;3
001489;2
001490;2
001491;3
001492;2
001493;3
001494;2
001495;3
001496;2
001497;4
001498;4
001499;3
001500;3
001501;3
001502;2
001503;3
001504;3
001505;3
001506;2
001507;3
001508;3
001509;4
001510;2
001511;2
001512;3
001513;2
001514;3
001515;2
001516;2
001517;3
001518;3
001519;1
001520;
001521;1
001522;3
001523;2
001524;2
001525;3
001526;3
001527;4
001528;3
001529;3
001530;2
001531;4
001532;2
001533;2
001534;3
001535;3
001536;2
001537;4
001538;3
001539;3
001540;4
001541;3
001542;3
001543;2
001544;3
001545;2
001546;3
001547;2
001548;2
001549;3
001550;2
001551;3
001552;2
001553;3
001554;2
001555;4
001556;2
001557;2
001558;4
001559;4
001560;4
001561;3
001562;2
001563;3
001564;1
001565;3
001566;3
001567;3
001568;3
001569;3
001570;3
001571;3
001572;3
001573;2
001574;2
001575;3
001576;2
001577;3
001578;2
001579;3
001580;2
001581;4
001582;3
001583;2
001584;3
001585;4
001586;3
001587;4
001588;1
001589;3
001590;2
001591;3
001592;3
001593;4
001594;3
001595;3
001596;3
001597;3
001598;4
001599;2
001600;3
001601;3
001602;3
001603;2
001604;3
001605;2
001606;3
001607;2
001608;2
001609;3
001610;3
001611;2
001612;4
001613;3
001614;2
001615;3
001616;3
001617;3
001618;3
001619;2
001620;2
001621;2
001622;3
001623;3
001624;3
001625;3
001626;3
001627;2
001628;3
001629;3
001630;3
001631;2
001632;3
001633;3
001634;2
001635;3
001636;
001637;3
001638;3
001639;3
001640;2
001641;3
001642;3
001643;3
001644;4
001645;3
001646;2
001647;3
001648;2
001649;3
001650;2
001651;2
001652;2
001653;2
001654;3
001655;2
001656;4
001657;4
001658;3
001659;2
001660;3
001661;2
001662;2
001663;3
001664;3
001665;4
001666;2
001667;2
001668;3
001669;3
001670;3
001671;3
001672;4
001673;3
001674;2
001675;2
001676;3
001677;2
001678;3
001679;
001680;3
001681;3
001682;2
001683;4
001684;3
001685;3
001686;3
001687;2
001688;2
001689;3
001690;2
001691;2
001692;2
001693;2
001694;2
001695;3
001696;3
001697;3
001698;3
001699;2
001700;4
001701;2
001702;3
001703;2
001704;2
001705;3
001706;3
001707;3
001708;2
001709;3
001710;3
001711;4
001712;3
001713;3
001714;3
001715;2
001716;2
001717;3
001718;3
001719;3
001720;3
001721;3
001722;4
001723;3
001724;3
001725;2
001726;3
001727;3
001728;3
001729;
001730;2
001731;2
001732;
001733;3
001734;4
001735;2
001736;2
001737;3
001738;3
001739;2
001740;3
001741;2
001742;2
001743;3
001744;3
001745;2
001746;3
001747;3
001748;4
001749;3
001750;4
001751;3
001752;2
001753;3
001754;3
001755;3
001756;3
001757;2
001758;2
001759;2
001760;3
001761;3
001762;2
001763;
001764;3
001765;4
001766;3
001767;3
001768;3
001769;2
001770;3
001771;3
001772;3
001773;3
001774;2
001775;2
001776;2
001777;2
001778;3
001779;2
001780;4
001781;3
001782;2
001783;2
001784;2
001785;2
001786;1
001787;3
001788;3
001789;2
001790;2
001791;2
001792;2
001793;3
001794;2
001795;3
001796;3
001797;3
001798;3
001799;3
001800;2
001801;2
001802;3
001803;2
001804;2
001805;3
001806;3
001807;4
001808;3
001809;3
001810;4
001811;3
001812;4
001813;3
001814;3
001815;2
001816;2
001817;
001818;2
001819;2
001820;2
001821;3
001822;3
001823;3
001824;2
001825;2
001826;3
001827;3
001828;3
001829;3
001830;2
001831;1
001832;1
001833;3
001834;3
001835;4
001836;2
001837;2
001838;3
001839;2
001840;3
001841;3
001842;4
001843;3
001844;3
001845;2
001846;3
001847;3
001848;2
001849;3
001850;3
001851;3
001852;2
001853;2
001854;2
001855;2
001856;3
001857;3
001858;2
001859;3
001860;2
001861;2
001862;3
001863;3
001864;3
001865;3
001866;3
001867;4
001868;3
001869;2
001870;2
001871;3
001872;4
001873;3
001874;2
001875;4
001876;3
001877;2
001878;2
001879;3
001880;2
001881;3
001882;3
001883;3
001884;2
001885;2
001886;2
001887;3
001888;2
001889;2
001890;3
001891;3
001892;4
001893;4
001894;2
001895;3
001896;2
001897;4
001898;2
001899;3
001900;2
001901;3
001902;4
001903;2
001904;2
001905;3
001906;3
001907;2
001908;3
001909;4
001910;3
001911;2
001912;2
001913;3
001914;3
001915;3
001916;2
001917;3
001918;3
001919;3
001920;2
001921;2
001922;2
001923;2
001924;2
001925;3
001926;3
001927;2
001928;3
001929;2
001930;3
001931;2
001932;3
001933;2
001934;2
001935;2
001936;3
001937;3
001938;4
001939;3
001940;3
001941;2
001942;3
001943;4
001944;1
001945;2
001946;3
001947;3
001948;2
001949;2
001950;3
001951;2
001952;3
001953;4
001954;3
001955;3
001956;3
001957;2
001958;4
001959;2
001960;4
001961;3
001962;3
001963;3
001964;2
001965;2
001966;3
001967;3
001968;
001969;2
001970;3
001971;2
001972;2
001973;4
001974;4
001975;4
001976;3
001977;3
001978;3
001979;2
001980;4
001981;4
001982;3
001983;2
001984;2
001985;4
001986;2
001987;2
001988;3
001989;2
001990;2
001991;2
001992;4
001993;1
001994;3
001995;2
001996;2
001997;3
001998;4
001999;4
002000;3
002001;3
002002;3
002003;3
002004;3
002005;2
002006;2
002007;3
002008;2
002009;3
002010;4
002011;3
002012;2
002013;2
002014;3
002015;2
002016;3
002017;4
002018;2
002019;4
002020;2
002021;3
002022;2
002023;4
002024;3
002025;3
002026;2
002027;3
002028;3
002029;3
002030;2
002031;3
002032;3
002033;2
002034;2
002035;2
002036;2
002037;3
002038;4
002039;2
002040;2
002041;4
002042;2
002043;4
002044;2
002045;2
002046;2
002047;2
002048;3
002049;2
002050;3
002051;3
002052;2
002053;2
002054;3
002055;3
002056;2
002057;3
002058;2
002059;2
002060;2
002061;4
002062;3
002063;4
002064;3
002065;2
002066;3
002067;3
002068;4
002069;3
002070;2
002071;3
002072;3
002073;2
002074;2
002075;2
002076;3
002077;3
002078;2
002079;3
002080;3
002081;3
002082;2
002083;4
002084;2
002085;2
002086;1
002087;3
002088;1
002089;3
002090;2
002091;3
002092;3
002093;3
002094;3
002095;3
002096;2
002097;2
002098;2
002099;4
002100;2
002101;3
002102;3
002103;4
002104;2
002105;3
002106;2
002107;3
002108;3
002109;4
002110;2
002111;2
002112;2
002113;3
002114;2
002115;3
002116;3
002117;2
002118;3
002119;4
002120;4
002121;3
002122;3
002123;3
002124;2
002125;2
002126;1
002127;3
002128;2
002129;2
002130;3
002131;3
002132;2
002133;3
002134;1
002135;3
002136;3
002137;1
002138;2
002139;2
002140;3
002141;4
002142;2
002143;2
002144;2
002145;4
002146;3
002147;3
002148;2
002149;4
002150;2
002151;2
002152;3
002153;3
002154;2
002155;4
002156;2
002157;2
002158;4
002159;3
002160;3
002161;3
002162;4
002163;3
002164;2
002165;4
002166;3
002167;4
002168;3
002169;2
002170;2
002171;3
002172;3
002173;3
002174;2
002175;2
002176;3
002177;3
002178;3
002179;2
002180;4
002181;4
002182;2
002183;3
002184;3
002185;3
002186;3
002187;2
002188;2
002189;1
002190;3
002191;2
002192;2
002193;3
002194;3
002195;2
002196;2
002197;3
002198;3
002199;3
002200;4
002201;3
002202;2
002203;3
002204;4
002205;3
002206;4
002207;3
002208;3
002209;2
002210;3
002211;2
002212;2
002213;3
002214;3
002215;2
002216;2
002217;3
002218;3
002219;2
002220;3
002221;3
002222;3
002223;3
002224;3
002225;2
002226;4
002227;4
002228;2
002229;4
002230;3
002231;3
002232;3
002233;3
002234;3
002235;2
002236;2
002237;2
002238;4
002239;3
002240;2
002241;4
002242;3
002243;3
002244;2
002245;3
002246;3
002247;3
002248;4
002249;3
002250;3
002251;2
002252;2
002253;2
002254;3
002255;2
002256;4
002257;2
002258;4
002259;3
002260;2
002261;3
002262;2
002263;2
002264;2
002265;3
002266;3
002267;3
002268;2
002269;4
002270;2
002271;3
002272;3
002273;3
002274;2
002275;4
002276;2
002277;2
002278;4
002279;3
002280;3
002281;2
002282;2
002283;3
002284;2
002285;3
002286;3
002287;4
002288;3
002289;4
002290;3
002291;2
002292;2
002293;3
002294;2
002295;2
002296;2
002297;2
002298;2
002299;2
002300;2
002301;3
002302;2
002303;3
002304;4
002305;2
002306;3
002307;3
002308;2
002309;3
002310;2
002311;3
002312;3
002313;2
002314;3
002315;3
002316;3
002317;2
002318;3
002319;3
002320;3
002321;2
002322;2
002323;3
002324;4
002325;4
002326;2
002327;3
002328;2
002329;3
002330;2
002331;2
002332;4
002333;3
002334;2
002335;3
002336;3
002337;3
002338;3
002339;3
002340;3
002341;2
002342;3
002343;3
002344;3
002345;2
002346;3
002347;3
002348;2
002349;2
002350;2
002351;3
002352;2
002353;2
002354;3
002355;3
002356;3
002357;2
002358;2
002359;3
002360;4
002361;2
002362;3
002363;3
002364;3
002365;2
002366;2
002367;2
002368;2
002369;1
002370;2
002371;3
002372;3
002373;3
002374;2
002375;3
002376;3
002377;3
002378;4
002379;3
002380;4
002381;3
002382;3
002383;2
002384;2
002385;2
002386;2
002387;3
002388;2
002389;2
002390;4
002391;2
002392;4
002393;3
002394;3
002395;3
002396;4
002397;3
002398;3
002399;3
002400;3
002401;4
002402;2
002403;4
002404;3
002405;2
002406;4
002407;3
002408;4
002409;4
002410;2
002411;3
002412;3
002413;3
002414;2
002415;4
002416;2
002417;3
002418;3
002419;3
002420;3
002421;2
002422;3
002423;4
002424;3
002425;3
002426;2
002427;2
002428;3
002429;3
002430;4
002431;2
002432;2
002433;2
002434;3
002435;
002436;3
002437;2
002438;2
002439;3
002440;3
002441;4
002442;2
002443;3
002444;3
002445;2
002446;3
002447;2
002448;3
002449;4
002450;3
002451;2
002452;3
002453;3
002454;3
002455;3
002456;2
002457;2
002458;3
002459;3
002460;2
002461;2
002462;4
002463;2
002464;2
002465;3
002466;2
002467;3
002468;3
002469;2
002470;3
002471;3
002472;2
002473;3
002474;3
002475;2
002476;4
002477;3
002478;4
002479;2
002480;4
002481;4
002482;2
002483;2
002484;2
002485;2
002486;2
002487;3
002488;2
002489;3
002490;2
002491;2
002492;3
002493;2
002494;2
002495;3
002496;3
002497;2
002498;3
002499;2
002500;4
002501;2
002502;2
002503;3
002504;3
002505;4
002506;3
002507;3
002508;2
002509;4
002510;4
