image_id,level
1478900498926314073_jpg.rf.6932ed003ae422ed6e1bf2016c424e57,2
1478896619299788031_jpg.rf.698ead953c3c66ecd8c7d697ec0e84b9,2
1478896013731173106_jpg.rf.69cf778840af199756cf671d8e5bba9f,2
1478899391195682559_jpg.rf.6OejhVEVMcJJueDwE3kb,3
1478895848057481363_jpg.rf.6Q6bvrl3ACM0lX2X8tNk,2
1478898067516697661_jpg.rf.6Uzlo7smVeaZAai3PZSE,3
1478897333981875918_jpg.rf.6XDeEJyuhKNXqckQ57If,3
1478899092410794829_jpg.rf.6a171859cea46e3ee1d666e8b2e3f0d3,2
1478897654476309263_jpg.rf.6a894615192c6de1eab5ddde763227c7,3
1478896676998005018_jpg.rf.6a9b65ca8dcd7b852c4b7ea2b9df1e8a,2
1478897798439655538_jpg.rf.6aeMTmN53p8UeAY848Iw,2
1478896886089801683_jpg.rf.6b0290c53ce9b0102d4eb0894a279238,3
1478898157209344074_jpg.rf.6b290c2516cf5ae2bad5c6ccbe52fa83,3
1478901375284787346_jpg.rf.6b86b369cd662506526600997a0e6deb,2
1478897214010675973_jpg.rf.6c040d7254b213344c9a3673f22ec1a6,2
1478898533689484081_jpg.rf.6c2b86ee32100513db2a50f75fe82b4d,2
1478896572451662836_jpg.rf.6ca76b2bc21ec05ac9e76c74cc9bb56b,2
1478900155009368804_jpg.rf.6cadd66e0aac85684de2404fac854f46,2
1478895710947352874_jpg.rf.6e240a14acda7fb4a00a2b2e9af69873,2
1478021640075640335_jpg.rf.6e3a07127787b4893bec84a31bbcee41,3
1478895665243640451_jpg.rf.6ee1d28fcca4e22ede7b875d3a2d7e62,2
1478896629581009583_jpg.rf.6f65659eccfb0edb41c738e6cfff5ccd,3
1478900520635110360_jpg.rf.6fecc2b1045d3a731adad2997fb4fad1,3
1478899200384539605_jpg.rf.6hNlhwp6hYK7OzjaDPvg,3
1478900028184036514_jpg.rf.6o1I8ChvqSnbk5UOE5ZQ,2
1478900442940525769_jpg.rf.6qBsy0QR7iHbeswH5Vss,2
1478021048222419945_jpg.rf.70151f1ae5ffe7ac49a3e3c8c0c66af5,2
1478899226664149627_jpg.rf.70324b50ceadefc4826ecf6a10a14209,3
1478896110279361300_jpg.rf.709a5a01d91ae1ce303fecc898e7df36,2
1478896475332800946_jpg.rf.71462693a848cbe18a8b44d5d43c24cb,2
1478896150270283958_jpg.rf.71512520bdaf51292c766ac55f9c2c29,3
1478021605076229291_jpg.rf.715XGOFUxcDKp7wLxGRk,2
1478896309088160290_jpg.rf.71a673a094c5ff09a0f34ddda14f1dfe,2
1478897371686533275_jpg.rf.71d58157d6afa8be5cd3cd6732140742,3
1478896113134441994_jpg.rf.71e25fae5093fb69dab2fb714f042462,2
1478899681981781425_jpg.rf.72b8f31df61087ad59dceb9879119fba,3
1478900610898896137_jpg.rf.72c78c549508070e1e99f21fde57447e,3
1478019972685986697_jpg.rf.72d47d0647bb6622126b088d8d505b27,3
1478732898450848112_jpg.rf.72ncJr5YVbpsR4veDXNn,3
1478020428195892844_jpg.rf.731caf2a27dd8aa1abec4899afda0fbb,3
1478897310558481079_jpg.rf.7338a726cb2537eadd22dd3556b6c3b8,3
1478897067188263043_jpg.rf.734feaeb763031d466aa3a973b13ff27,3
1478021150725248311_jpg.rf.73eb822395efc909af25ad32adada7a1,2
1478901047935633962_jpg.rf.7410087d31bb8a3f6dc164f956bf533f,2
1478895888046620962_jpg.rf.749e2e46f929fa11f9a44b0e7f1d7941,2
1478896718131463627_jpg.rf.77e1c2271f4f508d7f8d45467d4ca1b8,2
1478901269596434923_jpg.rf.781cf70966ad1d6cf908c1d4354b81ee,2
1478900867979704546_jpg.rf.7982bff365f26ef54d18957cf7e8129c,2
1478895778360427866_jpg.rf.7F3Wur6RbREMGnyB6lvd,3
1478899260370753670_jpg.rf.7Fti70UejIDzlpgbLCpd,2
1478899164393964065_jpg.rf.7HvVRfizvxL426p5GQWZ,2
1478732259589814879_jpg.rf.7QOpZixld0ZipxVwCQAG,3
1478901082213273996_jpg.rf.7Ro5PAxaLgs2Ujp7sf8W,2
1478898037809916488_jpg.rf.7Sc6YBPjewzkU0ZTg7kN,3
1478020421204833659_jpg.rf.7b34e9f31ae174d63d040610d51f8391,3
1478732520526019193_jpg.rf.7b3c95dd4c133d5068cb7f433b7bad47,3
1478901086212384912_jpg.rf.7b4555d7461e16f8a29d8c3e0d3cb429,2
1478897978967827296_jpg.rf.7b7a85c260ffcc4116eddb0d96ff5cbe,2
1478020871720344859_jpg.rf.7b7bd6370b0c55bb6b70b74f29b0d3f3,3
1478899601429844938_jpg.rf.7be18ec8f7ec40900744a06da5843421,2
1478898320598729971_jpg.rf.7c20b39f37cc6d6da1c139479ba97aa8,3
1478900565196607613_jpg.rf.7c82956ced78f34ea97cdcf865560d9a,3
1478021880588764226_jpg.rf.7d03b2dcb9b7cf01561a66e7cd58f6e7,3
1478901447838338922_jpg.rf.7d81dce418dfa1cb83705ae18d36c55c,3
1478898007532111794_jpg.rf.7de8dd30652506c2adb089b839351481,2
1478732081810707370_jpg.rf.7eOyi2L1VrcKfryRBm4K,3
1478898504554856558_jpg.rf.7eadac73d9a52ca89b5405f96cc12c57,3
1478898307458529879_jpg.rf.7eb7e250991addd41565fb063676cc37,3
1478897600201778044_jpg.rf.7f8e291cfbce36e4d668050a38943b29,3
1478896800968097632_jpg.rf.7ff851dcf24be205c228f473905c3832,2
1478900240131923098_jpg.rf.7hsydiMg1zBmidG8ZlX4,2
1478732136864260385_jpg.rf.7xtMU52c7cCMUn81H0DU,3
1478020204688929584_jpg.rf.80563ed6d4993b83b4e1a1ac53d040e2,2
1478732915082675157_jpg.rf.806mQl0N1LNsPjudXMj3,3
1478897227149252462_jpg.rf.80zaTmhmNEsdxTrrsmiQ,3
1478900475503121817_jpg.rf.811b8ec657d9a929be0a0b11f9bd47da,3
1478900432086245535_jpg.rf.814txi8MmtxUw93MyU0Q,2
1478895385312334328_jpg.rf.823bac9d58c38f12b2daacfe8cd04483,3
1478899811093738800_jpg.rf.827be49e99277d949bb3440e1ac0147c,2
1478895792641841501_jpg.rf.828e2784909367090663d1f6c5cc36aa,2
1478899773959706606_jpg.rf.82a398acae1947ed008a0f2f4d97ff48,3
1478020898717725646_jpg.rf.82ca947edcb5207a1b2d26eb5fcccb8b,2
1478898346877359644_jpg.rf.83xUnb5HwsksoqvLBRtb,3
1478895904042996627_jpg.rf.840ee1a4f96b1f9c73b29139d25571e3,2
1478896318800211567_jpg.rf.84115c7088db42b567bb350484063b69,2
1478732984473016841_jpg.rf.846f70ba60d1a949704126ba4ab6edc0,3
1478899990480141700_jpg.rf.84tdFhReZBgzJJNATvIo,3
1478020396702604628_jpg.rf.855ee15034e96b68b19ca15da64c27fd,2
1478898515408131534_jpg.rf.85e4f36539c4589a265f2f2f74607b49,3
1478899577436217438_jpg.rf.85oVGVMNKJZjQNm84pGo,3
1478895645248885772_jpg.rf.86ob9rhjLOflCU3Cat3r,2
1478900716018174146_jpg.rf.8728fd7f5e155fbc6210d0f32c850708,2
1478732522247831679_jpg.rf.878f5c8aa2c662477c894bad6d37f838,2
1478733009707432828_jpg.rf.87b1eb5cc600421ba7dc8dbed35cbefd,2
1478898564538901536_jpg.rf.87lbaIAyDwCCO7yDzvjm,3
1478899765390475360_jpg.rf.880175bb5310728188d48d5550bf7363,2
1478899813378683973_jpg.rf.893c1cf49c6d98f43d6ed42cd9d1a5f9,2
1478732021021511907_jpg.rf.894f6b3f9960366ab9d592451b7cc787,3
1478900509209697206_jpg.rf.899745090a312e63ac8fe286d47494b4,3
1478020373697628758_jpg.rf.89a9bfbd6056d8a94a6082470fac32cd,2
1478896923795922378_jpg.rf.8EjkEECE7C6e00oAmENZ,2
1478899446610489889_jpg.rf.8KmTZ4vJ4EoLeTJurVcJ,3
1478898950160416472_jpg.rf.8ZUV6ov2GLfYtqJSSzi3,2
1478895679526834320_jpg.rf.8a5b241d1fc423028cfa0d52d5ff3d0b,2
1478898681653754250_jpg.rf.8af4d129431d907337cefe333063eab5,2
1478898129217102581_jpg.rf.8b02ba89b599975f4be4653b5a6bf952,2
1478898035526017337_jpg.rf.8b378728e1a956a816826ea05e9c3f2f,2
1478732151201728969_jpg.rf.8b660e68e56c158f36427c35e15c4d76,3
1478895429300917373_jpg.rf.8b71291efc754a6c78bd1bcb5f64a0c8,2
1478900758292419057_jpg.rf.8bee84c56a45d4b5e3839c5e8b01d978,3
1478896674142732704_jpg.rf.8c16a7cb983b48659b6ed800cbedc7eb,3
1478896335937688353_jpg.rf.8c98454d6edf1e4c8637003f55db77b1,2
1478900941104402037_jpg.rf.8ca707db30c3eb54ee570800c2e64989,2
1478899370629588003_jpg.rf.8d435b1e03f9ffd4380d1d69887b178a,3
1478898713646463590_jpg.rf.8d8c33cf89f2a7d2b6f5242b78506533,3
1478896840387176181_jpg.rf.8e9b69894d746c66a9d09960ca3e92a6,3
1478021865088845201_jpg.rf.8ea6ee9dcca91565a03a2bc4d99a16b3,2
1478897743024249867_jpg.rf.8edc83fe762c2e6d8f5cfd493bfc2250,2
1478020302199703539_jpg.rf.8efe4eae1582ad20e7e8b215309dca2b,3
1478901500397733426_jpg.rf.8paEiNMOtSob2GakoCNI,2
1478732912214565066_jpg.rf.91662757d40ab519a1ddece63eb6af49,3
1478900012759125063_jpg.rf.927f26d590c22870f483b5d5e403b7d3,3
1478896839244926472_jpg.rf.92c11c707dc3a3228d04042d35d405b2,3
1478901428414540522_jpg.rf.92f5ce5cdfa50a773c9ea0e7193ff4dc,3
1478733016588962011_jpg.rf.93b41932d4f27bb243f602fcc4615f21,2
1478897208297969759_jpg.rf.93cbdfcdd92f31f1395aea981e210689,3
1478020248696734038_jpg.rf.960c3033b8864265995a87bcb3eb1ac0,3
1478901321012770628_jpg.rf.972c34e240c5d7ed6932607785b8239b,2
1478896610158206711_jpg.rf.974c32524f37de53715e8038b6a194e8,2
1478901313013996328_jpg.rf.97flR626wzdwHAen7zMl,3
1478897556784187970_jpg.rf.986eba6005217fce975911a154d3f090,2
1478895881762084769_jpg.rf.98a7878c56b6286848e9348e8dd018d9,2
1478020996222477050_jpg.rf.991a08738009d86d88d3fdabb0a964d6,3
1478896575879339112_jpg.rf.9SJdrRuNfsiQF4xTc2l5,2
1478900890260100592_jpg.rf.31b93362d18d9381f04e152e49ee0ab6,3
1478020373196452119_jpg.rf.3209257316f5e5558c3179ce8b9ca6d3,3
1478900519492655488_jpg.rf.322b23e06b15ad7792206b480b4285f7,3
1478732639810797604_jpg.rf.326a39b37aae0dcd05b860c7e3e2d2ae,3
1478897289420742767_jpg.rf.327228b292264e3ce5164e07cf0294d1,2
1478899088412570477_jpg.rf.339c4af1aea36febfc1dc0281491d1a7,2
1478899448325283761_jpg.rf.33KXoHAkW1q3XMO46pDD,3
1478895809780402601_jpg.rf.33NuCW0FfNTgPDVBSC1K,2
1478732718951036274_jpg.rf.33db798e8542dccb17da5ebb3eef0b3e,3
1478900958815046444_jpg.rf.33f8f89707689e58f72fdaf0adde1173,3
1478896282807728065_jpg.rf.346e24d6c4afeb81e1c30f8cbf3b5db7,2
1478896578735499714_jpg.rf.34b96b0b7177aaa87881ef52ab523f70,3
1478895486429991544_jpg.rf.34f47836e766c04aee1ede606f4a6907,2
1478019965181415731_jpg.rf.35b1f0886e7e55c02d7131a0ae7d0372,2
1478900008188780746_jpg.rf.35ddf11d41a8565cd2da0e0f554ef702,2
1478899377484246469_jpg.rf.360f187991f72e5905e5813814b8ebb7,3
1478897092896791886_jpg.rf.3641f18bea4b045b078ce701f75476d9,3
1478732274501133519_jpg.rf.36b1e47a2146c4d3a6876b87c5f9c3e4,3
1478901065645999179_jpg.rf.3837dc1e5e4c2c4bb6f5bd134caf68a1,3
1478731957364188751_jpg.rf.390527ddbfd58cde7a71b41da7ba5668,2
1478896498755410899_jpg.rf.391a33a9026723449cab647a0372e2f0,2
1478732603680530662_jpg.rf.392b6b80efdd2194b846649d66582b63,3
1478732107043922064_jpg.rf.39401f59e04ddc13d3d0a80a18bdfcf2,2
1478901363859179283_jpg.rf.3FjombhvlrNXSrQ7yOIt,3
1478899649418085174_jpg.rf.3JLfe43Q7UmOkgFH2r8d,3
1478732185037696304_jpg.rf.3ULZFCx5JRVt2ScjTTcv,3
1478020440704181577_jpg.rf.3a8fe3d652e508fe48f07417ba53e7e8,3
1478898393724224573_jpg.rf.3b8f88825e05bafb3a58413955dc12cb,3
1478895933178975919_jpg.rf.3b92db4cd5d5b6624ab1863f0c2ff2a6,3
1478732309484010075_jpg.rf.3be8a17d3504c8a1172d6fbb20bb5923,2
1478900656602490574_jpg.rf.3c8f0d621e96dca8af38d41adbcb465e,2
1478896497041306002_jpg.rf.3c99608967b0e40a09a7c4f95b4ff780,3
1478899913354202824_jpg.rf.3cf18ac9b7d7d1e253f1fadca3a67ce9,3
1478020227191969599_jpg.rf.3e32e7085bc9a03e9bb7d221299cc4f1,3
1478021671578007384_jpg.rf.3eac94124de11aa17bbe4f26070461ba,2
1478900878833853454_jpg.rf.3ee6131e2a2155ce01b665abcb80bf44,2
1478732412137259887_jpg.rf.3fa6d060ea8c024995c391efb24bd428,3
1478732245253206060_jpg.rf.3h2E6X4IJWPkFbTO1z6f,3
1478899468321114595_jpg.rf.3o0qx9ZEz5oEFUFWm4Za,3
1478896845528564977_jpg.rf.3qahpxPxia0eK5qtoNht,3
1478900995948754812_jpg.rf.3vzTCmDuf8pvv27ewcHW,3
1478897188873397947_jpg.rf.4006e0507c5ac6ca8ee83fdb48774d0f,3
1478020533699260216_jpg.rf.4084cbc271ae230f4110a2f22bc31652,2
1478732408696113890_jpg.rf.41Ze9A2EqNKo2qUmVTvF,3
1478900764005440678_jpg.rf.41c39b5bb7746516de4491b9791709fc,3
1478021591075065430_jpg.rf.41cXQQODfprjnNybiqh1,2
1478897064903800963_jpg.rf.42QMohhrFqVz4sVjATc3,2
1478897601915597980_jpg.rf.42c8084839b8e90c799500280a38efbc,3
1478895701806001301_jpg.rf.43f2716bebde385ee2039e9790ba6f3b,2
1478020528700390619_jpg.rf.43f2a2da250864e83a3c1284f14f9933,2
1478895298476777681_jpg.rf.446ac8f980879292cf0aae8ab063f3fa,2
1478899479175083053_jpg.rf.451FqfLCqzmrwn8nHCuB,3
1478897367687645921_jpg.rf.45269c402a8c5dcecd86a48e5bc8a594,2
1478896385640010675_jpg.rf.464334556410384831b7b2503b88666d,2
1478732064032457625_jpg.rf.46de951a4063bb86a4b7e0d90b7fa3e7,3
1478901013087481505_jpg.rf.4788ceda765ef36a3dc22bbd443b41c8,2
1478898706790120384_jpg.rf.47cfQ5iGFFApyb8ijxE0,2
1478900321826576438_jpg.rf.4823ff24c54d41e69cb859820ee9197b,3
1478896011445428416_jpg.rf.48407474cff39027a812c6e37ef5527a,2
1478896337651622128_jpg.rf.4893bdfe27974e27600884146af87295,2
1478901453552129760_jpg.rf.48a77dd982a075fbd26c01e6346c3178,2
1478900325253907214_jpg.rf.48b941715aaf2d8af0a31ba36279d9b4,2
1478896002876713384_jpg.rf.492c75256631fce14ae817cd4b1367c4,2
1478901387853774491_jpg.rf.4C5NsgpO8qb3ZCznVovr,2
1478020957213483967_jpg.rf.4a0caa965d3e20ebe9050bb75a0da0c5,3
1478899132973374535_jpg.rf.4a301c5f749eb3570e4e1be4d785dd81,3
1478900337251045519_jpg.rf.4b6e2e3d60e265c8935cc2ec9715b400,2
1478899792240369124_jpg.rf.4b9deea8fb64b745cb6445e17adce6ce,3
1478900384096948585_jpg.rf.4bMJtpm4cVNAhBX06Zdd,3
1478896425060534742_jpg.rf.4ca52550edadba5a4b0ef7d87db3f63e,2
1478898862181733623_jpg.rf.4d0e0b82f68f89910a9dc2ac76b3e27e,2
1478899598002368652_jpg.rf.4d3669c13642d07d2a257baa8211498f,3
1478901322726324455_jpg.rf.4e0cae76188c2b56115b97df061bf41c,3
1478898409148138999_jpg.rf.4f415415732d80e0a6f1ab3d8b5bb7b1,3
1478896081142483657_jpg.rf.4f66332ae7c9e407207f316e67278c37,2
1478899430614449676_jpg.rf.4gjSQjUoSJq6uCKuOuPl,3
1478019971185917857_jpg.rf.4hk585ZS5Zm4kBTIKiqm,3
1478900251557596153_jpg.rf.4rCw9wt6cj8ZeKpn4ySt,2
1478898410291553524_jpg.rf.4xw6NbFZE5XjKJQ75BpM,2
1478898377155913601_jpg.rf.50c35a279ab602600f1d683a2c798b54,3
1478732971857193116_jpg.rf.51f562972e6bd6460ab4ff2df1f0ea7e,3
1478898509123877989_jpg.rf.52c952495957a7a75cee808eca34b15c,2
1478020567200885022_jpg.rf.5317d337fc234a513ad47317ae2d4c63,3
1478895762363105566_jpg.rf.546f6729081fded412b823a91360b4a2,2
1478020568201336094_jpg.rf.56c7492b6f7b8442e741d6dc3fe7718a,2
1478019960189614397_jpg.rf.579057110e268d1b10eb39053a31c988,2
1478900568624260655_jpg.rf.57a3fd12f7d5fd7a34d8da3efeb6c7c8,2
1478895922895663146_jpg.rf.57aa66fb038135c83623bd8377250dde,2
1478732279664508657_jpg.rf.5849d7b4eb821fc4c18bbec78c380dc2,3
1478896265671324014_jpg.rf.58b3e176b8b4c417529f4d4ccf614307,2
1478020969721239210_jpg.rf.58cbcfae534dfe3ac5f26a41e659cedb,3
1478732924831538099_jpg.rf.599a42553d0a24f6922af82442fae97a,2
1478896000590858940_jpg.rf.5IJ4wFtVojR3QDp83c6S,2
1478020401703242758_jpg.rf.5Is3oBssmxNwLLgWPEvD,2
1478896681570121251_jpg.rf.5Z1vYK4NZg9nhLKupjma,2
1478900939390897498_jpg.rf.5a55de85fee1683b645b730afb37819d,2
1478731994641822838_jpg.rf.5a8f2a828aed7b2d5f3d8556b62cfbda,3
1478900842271436167_jpg.rf.5ae3049224a24ff402c78b02cf8f914a,3
1478899633423059848_jpg.rf.5aee8bbeedde1322a0e6f291c6a43ea3,3
1478900390381197712_jpg.rf.5bb164132a9eff546bcde5d8df0632d1,3
1478898990721312950_jpg.rf.5be4c5fe2041551822418f077e4aa4c7,3
1478900402378690293_jpg.rf.5bv0JbXuk1DNU8CIi8Oz,2
1478732439091567989_jpg.rf.5d62ab943babf3208875ed9009610f4e,3
1478020363197149061_jpg.rf.5d668ed19474498fae6e958fa8b5c536,3
1478895427016328681_jpg.rf.5dd684ef54fc2b95f89a52bdd753e71a,2
1478901029654610355_jpg.rf.5du8RzqNzOT4qIh53EMi,2
1478899248373862424_jpg.rf.5e0100ed4a12ed0e735c0c6e81b5f1e5,3
1478732829060372917_jpg.rf.5e1bd84c3857226e54624eff60418505,2
1478896362790308436_jpg.rf.5f1ac6a7b8c7e744137eb13bf8d6e3a0,2
1478898864466100734_jpg.rf.5f39da44ff364d816c211b0405b5cfdd,2
1478896182832145490_jpg.rf.5f6894cc0fd5e3ac60a7e793fc5815f8,2
1478898111506751023_jpg.rf.5f993572b8bd65216f45d685577c533d,2
1478020920720330012_jpg.rf.5fcfad1283d38be3059bf2dee568cee5,3
1478732344466247767_jpg.rf.5gRtad7xQh2GUDFGZW1L,3
1478898721644010865_jpg.rf.5hh7OtAKKy9MS3aZdAO9,2
1478897036911146051_jpg.rf.5lAYrpVr2RmY51oaJFTC,2
1478900128159537596_jpg.rf.5qM3DCcHypYljU6sQIPw,3
1478731953924019135_jpg.rf.5rIsMXVUI73YPkmKoWDV,3
1478896705562742467_jpg.rf.5zD60SsbnMldrlwAci5n,2
1478898034954120574_jpg.rf.60832c713e39718a602e3f307a255ff5,3
1478900404091955076_jpg.rf.60grRhDyRKbKqtIFWszW,2
1478896358789217093_jpg.rf.61af17f6364522abcc8b959379d40913,3
1478898573680063572_jpg.rf.61ca69fcea15a82e0ce8c19babba3039,3
1478899268368082963_jpg.rf.6280476305ca3b6b335a32a1394ac3b8,2
1478896193687129638_jpg.rf.631e17763f6c2cbd101592320d0e1bda,3
1478900428658233538_jpg.rf.6361bc0c2e499100a59b922965f5504a,3
1478020817717233906_jpg.rf.63Vvqaxs5Oy90KWF8ccU,2
1478732398373316992_jpg.rf.63YWTABXVW3bBMV1rnFW,3
1478732368552137249_jpg.rf.63a121339011064a09ea9f52ea860e3e,3
1478732627767004210_jpg.rf.647c60adb47d621a7309e7fffd8e64c5,3
1478896543316913058_jpg.rf.650ec5f474302d32f72dcbef75a02a72,2
1478901402135420676_jpg.rf.65d01566b1a93507da0e431bff194e3d,3
1478901208468352525_jpg.rf.65e6710a885ca1492b3b94713311fde3,3
1478732454575020673_jpg.rf.66bc91058896b3e029532b6753a86644,3
1478895349892294603_jpg.rf.66d869cda1ec834979a19c94800c5880,2
1478897928122474684_jpg.rf.66f235bf526927a25dba7241b01ef368,3
1478897488229097260_jpg.rf.670a8a88f8438c8afdbfd9fbd07ab2ff,2
1478899739110978566_jpg.rf.000557a8152941bf0b84a1d812efc095,3
1478020492705794594_jpg.rf.0277cf19d60704ca19dc301dd7efa34d,3
1478896640435852581_jpg.rf.02bc508b474eaf6804784927636c912a,2
1478897711604315713_jpg.rf.03658b2aee54395a04ac32d0b3c7cd77,3
1478896119990086579_jpg.rf.038768db528c48f28301d7afbc1a72a3,2
1478899027855621947_jpg.rf.03d2jS0idig3HdbZSJv3,3
1478899830517381138_jpg.rf.0418d794e34a65275e6f5dd3b9d791d9,2
1478900302402616881_jpg.rf.0433708b9b01922cb01c32d480b17ce5,2
1478899512879895127_jpg.rf.05c129c98a56038da6a952237c419b0e,3
1478897782443889262_jpg.rf.06ZnED6VvYsG1nu7AQSj,2
1478020638704374504_jpg.rf.073f89c8829641debb30768dc2bfe3e0,2
1478901181046582760_jpg.rf.074c9ce72bd421e239b1e249d9687047,3
1478020638204479503_jpg.rf.079f9d242999b0659e8673c805684ba6,2
1478898967869717262_jpg.rf.07ef20ea4d027ae305a2830fcec109bb,3
1478901420416118298_jpg.rf.08162c52c002e75bc5ac9c01f7c48f40,3
1478897742454467227_jpg.rf.0885ac13a9ce4db5e0bad8710188f106,2
1478732229769480357_jpg.rf.08abb77e47460fbb7ffb687b78c0367a,3
1478897808723406826_jpg.rf.08afe357a52f5ee81a85c7b17171aaad,2
1478898485701263624_jpg.rf.099cc7e3e724012fb8ab04f86104cbde,3
1478898073230499792_jpg.rf.09ea60991254adb7f8bb2641fd2f562c,2
1478732694864871539_jpg.rf.0IMbAlFMVIEqXmjDDmt2,2
1478898854754649822_jpg.rf.0Ln5nd3azOERb0z3i7rt,2
1478898646804541349_jpg.rf.0RHVnrBw2RAQyokLkzme,2
1478900283550490710_jpg.rf.0SxZIlq2HPU4fH0rA8E8,3
1478901318155593734_jpg.rf.0XTnsv5zOyf9sF1FHB5T,3
1478732155216100057_jpg.rf.0a1dac5d31a67ccca393778f0ed32458,3
1478899660272776154_jpg.rf.0a847193498bdf9af40fd945628b12d0,3
1478896418203615770_jpg.rf.0be75a1b974be47c0d522c3b44e89b02,2
1478896723272322315_jpg.rf.0bf6553ece552e18804307ef36ee753b,3
1478899584862874944_jpg.rf.0c21b621bdaef4b625d9ed037d07f78f,3
1478020368195941430_jpg.rf.0ca5ca1295748e20172b59a9c0a7593a,2
1478022266601628879_jpg.rf.0cff34a88aa3040261583193eace178e,3
1478897544215103784_jpg.rf.0dca8499a22c095bc0740cd7190af46d,2
1478896457622803393_jpg.rf.0dd9a6106c26c8f7b972597504cffa0e,2
1478898663944422463_jpg.rf.0e526246c2f69c0efb6434746af479cd,2
1478900431514896686_jpg.rf.0f089bae8279208aa6e60cd88d635335,2
1478900706304431057_jpg.rf.0gv6Ta9gUzVdbRgC0ZOu,3
1478900674883573300_jpg.rf.0kWUoQelSmsKA32sTBkQ,2
1478733014294755775_jpg.rf.0pUilAFbEVsoPgMeMvsn,3
1478020429202387927_jpg.rf.10e2664198bf24ba117dffeb4b3eab20,3
1478897004918343377_jpg.rf.118096cdc8278659941f1109ea417da6,3
1478898943304550007_jpg.rf.11d83fe4d9f05964bfecba462d98d38c,3
1478732252709208945_jpg.rf.1217a57c3dceb5e1d3e515363c918ed3,3
1478731896575183881_jpg.rf.12919367c70e408928038f637c2a11f6,3
1478021012221583930_jpg.rf.1291f35e0acaed1bc65efe905fece545,3
1478732657588560968_jpg.rf.13032bd75475fec5fb81451131ffdfd2,3
1478896579307799998_jpg.rf.1326e299dd54904fbf3d663dc38f995d,3
1478732681674104794_jpg.rf.13b05f19c298ed22c28807b5706fab02,3
1478732449414245313_jpg.rf.13bcd02a7d010175983cf41b3a8f4d47,2
1478900881119904938_jpg.rf.13fc475539eda55db2c6b0d2d9220213,3
1478897953259745830_jpg.rf.13vICLBhjLjLsgscEerL,3
1478895459007778416_jpg.rf.145322c45652189aef89c3aecb40b56d,2
1478900910256548477_jpg.rf.14c212053f2e96aac30b77a1f3fa355d,3
1478732505616606889_jpg.rf.153addf66c04a78bd145d4570c60b441,3
1478899487172213076_jpg.rf.15c92781bb7498c44eb87d678b8aa075,3
1478896617584221570_jpg.rf.168bb637026a3c86da6b6d98bc2772ca,2
1478899923066673396_jpg.rf.16UKokjjlgEg9qGeuWst,3
1478898473133159551_jpg.rf.17af2b3277c60d7961028b2cab026afc,2
1478895522992796837_jpg.rf.17931d867412bf63e7bde90e4d9bdc27,2
1478020890713267120_jpg.rf.18bf7e4bac347c31bbf65812b92fc7ce,3
1478897195728930939_jpg.rf.1952532ded79a37f22446c28fdd51d45,3
1478898745066953218_jpg.rf.196a876bc6963b355b71f4e96c1e7d86,2
1478731961952427400_jpg.rf.1CSFGqRl49AeHoTwJfNh,3
1478897156880988821_jpg.rf.1DzkI9Fu2tGQHnBzX9cY,3
1478020388195867941_jpg.rf.1EEPzu9WiaLc3CCZQPbP,2
1478901435841308307_jpg.rf.1JvwQDWNx3LNYvgFK2Yo,2
1478899352348558379_jpg.rf.1KCxrxubvegfhd6HWsyM,2
1478898523406128270_jpg.rf.1NPC2xlnbWKmkzulmbGk,2
1478896866094505259_jpg.rf.1NX83GrR0B84acHMglka,2
1478898562824989970_jpg.rf.1a5b22881b8cd6da2f92394018634f6d,3
1478897315699916304_jpg.rf.1a7d857e7ea8fe75240ea4896b1dbf39,3
1478900711446592792_jpg.rf.1a9494d681bc9d3e426e80b693c709ac,2
1478731918942286329_jpg.rf.1c6YTSWucKSthXSDWUBW,3
1478901153624135295_jpg.rf.1cdb25dde98e16d0fb4140e7da614478,2
1478900132729730232_jpg.rf.1d23f107f35f40368923dd5b6ae55a58,3
1478899319784869091_jpg.rf.1d273ae1d038bab74b115ca572ec48a5,3
1478899645419697964_jpg.rf.1df0cfdf55eb3852181a0bf277636a40,3
1478898278323582999_jpg.rf.1dfaf0fcef82b9d3d8ac53cc44b779e4,3
1478732615151989237_jpg.rf.1ec8ff4ecb41cc2f6dcf383e823c42e1,2
1478898276609759338_jpg.rf.1fc8557da1add673f239dacdd7721f6b,3
1478021931086484359_jpg.rf.1giK92gDJgkS0TOcUClO,3
1478899668842162540_jpg.rf.1lspdTDdV9bBwuLyIk7H,2
1478901189615486086_jpg.rf.1mtd587N0VvABcwfrvYV,2
1478898381727173964_jpg.rf.1pd3sezyXVXjhJqDbeL7,2
1478021043723747586_jpg.rf.1yrbEQavGwwmGQijaWJB,2
1478899388910656527_jpg.rf.2006b05c18e1224566ecb4f0da11515f,3
1478732728699901613_jpg.rf.20f50cf899d5658b16e7e29cdcf851b9,3
1478732442531982649_jpg.rf.226b97e207aadd8dc324cfcdef28529e,3
1478897839001463453_jpg.rf.2294d51f8b78deedb49fee4aeaa925ef,2
1478896915226675141_jpg.rf.22e346f8ab2a56ec3fb06c8c201eb75f,2
1478896286235655345_jpg.rf.22ffa3e6bdca21034cfcb5dff31e035b,2
1478900371530022451_jpg.rf.2455782edde996dfb0d7600847b418c9,2
1478895999448907471_jpg.rf.2489b74952cda6ef3d3cc5eb700a10e3,2
1478020964220155662_jpg.rf.25eb0b7468ed1d4c89aeca4d886c2651,3
1478901238746317783_jpg.rf.26f96aaea619f45361329d09ae01faed,2
1478732747624587202_jpg.rf.26ffeb7b68a86e91c3124c12fcbb1879,2
1478901331295787708_jpg.rf.2731631d5cecdcfa4a946172aa58c57c,3
1478895430444023894_jpg.rf.27fba1d796fe4e85305a66248575e886,2
1478899705976206937_jpg.rf.284332ef4a61eb6adeceae7bf4c15eb4,3
1478897318555740612_jpg.rf.2965a15726de82ba3c7c26ffc442b62d,2
1478899767104846803_jpg.rf.2NEWIUFw2aa0r7IMntXS,2
1478895742367616980_jpg.rf.2ZONlgGgT4vhtu1g6wMW,2
1478020253199038932_jpg.rf.2a2827a670e7eed858c54357807eb75f,3
1478897063189733215_jpg.rf.2a3c3f67b84d7de49a2736b65b3c25d2,2
1478895624111226658_jpg.rf.2b06e7abde5ea076bc1519adbf70a106,2
1478899182675302850_jpg.rf.2b23725f902021189874e6920aa5435d,2
1478900944532742209_jpg.rf.2b5b01bd971867a4f1f05b2e5e089f99,2
1478898615955013858_jpg.rf.2c193ac560eb3f1cd70e28c6c764de52,2
1478899753964342553_jpg.rf.2c1ea893295c956126bd524b2eca8cae,3
1478901362717565375_jpg.rf.2d68cdc191e46bd00afd1db7c095071b,3
1478897509366827169_jpg.rf.2d77cafe380c2b644d123dbc868f9e9d,2
1478900374956660325_jpg.rf.2e692a734ace0120f4ccd0f98dc56421,2
1478900717158904039_jpg.rf.2ellB7UJXgmOvyxaLnRP,3
1478897094610306624_jpg.rf.2f435e51cf49fbb9cd228ab553b25b0b,2
1478898258899007653_jpg.rf.2ffc68e02335d0ef97a18024f778a260,3
1478020365695548477_jpg.rf.2hDljrYfRi1amwZZ35s3,2
1478732211990876247_jpg.rf.2m8WNNb7H66zWorfWMNg,3
1478897258000018874_jpg.rf.2oBt5rSZ6Fq2q4BT6eVz,2
1478897112320945883_jpg.rf.308fd31caf98af35214a54810b4aabe4,3
1478900284692849557_jpg.rf.30e49e2866d8b499cf958ced85aaf213,2
1478897020914698809_jpg.rf.30a0f127ce59215629e32e2d054c0b49,2
1478021673083938572_jpg.rf.9a701f6d3341d896cdcf46dc6ff8c400,3
1478896501040489019_jpg.rf.9a11c3848d1bc253a543a8c787f3d22a,2
1478900207568496283_jpg.rf.9a56339c1de6163eeac2b812d457019b,2
1478732976444296363_jpg.rf.9a640295e7d6e05067856aef48099cb4,2
1478732291706164228_jpg.rf.9b56ea39910c6129c3d943c4b05ecf80,3
1478895366459691109_jpg.rf.9bb47eeded0d3c73a2aedb1b6c8556f0,2
1478898336024287364_jpg.rf.9ca7b9d531b3f0986275d7f5bb2f8f0d,3
1478897541358847082_jpg.rf.9cc76c9d78d853ad867af040b740eb3c,2
1478900378956619386_jpg.rf.9d392bdbc72d38cb88adc41fddfb9196,3
1478020846217344457_jpg.rf.9d4bb0eb3ffcc5b41e644687df0fb0b2,3
1478899450609270848_jpg.rf.9e2c809015a4b25963937e0b3dc94511,3
1478900518921025966_jpg.rf.9f69c97708b480492c08314466a2e09e,3
1478896546172890991_jpg.rf.9fvnOqPbMhZILeG3Gs0t,2
1478900727442050390_jpg.rf.9o7L0c8CEwDxjMlZnFeO,3
1478896197114857832_jpg.rf.9sCqGvNcZIon2rl4kcJi,2
1478020618703950920_jpg.rf.A1ioKn0LMycPhsitqQ5Y,2
1478899286078638903_jpg.rf.A7FDXRZCbDXIZj8aedCZ,3
1478898245759378619_jpg.rf.A84DJQlgglVvxdAhU7OC,3
1478020920720330012_jpg.rf.ATpTh7cLjpjKj3LJORk8,2
1478900482929938289_jpg.rf.AUueBI62ukuiYA6LIMdg,3
1478732604254551895_jpg.rf.AZkkPCPNcAeojZEQO30V,3
1478021027221661948_jpg.rf.AboFlCnzF76bqAXnf4my,3
1478020466197446152_jpg.rf.Adf7d58H9NAmWMQHod2i,3
1478896125131778538_jpg.rf.AdzEcMIVtjzULNU08v2z,2
1478732470059067069_jpg.rf.AgHUo828dWtCVvtmWDS7,3
1478900119018866401_jpg.rf.AjM3nI1BoHfLPudkCG6z,3
1478896977496259785_jpg.rf.Ajr8ppUPc1l6HHEaDxE4,2
1478900781144050122_jpg.rf.B0nYMY9dcFJO1h5eD2HZ,3
1478895551557117441_jpg.rf.BYqX9FdKbvBi8qm9Ns7L,2
1478897339122599918_jpg.rf.Bd2xGb2laFoIP55tBs2p,3
1478898431429394711_jpg.rf.BdzrfcQsywTbROvRnNkV,3
1478895965172387170_jpg.rf.BjjXoY90KTeZc08T6Uy6,2
1478900526347656809_jpg.rf.C2tYEz3MH5xhMpitOSQI,2
1478900210425733441_jpg.rf.CCKeaciVWltMZxUOhR6g,2
1478901249601122528_jpg.rf.CIjDyg7N6O9JdzebjyEe,2
1478021636075129447_jpg.rf.CLaeub3madSqjEOd7jiV,3
1478895463007277300_jpg.rf.CNFu61i43e8Yc47UQViP,4
1478897765875833591_jpg.rf.CVgWRBr5Z7TLhVGVEcpi,3
1478732386903714615_jpg.rf.CXoxOf2j1cd1JBWQKcPE,3
1478899689981076577_jpg.rf.CYxTpBoCE9Rhls5k0OmT,3
1478896633579966621_jpg.rf.Cf40JB2tJ5zwQ2QLvPfJ,2
1478732726980506603_jpg.rf.ChuFETYn4qCaaSmsfOC9,3
1478020324697956163_jpg.rf.CpBj1xSurWd089i4R9o7,3
1478899138685806486_jpg.rf.Cq99Z1Qr3NxdJdU6Jrmv,2
1478897849855324752_jpg.rf.CtvYE2Hr8cYnRTUSYMRr,3
1478020922218252031_jpg.rf.Cwj6yuVeZ9yDQBJLlqwh,2
1478899851083737755_jpg.rf.CyyngUt0pgmgwD4dpmpy,3
1478899656274065854_jpg.rf.DPl10GJvJ8OwiKPntZAK,3
1478898000105422598_jpg.rf.DRzWMQxl9JmlCtsEgFrI,3
1478897767018176618_jpg.rf.DgSRsRmGCFGkbfeyinkp,2
1478895465292727004_jpg.rf.E0CKqoLr6LWKxrVJQ7w3,4
1478899055848326392_jpg.rf.E2SraVXHBm9cSPtwMmgQ,2
1478899888788802015_jpg.rf.ECCVXAwuyTpz1jXgRnuC,3
1478732107043922064_jpg.rf.EJGlca6it3nFn6oxpJWA,2
1478020849211123010_jpg.rf.EXDXBpwSmPZINQdMDXrD,2
1478897357975543223_jpg.rf.Eb6N2rez9mQobUHUP10d,3
1478899652274617579_jpg.rf.EkmYChmcl2xWzvu4d84r,3
1478900412090625640_jpg.rf.F0J1YhrzO1vvfAGfo4A2,3
1478896098852829109_jpg.rf.F5wVNdEgJsKhcjd8VXRd,2
1478896310229379300_jpg.rf.F6r5BoigvkswDVbteg4l,2
1478900636035424930_jpg.rf.F7bL41cfD9LXzYW65YSD,3
1478900572622431423_jpg.rf.FCnOyc73QV2kYCBAC4cP,3
1478896358218853117_jpg.rf.FJ5wtKSclgSz54IY2lVH,3
1478732868630422111_jpg.rf.FYt4jy6jLLqvjSH2sbRE,3
1478898405721854391_jpg.rf.FdoIRd0CA8XayoComVUq,3
1478895287050334311_jpg.rf.FeZJNFB6jBzhzPrS75nQ,2
1478020267691755176_jpg.rf.FoRSLA170heiqWrM8rQu,3
1478901030797341212_jpg.rf.FtPrgr1QtJIJzdFXncoU,3
1478732052563352674_jpg.rf.Fz7Au3bEzli4zsUjBwaF,3
1478896878663271706_jpg.rf.GdsBTxKjoAWxE8QnHxx6,3
1478896322798847033_jpg.rf.GjdK3tL5HsMWzL5FPr26,2
1478896838101234852_jpg.rf.Gjnjhm4Si4zuW5im5LEl,3
1478895941176464529_jpg.rf.GpfJjlmnHFCP92RqNwMV,2
1478020212689685926_jpg.rf.H1BUU9alehlYzI3hKkyu,4
1478900260127513197_jpg.rf.H8HMnbkWj4GFw4vQrJI4,3
1478896531890086525_jpg.rf.HCZTqnh7UsQoHrehphrz,2
1478895840631463741_jpg.rf.HCj49clbQw2zhJNjtEk0,3
1478732345613817455_jpg.rf.HMyDvTXUYRFEi2Ku8Ytb,3
1478895365317075293_jpg.rf.HWY4hR8W3AxBI32sYzj1,2
1478732437372138273_jpg.rf.HvcdDUs5moa58XK8p3Tq,3
1478900127017079468_jpg.rf.I5BwcYb5p6E0lkfb3A6h,2
1478901256457621484_jpg.rf.IAVtWsaidmUTKivKzEhc,3
1478899081556261918_jpg.rf.ILOXTexQ8lj6PHp3dy28,3
1478021131727796823_jpg.rf.INN07Bg4kgrK1H9EuF76,2
1478898606243024492_jpg.rf.IT9KVdDepqDy8h4EnTZA,3
1478901114776112624_jpg.rf.IVD52TKPwo1oKFJVyJoX,2
1478897956687726972_jpg.rf.IX883qEYHrAfXDkoMEXe,3
1478901001090228344_jpg.rf.IgMjXrMKDvBpeSw8rBcO,3
1478732500454044026_jpg.rf.IlmyJMFVw42y87jE3hum,3
1478900909683720567_jpg.rf.J6BMRUZsxOnRmYlVCnjL,3
1478896077714772295_jpg.rf.JAXqRUnQAMw4MyTHbHna,2
1478899843656712695_jpg.rf.JGLzEGL5MaWhgdzfIDnR,2
1478899802524261466_jpg.rf.JHwmrsFmRPltPnSHQyjA,3
1478896781544400240_jpg.rf.JJUD9ga3va6OrjzzV8V9,3
1478021615075757233_jpg.rf.JPDO6KJ13eDqPKYYgfPr,3
1478896402778773690_jpg.rf.JPrnLvekvaMvIedufV5B,2
1478898080085307855_jpg.rf.JXr4eC7409wEG79ztu4w,2
1478900644606460983_jpg.rf.Jc5BraiBn5UCMKu3OqLJ,2
1478899127259653021_jpg.rf.JeZkO670tReUHdYG16tI,3
1478732553213852166_jpg.rf.JnX8lG15hAxetZsLtSRk,2
1478897191159276543_jpg.rf.K0HYSwhpKirfv2P9s941,3
1478896560454677689_jpg.rf.K2uJcrLx49oCPhglrLIt,2
1478896441055477254_jpg.rf.K6lTQwMpR6HjttOk906c,2
1478897367687645921_jpg.rf.KIEBhpYmHSwFryy4MOF9,3
1478896922080892337_jpg.rf.KjEpAyYcsqXxRq1poNdD,2
1478900004189035481_jpg.rf.Kseflb6oky94tGeoUuYl,3
1478896218252862575_jpg.rf.KtIwWEkvz39BqvQeMCOo,2
1478897437955763228_jpg.rf.KzA1VN9EALQnskaGE1iR,3
1478895698379181623_jpg.rf.L0YTLP5dfLcWYUcvkN8G,2
1478731986611916802_jpg.rf.LOVujrr9o2Ebzw6lD3Lf,3
1478732420740509194_jpg.rf.M6w4VOx1XDxW6msgcULw,3
1478897749880776819_jpg.rf.M8hdWvzJWcLqAku6TtiS,3
1478898357732083132_jpg.rf.MIGClkEWPNOjGYIrGrYU,3
1478021627576228430_jpg.rf.MIKDd7LmujaRfp0t0kXU,2
1478900760576981739_jpg.rf.MRkVT7kt1VBP6x4fmbZH,3
1478020609703211574_jpg.rf.MYBbdHYhI2TIlyRgQWXL,2
1478895718944941649_jpg.rf.MYiK51DjsFfD52BOJeHT,3
1478901109634771523_jpg.rf.N82IBoVJ1TkPZMPJBmKK,2
1478897471661752358_jpg.rf.NBTv2n6Lz2wmg2rmwtdd,3
1478898698794101853_jpg.rf.NEjQysnoxacz4fQtUBxu,2
1478897916697336376_jpg.rf.NJU6P53crmD9tWfjqarB,2
1478901048506803203_jpg.rf.NP2ZaI2KyBmudrgTGB8q,2
1478900761148085367_jpg.rf.NWog666hdlkEpAnO2NBt,3
1478895280766400496_jpg.rf.NkCLKdP9w5jqlXTzQGDR,3
1478896613013843428_jpg.rf.NoYaQUi79nwjrvXUYmFy,2
1478898162923185060_jpg.rf.Ns6rRCil7cf0fk1zNqlw,2
1478900569766510799_jpg.rf.Nu9zAx88gweCvkEahncz,3
1478897022628256388_jpg.rf.aI7a1UDwZyVCJBz7Z1nW,3
1478898373728560190_jpg.rf.aa12ca055d24be67bd802d9691cbc647,3
1478897539645116250_jpg.rf.aacc033d4c1882e94c8d198b374e9101,2
1478898803909458067_jpg.rf.ac4c348294f22b45d4c8720d92877368,2
1478731908045283440_jpg.rf.ae3fa49d453de815ccee52c89130200e,2
1478020624711790466_jpg.rf.ae9b50f6ffa3180698b3dbcb408a380c,2
1478020957714472646_jpg.rf.aedc9ea3fef60781ff5181a8f6bfc4f7,3
1478897691608161635_jpg.rf.af12888b574d09377208b5affdc33394,3
1478732328408601948_jpg.rf.afe9ac52e726fc2420a9e503cd60967d,3
1478895408164530088_jpg.rf.au57PWUu393asqiQilcn,2
1478899016429643875_jpg.rf.avgpMdg3zYrRIHbp6meD,3
1478895301904639376_jpg.rf.avvb4G0ecsaxgDYT7hfH,2
1478900526347656809_jpg.rf.b031648444afb2d0c34dbe47bb9a4127,3
1478901534674223493_jpg.rf.b0e9d0cd29a6f06bb0b19eb78affaee0,2
1478895778929909004_jpg.rf.b0pVtAcXg4UCvdz2oB9a,3
1478897475660256640_jpg.rf.b13c997cfd1e0256c66f73b50ac81eda,3
1478895925181268250_jpg.rf.b23ebb2f1ddc5d9c4ace0330733cc245,2
1478899599716417112_jpg.rf.b2900b5bef455ce7abfd76ba51f3768b,3
1478898475418184963_jpg.rf.b2b8fc84a16144e9d7bd3690ed47b8ba,2
1478021621076622324_jpg.rf.b3d5a2cdc91a1686ae63e4dd545e9631,3
1478899249515579950_jpg.rf.b3pePOsYrxjHNQLNEp0o,3
1478022266104338704_jpg.rf.b479be58d9ef18082cad27c09be900d4,3
1478895814922767450_jpg.rf.b49cb3e958363130b2aacc8a2f32c444,2
1478899126688630363_jpg.rf.b59f1e9076f759df02902ef297a04832,3
1478896962071859090_jpg.rf.b5XxSzFh9eCT79uctBA2,3
1478896490757180062_jpg.rf.b792dbbe82e1cc138137c3d2e6918d22,3
1478020623702639038_jpg.rf.b8f7c851a29ad26d843eae7863f9bf90,2
1478900961099991049_jpg.rf.b91161537a3f5306c02bd09bde386187,2
1478020493698279067_jpg.rf.b926ab195c1dc7d9d8b156b544f84a83,3
1478899859081598764_jpg.rf.b9f219a95f6e225c27c2f5bd696b9f6f,3
1478899519736351167_jpg.rf.bC3DEC15vB1n8Qz1NjmY,3
1478899793954433715_jpg.rf.bE2pjcmEV2K4ipr5R3qg,3
1478896786685362551_jpg.rf.bGm4Yi6VuAueDRU4b95S,3
1478898978724047477_jpg.rf.bJ7X8sUKECdTiFlEZqY8,3
1478732923684235247_jpg.rf.bVWU8JsPunnhVwZpZoWN,3
1478896205683820457_jpg.rf.bWwoKdU1D96gkBFQP4L6,3
1478899831090254896_jpg.rf.ba678cfb71359ed09a729a4a2f208080,2
1478732953505659042_jpg.rf.ba9d0928c17e81a71f8bcabb4e79d9c4,3
1478901231319683746_jpg.rf.bac6e77a65ecfe63455844a02dc9e706,2
1478901197042927594_jpg.rf.bb2dca5da6ff2a7bcb7f0dd5f6c9128f,2
1478895446439852577_jpg.rf.bc9f7737a81be3e76c0a96b959414a55,3
1478020504199000364_jpg.rf.bcaa550073ba4c0783c8b68176f32bc0,3
1478020854211549851_jpg.rf.bck99cDfzz0QLBUCIvS2,2
1478021593080174341_jpg.rf.bd7fad7b5b9c72e47b44e123c03dbbec,2
1478021624575854138_jpg.rf.bf389bfe17ca82d42fb918e73c06ff3a,3
1478898551399961461_jpg.rf.bf61de2b678f95822806cc41f47ae2d6,2
1478896499327742613_jpg.rf.bf673c643ff944416c7cbd1f63b5c30b,3
1478897269996540641_jpg.rf.bjZ7oUf54SYFhX3RwHs0,2
1478900092167541592_jpg.rf.br5pBF82qwzEM8xNO65c,2
1478896007446683675_jpg.rf.bv1sf01a51FH4sFOL3mo,3
1478901114205531698_jpg.rf.c0886b4014656b76771351ad4d7a3bfb,3
1478898959300867804_jpg.rf.c170f2e7917a729d8d3822cb2a6d904a,3
1478896826104512982_jpg.rf.c260273ccf5a9539b1cc9db941b6fe3d,3
1478901486114494116_jpg.rf.c2bd74dccc31bf49b945132f689e0d6a,2
1478900096740139168_jpg.rf.c2c61d45aee5d35e4caee0920e3b1166,3
1478732991354974197_jpg.rf.c3aa49ef74e283faae0c96b8902cc22d,3
1478900047036189731_jpg.rf.c4fa3eecc2307bcf95b3f369a0540191,3
1478898703362929687_jpg.rf.c4pIdO46j6OXzCbuUiWu,2
1478020592203006811_jpg.rf.c5019c7be253736b70ca92e156810ebf,2
1478020355695816598_jpg.rf.c54fda0c67555bb29e9398caf7ad5914,3
1478896165123353380_jpg.rf.c58N5SFOMfdCOdn9AaaM,2
1478898738782657012_jpg.rf.c698ec35367d40fe95a2301deccaed6e,2
1478898617668862761_jpg.rf.c6adae4f8c6599c9b59d0154b5384a89,2
1478731917220411449_jpg.rf.c77b6ab80c6ea230987cdfecbd156873,3
1478900356675111723_jpg.rf.c7b8a4768ccd905fe696f4e704a8270b,3
1478897505367806377_jpg.rf.c8313e2a68b584f033e8b73971f256f3,3
1478896994063749235_jpg.rf.c98b5c7c9811c6c5c1ce446f378ec150,2
1478896069145470588_jpg.rf.c9f39b85641d53d497da0469aaef0332,2
1478900506924007213_jpg.rf.cNqEj2jQnMKvWZYeKp3C,3
1478898557112982156_jpg.rf.cPLbA043KtbBTmLiiUXz,2
1478732142027543990_jpg.rf.cPuBKx9uJXBYn4zlsVJv,3
1478896893517025816_jpg.rf.ca307ac4d0ee169b83f45349b9906614,3
1478899794527232289_jpg.rf.caT8DUbg6dNmfuQm30T4,3
1478901493541637120_jpg.rf.cba4a076e8225b9d8ca271802528cd32,2
1478896086855463390_jpg.rf.cc062ebd3d7536282d63762371e4423a,2
1478896417061180047_jpg.rf.cc14ef0637a1d4075eb821a487e53a4c,2
1478901154195965213_jpg.rf.cc41b893fcd612d81304b7233a4dc000,2
1478899236947325268_jpg.rf.cc5239c69e71b4044db38bb1df2d4038,3
1478898922166376175_jpg.rf.cc99a24eeacb4a140508e3b9123cb0fa,2
1478897777873193102_jpg.rf.cccff8fb4ecf413a8b4c4f3b5450c6ef,2
1478899046707290405_jpg.rf.ccd61decfc90c49158224ce7ced5c14f,2
1478900490356826735_jpg.rf.ccd67bd3c98ecb7d14cd8fb694ed65fd,3
1478896183974555138_jpg.rf.cd263afcc468433c4ec8c211a420ad53,2
1478895297333600792_jpg.rf.cd9b616b2ccd4c725d5b05f29cd2ba5d,2
1478897647048062010_jpg.rf.cda301af6bff7407c5121083ca81b705,2
1478898449710260823_jpg.rf.cdedbf8e80ebf58400bb70a23a2def33,2
1478896783828701613_jpg.rf.cea6a4ac2e8ce04de0f276a8655062f1,3
1478732703466624753_jpg.rf.ceac87e8197547a1d678a0f97708c0b0,3
1478021143729873788_jpg.rf.cf04e59ccb762cad2dfd62f9bd123e3b,2
1478732241814467421_jpg.rf.cfa19ea4ee685822a9d2896c4f70fa24,3
1478897099751994434_jpg.rf.csp27oH00H9kgH2JLIcU,2
1478898862752109446_jpg.rf.d065d120cb57f48885712b22fe037120,3
1478896299946767443_jpg.rf.d0b31f0e5ad0cf0b299cfd8b55664c09,2
1478896694136815158_jpg.rf.d0c43b0ed91f9ffb14fc0d110de1bff8,2
1478899521451494531_jpg.rf.d211dc43a98b33cd4356f60374cc5492,3
1478900348106506701_jpg.rf.d24eed26c380f49c8066d97e7840e727,2
1478896021728568693_jpg.rf.d45d7f5bf148d3618d14d2d648f37c67,3
1478901307302144735_jpg.rf.d469af5049b18723fb6c6870833cbca5,3
1478732523967164936_jpg.rf.d60bdc5c33ef12b9d9b19fa86ab00813,3
1478897250573592276_jpg.rf.d61b5ab5167ad76fc3ff1ab254223611,2
1478900270981806446_jpg.rf.d62a3fcfaf10a2e309e86f359f5e53b7,2
1478899868794282173_jpg.rf.d64fbea5c4cb40e35239da02975961ba,3
1478898764490391561_jpg.rf.d6c671410f296c712c60a451b262a482,2
1478896261669991624_jpg.rf.d78176bb34731d0c8aa7b0c6de35a5bf,2
1478896835816595435_jpg.rf.d89079926160fb1e587428aa8eb8a951,2
1478897123746374625_jpg.rf.d8c3db6ccefe8ba1cd134dae57cbbe58,3
1478895802924501212_jpg.rf.d92d5a6297057a7e5984bf462c1c72fc,2
1478899708262195809_jpg.rf.dHGmaQzQArELeig4KUNa,2
1478732985047104511_jpg.rf.da4f058877de8c1684c114ee2ac55b8f,3
1478898918740290794_jpg.rf.O4KxtumHmHWYBHpHrGO3,3
1478898722214988025_jpg.rf.OA5NCf3H2TLA7FUzqQi5,2
1478732461456418669_jpg.rf.OAWGcx6tReTvJKDZPeaO,3
1478896881520293166_jpg.rf.OAr3xDWSRBisKBzA5fct,3
1478896994635106330_jpg.rf.OBe5o0uJAqpd5kdadeG8,3
1478895869765325111_jpg.rf.OFt0YGXMzgDVNmzlDKHJ,2
1478900609184956643_jpg.rf.OQ47m06Bkqms6OjRgZrd,2
1478900691451175198_jpg.rf.P44KWvmmMENcy52hM43q,2
1478732193065782885_jpg.rf.P8Fk0zmsYCoF6bBi6UFG,3
1478733014869371321_jpg.rf.PAGTPHCVx5PaBxVzrdqK,3
1478899080413567784_jpg.rf.PRVKCs3jRc2RUrYESlKQ,2
1478896498183833559_jpg.rf.PXdjM6fTV70XMPOmD8NH,3
1478896128559928006_jpg.rf.PcHSQDQds1UhVdXFABlU,2
1478897063189733215_jpg.rf.PxS446nmRC3e9uTJCYM9,2
1478897739025497743_jpg.rf.Pyp42UxCGVP72ZdobUJd,2
1478900192144177444_jpg.rf.Q7kflnUpdzBtKL1RzPsl,3
1478897682467874070_jpg.rf.Q9z2sU8hsKrfeJ7vZVxX,2
1478895812065147358_jpg.rf.QENUnXEON1BrVirdPfrS,2
1478900767433062451_jpg.rf.QF4xwAhwp89px9Ftezpn,3
1478900751436171517_jpg.rf.QP9T8vagaoWO12URumlr,3
1478899607143127459_jpg.rf.QYjRCi5LI1HNyuRUjmeE,3
1478019961680640592_jpg.rf.QdTm8KjQ6HYfMEiUIcP6,2
1478898115505394210_jpg.rf.QmlTqfpxRUyIYACgBlSa,2
1478732685688715601_jpg.rf.QtXU0nwnjx3KG8iXYLC4,3
1478900802852152823_jpg.rf.QxCpSuXkWmT9nDhm6Kmz,3
1478895295047904589_jpg.rf.R2ogLrnPVGfFm8XVbbT8,2
1478898137215242925_jpg.rf.R5wgDeQDp7Ybbe8y4z5Y,3
1478897699034991898_jpg.rf.RFCW9OPB6mfahSmPmdid,2
1478900955959346900_jpg.rf.RKEcyUmHmVcACnXcSGFv,3
1478899913925551084_jpg.rf.RUp66ZpaL6EalYSTK1Zq,3
1478895403593154591_jpg.rf.RnFX5E0NUdekoBaaND4U,2
1478898020671593179_jpg.rf.Ry4QdrK7X5bSTlOdV4Mn,3
1478731994067480311_jpg.rf.S8ru7o88hOTK5fEgKhq3,3
1478895257342993369_jpg.rf.SA2dfuYDeIx38j86a4v3,2
1478019970188563338_jpg.rf.SHN9Lmq5XFgPSDNJOE8G,3
1478021644075456605_jpg.rf.SQZOMP6Qp1Ps1RvZzuSq,3
1478898719930641225_jpg.rf.SSFd30Xfa1MBW576DrcA,3
1478895614970328265_jpg.rf.SVHct28D1Zd43taFha0L,3
1478732835368233931_jpg.rf.SmmpKLIY2ZNYVBzyCdoP,3
1478897587062412229_jpg.rf.SnNLHCTBAtQUO96omLRu,3
1478020413697924746_jpg.rf.St5zbuvv4cOQnhWA5diA,3
1478021004215660435_jpg.rf.Sy2yBc7kTiYsVZyHgFag,3
1478898352591543385_jpg.rf.TNazEjDwli20nLCf8fGs,3
1478020563206548823_jpg.rf.TSlrj79HCoxnYaOTNV6N,2
1478732987340896685_jpg.rf.TktgOTbzajaglvnVq86u,3
1478898567967026601_jpg.rf.Tp3bxhMCrSprK8VRLvAK,3
1478899669985644278_jpg.rf.TumYshYhbotWlfxrgPAO,3
1478897623053541967_jpg.rf.UaKxeVuEloVPWVYLC2Fi,3
1478895950889380764_jpg.rf.UgwI2iLOnW36geEfybjP,2
1478901155338102176_jpg.rf.UmG47H98V4CJ8CBA0Wk1,2
1478900347534383288_jpg.rf.Usg1FNcs23WrnSsYX4nN,2
1478732963254582789_jpg.rf.Uss8KeMTt984LczN0RmK,3
1478020922712829843_jpg.rf.V2aZXrdBNLhABDmDkdcm,3
1478895321898265292_jpg.rf.V4oATMhmvxWkJVaHyzBS,3
1478897679039693049_jpg.rf.V8FouxPkXZ6vYlNw0WZR,3
1478732267046209383_jpg.rf.VE7nPJ7COILXPpr19NVR,3
1478899535160098859_jpg.rf.VKvKu4BJ6Er5ZCWwmuin,2
1478898979867133501_jpg.rf.VM4q2JC6gbSYnrgBZhGF,3
1478898516551485489_jpg.rf.VOzdhIUarqjOwTQeqUV5,3
1478901145626152955_jpg.rf.VPUFniJLsNcn4Qs6ONL0,2
1478900229849550121_jpg.rf.VY48SwlaQpo8JDQrJwzn,2
1478732990782667737_jpg.rf.Vjwhr9aETNdTb6b7V6ED,3
1478899700834624228_jpg.rf.Vns7amvJBPaNu9yg4MG2,2
1478898623382043553_jpg.rf.VoGCoIBnQ04vSHOJnR69,3
1478897867565712186_jpg.rf.W4z5W9YAgTskozrp3ZDR,3
1478899075843447715_jpg.rf.WFuF1gBkRCCx6a2L2joB,2
1478020492199146290_jpg.rf.WJ4e0St33PGLPQpgV8vM,3
1478020807211209717_jpg.rf.WPakbTb8G81LB8mHI5mo,3
1478020447703728294_jpg.rf.WRK3nLTmO9D8TpqYl8If,3
1478895571552534397_jpg.rf.WXkweuef5TrRd37oygPo,2
1478020397202415082_jpg.rf.WlLGPm3o87YFvkwdAVPk,2
1478895575551680313_jpg.rf.X06OPeUvwb33vnflNGx2,3
1478732100161820605_jpg.rf.XBeEEzhc1pvkjkTukCY7,2
1478897890417196391_jpg.rf.XVhNWq8v4ewL276A3cFm,3
1478901475831749751_jpg.rf.Xe0gJE1yAZ4rNtJJc7P1,3
1478896161694086750_jpg.rf.XgbzOp1SqQlWOR4PkyF4,2
1478895509281978557_jpg.rf.Y9f7FdL5STtpNkLnE8wm,2
1478897660758771844_jpg.rf.YFEurdYUr471AozWqORO,2
1478020534701161909_jpg.rf.YJoGT9TusXa2s5dhoHDh,2
1478899448895466107_jpg.rf.YN7F2qnhYgBeL6RMPOL6,3
1478897450524944901_jpg.rf.YX3aBHZN1WfodMNjLuDh,3
1478732313498163338_jpg.rf.YfPskYitF74NGYmxGg27,3
1478895965741910361_jpg.rf.YgnIInELFGIYUJojywCB,2
1478898278894137026_jpg.rf.YlGEVFxUTf6ii37FnF2m,2
1478020465705283002_jpg.rf.YlPXNscbUFPOHXnlEkmL,3
1478895768647163514_jpg.rf.YnqlzfET8PSf2szQ3htT,2
1478896006303505266_jpg.rf.YuxCzDMEFEJGWy7iLX3Z,2
1478898583393338823_jpg.rf.Yyl0G7Ng22gKFCddxlWq,3
1478897613912821051_jpg.rf.Z1fRGjerX2SURxkG48Sx,3
1478732066326334171_jpg.rf.Z3CZigtTTvSdfkRPt84s,3
1478897529934366021_jpg.rf.Z5LGHk9YMGJBsqkmNDJP,2
1478900263555464016_jpg.rf.Z9sgpKFDgLgszjkM83QJ,2
1478899720258904124_jpg.rf.ZPhK7v4bLGT8Vp0P8i7k,2
1478020343194931440_jpg.rf.Zw5VxgJwWX465VtDiBCB,2
1478899002147486582_jpg.rf.a08e47577acf4d94946112441c4f49f9,3
1478901082784672557_jpg.rf.a0ca5ca1c963e1fc9803709b8bd9fac4,3
1478899137542613404_jpg.rf.a0cbb3b8783ab15d683b3dcf7b326b05,3
1478895518993072105_jpg.rf.a11b1a4624df448c42bdaeef4a5ef4ec,2
1478896502183741471_jpg.rf.a17ac42f974ad8059b23ee7177d95b33,2
1478900930821073522_jpg.rf.a193f89baa265357d84cd1ecabee4fed,2
1478901069072835815_jpg.rf.a1d5d7be8a78f34f57feb74ebabd335e,2
1478900652032281983_jpg.rf.a2a303332370a639d94ddc64f81096e6,3
1478732421886318609_jpg.rf.a30a4de714e1c74215860cb4abfac0e9,3
1478020460703726700_jpg.rf.a36ee8e143375a3a6ed2ffd968d56732,3
1478021635576168358_jpg.rf.a39ae60a378016f61d94763da8865309,2
1478900236704481832_jpg.rf.a3db7e3c340d830e353b548de5e02c8b,2
1478900262983273010_jpg.rf.a42d4f2a765b3b64fd83f9be6990e49b,2
1478732763108595800_jpg.rf.a43c4ec03e4f59b579b855e17cc80867,3
1478897227721750863_jpg.rf.a59aea3e91472198b9d59b52adea8659,3
1478898278894137026_jpg.rf.a5f0c40d58872983e8892876efa35008,2
1478899408333961020_jpg.rf.a651980b1d228a267a86eee501473ffb,3
1478900348677953679_jpg.rf.a77f09d0c6d008ab09451c8e4b08fc96,2
1478898798196212294_jpg.rf.a82cd08233ad8b3411b929f0ec7b1bce,3
1478896064004258217_jpg.rf.a82ebea67100555e1dd5851578b9e8e6,3
1478901249029239574_jpg.rf.a83856dea906cd47004d2bc364811ab8,2
1478895878906064058_jpg.rf.a8f3670eaca3c97f9ed2965e422dc60f,2
1478897833860049886_jpg.rf.a9e679686c7f3b58c0bf4595d62a7848,3
1478896760407446249_jpg.rf.aBb1DuVRpmvEopX1c82J,3
1478897969826849966_jpg.rf.dbFKIgVQGMMhRheG4jQJ,3
1478900883404076403_jpg.rf.dbf89746fd6ad3c74f2684b7c3e0526e,3
1478733024617074472_jpg.rf.dc289b76b6a740303552dbe7dc22f655,2
1478898191487349207_jpg.rf.dc2d53bc7cd388d27cbabec57097201b,3
1478900894258496789_jpg.rf.dd5e621137e54c3244baaa82f959ff6c,3
1478896850099450919_jpg.rf.de74c43f56ff1f2990c54f07fba3950d,2
1478732633502544683_jpg.rf.de7864f9ae4d7b4308b9c5e4f8282c86,3
1478732581888339303_jpg.rf.dfd9a348d6c5406fdb51e7b891fb04b2,2
1478899619139789962_jpg.rf.dff7b5613ad923f62940f2dddb378117,3
1478897616769218059_jpg.rf.dxfGzKMvldEdEd3pKfUv,2
1478895325326517276_jpg.rf.e0499f716846e982eea7c21a517e069f,2
1478900386953959405_jpg.rf.e274d7fecba045ba2a140acc2257e353,3
1478731936145711433_jpg.rf.e39bfb3d590c55dbb89dd522938ab6fb,2
1478900724585926608_jpg.rf.e4cbe8895ea33e8002d72bdf939e010a,3
1478899217524032024_jpg.rf.e4fd25f1afb2105813bf2554e37780b4,3
1478897731027135935_jpg.rf.e53b9bf9d2861ed83f7c534dfb76ec75,3
1478896067431536894_jpg.rf.e54316c7426dac02ca4c69f41fa2930b,3
1478895840058898716_jpg.rf.e5a20ce9fa182c37add2edbebfe981f3,3
1478020596210597655_jpg.rf.e5a25c2821c1a56f327d2395671ef139,2
1478895349892294603_jpg.rf.e5yfe5cmc2yvNxOUmUN2,2
1478899440898500146_jpg.rf.e61340229da917457f619bccf9f7e546,3
1478898559968732396_jpg.rf.e64adcc20042bba2b58a0070b5569ac3,3
1478731898869303551_jpg.rf.e6d0b1e11e6e803b5e80f0139807d556,3
1478901500397733426_jpg.rf.e763ec6e42c298ff0c3960ae67ebbfd7,2
1478901294732484317_jpg.rf.e82e66e80171fd0809bc0a95925a4104,2
1478020823716517453_jpg.rf.e83af4fd57cff6d85d8c42f55f6129de,2
1478732986767413455_jpg.rf.e85cb94add10914220a70fb12788420b,3
1478899015859303366_jpg.rf.e87491d14d08c9ac8fbb255fc57caf12,3
1478898119504357756_jpg.rf.e881354580f70812c9151a59c7ecc135,3
1478896610728481224_jpg.rf.e9340e9e68ce2acb2d0bdb7b2c423fb9,2
1478900267554244263_jpg.rf.e9ac667a4f8c3bac50f557e23973c8e8,3
1478020577708191560_jpg.rf.eCYxR3OK74ZRbT58zpAU,2
1478898147497899618_jpg.rf.eIBSWURd4kLoTmaj7dTb,2
1478900436084661454_jpg.rf.eJDqmEPsmNoNUsWCcx3h,3
1478897445382312819_jpg.rf.eQv8XBTtWUXL5oUVw7mR,3
1478900655460163339_jpg.rf.eXEAtYjHLjSp5zjCUm4k,2
1478901117633458206_jpg.rf.eb04daf7977674f15a227e6b5607e6c4,3
1478732484397106470_jpg.rf.eb1e121bab0f42272d2127ba1e3168e1,2
1478900042465538085_jpg.rf.eb2ecef06a43e3f490bf9681acf6f0ca,2
1478731988332708088_jpg.rf.eb2ee3a0c20248c76d42a2ecf5c825de,3
1478731949336872800_jpg.rf.ec3cf575f988c652c9d724bf3d481a90,3
1478897920695320174_jpg.rf.ede17817252a317a8c29ba41f7c8726b,2
1478901456408814108_jpg.rf.edfed2d332372182922db9a02a3de3a8,3
1478897101466193766_jpg.rf.eec39d3aa3548f3a77c6a0bc60d13796,3
1478897272852524745_jpg.rf.eedd2ece70d4dfb3842a76a759e609fd,3
1478900307545089071_jpg.rf.ef99b3e506c0aa9eaa95bed483a5cbc2,2
1478732391492053768_jpg.rf.efa8a7e86c558f26637b10dbaa6e8182,3
1478020637705562678_jpg.rf.ekve0wGtN7mA1RUp1JO5,2
1478731947616305263_jpg.rf.endjKkynd6Y0Gcri8ksj,3
1478897805294786491_jpg.rf.etDtz3yS4BBG1fUGaJf3,2
1478896886089801683_jpg.rf.evcetbhEN9o6TWpPAsVZ,3
1478732901891837012_jpg.rf.f0819e4a2a06587c6834e71381d1bb79,3
1478901085640678006_jpg.rf.f0d2baa98c91752639ddd5ec3f410960,2
1478732504467962348_jpg.rf.f0e56b6e6cc9a16b991e0dcdd8643018,3
000001,3
000002,2
000004,2
000006,2
000008,3
000010,2
000012,2
000015,2
000016,2
000018,2
000019,2
000020,3
000022,2
000024,2
000025,2
000026,2
000032,2
000035,2
000036,2
000038,2
000040,2
000041,2
000043,2
000044,Level: 1
000047,2
000054,2
000056,2
000063,2
000064,2
000065,2
000068,2
000069,2
000070,2
000074,3
000076,2
000080,3
000081,2
000082,2
000085,3
000088,2
000092,2
000095,2
000099,2
000102,2
000107,2
000109,3
000119,3
000124,2
000126,2
000128,2
000129,2
000130,2
000131,2
000132,2
000134,2
000144,2
000155,2
000156,3
000160,2
000161,2
000162,Level: 1
000164,2
000169,2
000171,3
000172,3
000173,3
000178,2
000181,2
000182,2
000183,3
000185,2
000186,Level: 1
000190,2
000193,2
000194,2
000197,2
000200,2
000208,2
000210,2
000211,2
000217,2
000221,3
000223,2
000224,2
000225,2
000226,4
000229,2
000238,3
000239,2
000241,2
000243,2
000246,3
000247,2
000248,2
000251,2
000252,2
000253,2
000254,2
000257,2
000259,2
000261,2
000263,3
000264,3
000268,3
000270,2
000275,2
000278,3
000279,2
000288,2
000297,Level: 1
000299,2
000301,2
000302,2
000305,3
000307,3
000310,2
000311,2
000312,2
000314,2
000316,2
000320,1
000321,2
000325,2
000326,2
000328,3
000329,2
000338,2
000344,3
000346,2
000350,2
000351,2
000352,2
000356,3
000357,2
000359,2
000360,2
000361,3
000365,2
000366,2
000367,3
000372,2
000373,3
000378,2
000379,2
000381,3
000382,2
000383,2
000390,2
000397,2
000398,2
000404,2
000405,3
000408,2
000414,2
000415,2
000417,Level: 1
000418,Level: 2
000419,2
000420,Level: 1
000427,2
000428,2
000432,2
000437,2
000438,2
000439,2
000441,2
000444,2
000445,2
000450,2
000452,3
000455,2
000456,2
000465,2
000467,2
000469,3
000470,2
000471,2
000472,2
000476,2
000479,3
000482,2
000483,2
000486,2
000487,2
000491,3
000494,4
000495,2
000497,2
000498,2
000501,2
000503,3
000507,2
000508,2
000511,Level: 1
000512,2
000515,2
000521,3
000522,2
000526,2
000528,3
000532,2
000539,2
000540,2
000541,2
000542,2
000546,2
000548,2
000551,2
000556,2
000559,2
000560,2
000561,2
000565,2
000567,3
000576,Level: 1
000577,3
000578,3
000579,2
000581,3
000582,2
000583,2
000584,2
000586,2
000587,2
000588,2
000589,2
000590,2
000600,2
000604,2
000606,2
000607,2
000609,2
000610,2
000612,2
000613,2
000617,2
000618,2
000619,3
000620,2
000621,2
000627,2
000628,2
000630,2
000632,2
000636,2
000637,2
000640,3
000642,2
000645,Level: 1
000646,2
000650,2
000651,2
000652,2
000653,2
000655,2
000656,2
000658,3
000662,2
000663,2
000665,2
000666,2
000667,2
000668,2
000669,2
000671,2
000672,3
000673,3
000676,2
000677,2
000678,2
000680,2
000681,3
000682,2
000683,2
000684,3
000685,2
000686,2
000689,3
000692,3
000693,2
000694,2
000699,2
000700,2
000701,2
000703,3
000704,2
000709,2
000710,2
000711,3
000718,2
000722,2
000724,3
000725,2
000726,2
000727,2
000729,2
000730,2
000731,2
000733,2
000735,3
000736,2
000739,3
000743,2
000747,2
000752,2
000753,2
000758,3
000759,2
000760,2
000761,2
000765,2
000769,2
000770,2
000775,3
000776,2
000777,2
000782,2
000783,2
000784,2
000787,3
000788,2
000790,2
000791,2
000792,2
000794,2
000799,3
000800,2
000807,2
000812,3
000814,3
000817,2
000822,3
000824,2
000828,3
000829,2
000833,2
000834,3
000838,2
000841,2
000845,2
000847,2
000851,2
000858,3
000859,2
000861,3
000866,2
000868,2
000870,3
000872,2
000873,2
000874,3
000875,3
000876,2
000879,3
000884,2
000885,2
000886,2
000890,2
000894,3
000895,2
000896,2
000897,2
000902,3
000910,2
000914,2
000920,2
000924,2
000925,2
000928,2
000930,2
000934,3
000938,3
000939,2
000941,2
000942,3
000944,3
000946,2
000948,3
000950,2
000954,2
000959,2
000961,2
000962,2
000964,2
000966,2
000967,2
000969,2
000974,3
000978,2
000982,2
000983,2
000985,2
000988,2
000989,2
000990,2
000991,5
000992,2
000993,2
000997,2
000998,3
000999,2
001000,2
001001,2
001003,3
001004,2
001005,2
001009,2
001011,2
001019,2
001023,2
001029,2
001032,2
001037,3
001038,3
001040,3
001043,3
001045,2
001047,2
001052,3
001056,3
001058,2
001059,3
001061,2
001063,3
001065,2
001068,2
001073,3
001079,3
001080,3
001083,3
001087,Level: 2
001091,2
001093,2
001095,2
001096,2
001097,Level: 1
001098,2
001113,2
001114,2
001115,3
001117,2
001119,2
001124,3
001127,2
001128,2
001129,2
001131,2
001132,2
001135,2
001137,3
001138,3
001141,2
001148,2
001152,3
001154,3
001157,2
001158,2
001163,2
001165,2
001167,2
001169,2
001170,2
001171,2
001175,2
001176,3
001177,2
001178,2
001179,3
001182,3
001183,2
001185,2
001188,2
001191,2
001197,3
001198,2
001199,3
001200,3
001207,2
001210,2
001216,2
001222,2
001223,2
001225,2
001227,3
001228,2
001230,2
001231,2
001232,2
001234,Level: 1
001237,3
001239,3
001241,2
001247,3
001248,2
001249,2
001251,2
001253,2
001254,2
001256,3
001258,2
001262,3
001263,2
001265,3
001266,2
001267,2
001269,2
001272,2
001275,3
001278,2
001284,3
001285,3
001291,2
001296,2
001297,2
001300,3
001301,2
001302,2
001303,2
001304,3
001307,2
001308,2
001311,2
001314,2
001315,2
001316,3
001317,2
001318,2
001320,2
001321,2
001323,2
001324,2
001325,2
001328,2
001333,2
001335,3
001340,2
001341,2
001344,2
001349,2
001355,2
001356,2
001360,3
001362,3
001363,3
001365,3
001369,2
001371,2
001373,3
001374,2
001383,2
001385,2
001386,3
001388,3
001389,3
001391,2
001399,2
001400,2
001402,2
001407,2
001409,3
001410,2
001411,2
001414,2
001420,3
001422,2
001423,2
001425,2
001427,2
001428,2
001429,2
001432,2
001433,3
001438,2
001440,2
001444,3
001445,2
001447,2
001448,2
001450,3
001454,2
001456,2
001457,2
001462,3
001464,2
001465,2
001469,Level: 1
001470,2
001471,3
001476,2
001478,2
001480,2
001485,3
001486,2
001489,2
001490,2
001495,2
001498,3
001500,2
001506,2
001509,3
001512,3
001516,2
001517,2
001521,Level: 1
001523,2
001524,2
001531,3
001534,2
001537,3
001538,3
001540,2
001541,2
001542,2
001544,2
001547,3
001548,Level: 1
001551,2
001553,2
001556,2
001557,2
001560,3
001564,2
001565,2
001568,3
001569,2
001571,2
001572,2
001580,2
001581,3
001582,2
001585,3
001586,3
001594,2
001595,2
001599,2
001600,2
001602,2
001603,2
001604,2
001605,Level: 1
001606,2
001607,2
001609,2
001612,2
001617,2
001621,2
001622,2
001623,2
001624,2
001626,3
001627,Level: 1
001630,2
001633,3
001636,2
001638,2
001640,2
001644,3
001648,2
001649,3
001650,2
001651,2
001653,2
001656,3
001657,3
001660,2
001662,2
001663,2
001664,2
001666,2
001667,2
001668,3
001669,2
001670,2
001676,2
001679,3
001680,3
001682,2
001683,3
001685,2
001686,3
001688,2
001690,2
001691,2
001692,2
001696,2
001697,3
001700,2
001701,3
001702,2
001704,2
001705,2
001706,2
001712,2
001719,2
001721,2
001722,3
001728,2
001730,2
001731,Level: 1
001734,2
001737,2
001742,2
001743,2
001745,2
001746,3
001747,2
001748,3
001751,2
001756,2
001758,2
001759,2
001760,2
001764,2
001766,3
001771,2
001772,2
001773,2
001775,2
001776,2
001777,3
001779,2
001786,2
001787,2
001788,2
001796,3
001799,3
001803,2
001804,2
001806,2
001807,3
001808,2
001809,3
001818,2
001820,2
001821,2
001825,2
001827,2
001829,2
001831,1
001833,2
001834,2
001839,2
001847,2
001851,2
001852,2
001855,2
001859,2
001862,2
001863,2
001865,2
001866,2
001867,3
001872,3
001881,3
001882,2
001883,3
001889,2
001890,2
001891,3
001899,3
001902,3
001903,2
001905,2
001910,2
001913,2
001914,2
001915,3
001916,2
001919,3
001920,2
001924,2
001929,2
001931,2
001932,2
001933,2
001935,2
001938,3
001939,2
001943,3
001946,2
001950,2
001951,2
001960,Level: 1
001961,2
001963,2
001966,2
001967,3
001969,2
001971,2
001973,3
001974,2
001975,3
001976,2
001981,3
001984,2
001986,2
001988,3
001991,2
001994,2
001995,2
000000438269,2
000000006954,2
000000128598,3
000000419653,3
000000170595,2
000000535578,2
000000351096,3
000000024243,3
000000161397,2
000000128051,2
000000398377,2
000000141671,3
000000364884,3
000000344888,2
000000540932,2
000000003553,2
000000139883,2
000000480021,3
000000127270,2
000000378605,2
000000486112,2
000000214753,2
000000305309,2
000000121242,3
000000549674,2
000000290248,4
000000488251,2
000000078565,3
000000569030,2
000000327780,2
000000091619,2
000000087144,2
000000020553,2
000000033114,3
000000567640,3
000000423519,2
000000140987,3
000000060052,3
000000060770,2
000000358427,2
000000295713,2
000000038118,2
000000205289,2
000000037777,2
000000565469,2
000000110359,2
000000165351,2
000000210520,2
000000082846,2
000000341973,2
000000407650,3
000000057672,3
000000137106,2
000000404839,3
000000011511,2
000000236308,2
000000209753,3
000000205324,2
000000152214,2
000000226802,3
000000230450,3
000000481480,3
000000370270,3
000000106563,2
000000296634,2
000000160012,2
000000064359,3
000000550322,2
000000540280,2
000000278973,3
000000186042,3
000000502347,2
000000076261,2
000000169169,3
000000438226,2
000000263403,2
000000138954,2
000000233727,2
000000211042,2
000000561335,3
000000086582,3
000000373382,3
000000579635,2
000000256775,2
000000043314,3
000000509451,2
000000393838,2
000000364297,2
000000215723,3
000000173057,2
000000240023,2
000000047121,2
000000206411,2
000000140076,2
000000085682,2
000000337987,2
000000242287,2
000000018193,2
000000532575,2
000000059635,3
000000334309,2
000000357816,2
000000189775,3
000000376478,2
000000471023,4
000000159458,2
000000387383,2
000000297427,2
000000303863,2
000000186873,2
000000448410,3
000000052462,2
000000345941,2
000000336658,3
000000012639,3
000000133244,3
000000079969,3
000000468332,3
000000067406,2
000000447088,2
000000248631,2
000000479126,3
000000071756,3
000000198928,2
000000144706,3
000000438955,3
000000400367,3
000000264441,2
000000203864,2
000000113867,2
000000504711,2
000000306582,2
000000269196,2
000000568584,3
000000013774,2
000000109900,3
000000119995,2
000000011122,2
000000236599,3
000000181816,2
000000246522,2
000000233771,3
000000345261,1
000000039484,3
000000435880,3
000000453722,2
000000030504,2
000000187144,2
000000559707,2
000000415741,2
000000040083,2
000000400922,2
000000147223,3
000000121153,2
000000146363,2
000000484978,3
000000431693,3
000000293858,2
000000187055,3
000000513688,2
000000213547,3
000000085157,3
000000022755,3
000000142472,3
000000374727,2
000000356125,3
000000271471,2
000000012670,4
000000311392,2
000000132931,2
000000058655,2
000000180296,3
000000022589,2
000000369812,2
000000163118,3
000000200667,error
000000340175,2
000000140658,2
000000295138,3
000000369541,2
000000033104,4
000000328117,2
000000523194,2
000000173799,3
000000127530,2
000000161875,2
000000542625,3
000000523811,2
000000371552,2
000000333697,2
000000552883,2
000000267940,2
000000287291,3
000000179392,3
000000110972,2
000000357737,3
000000574810,2
000000412531,3
000000456496,2
000000269942,2
000000332845,2
000000445248,2
000000505942,2
000000329455,2
000000423971,2
000000215259,2
000000157124,2
000000572517,2
000000173383,2
000000309173,2
000000403817,2
000000551215,3
000000498286,2
000000395180,2
000000294162,2
000000213224,2
000000313130,2
000000489924,2
000000334371,3
000000131379,2
000000416330,3
000000016502,Level: 1
000000095843,Level: 2
000000041488,2
000000139099,3
000000179265,2
000000323202,2
000000482585,2
000000401862,3
000000025593,2
000000562229,2
000000195918,2
000000276707,2
000000350488,2
000000471756,3
000000404601,2
000000055002,2
000000235252,2
000000524456,2
000000070774,2
000000061658,2
000000512985,2
000000396568,2
000000274411,2
000000043737,2
000000360661,2
000000499181,3
000000532690,2
000000554328,2
000000398203,3
000000411774,2
000000482978,2
000000368212,2
000000203488,2
000000178028,2
000000165681,4
000000163155,2
000000157213,2
000000166563,2
000000046804,2
000000018519,2
000000157756,3
000000193429,2
000000512657,3
000000412894,3
000000503755,2
000000349152,2
000000064084,2
000000140640,2
000000512929,2
000000215072,3
000000286503,2
000000531036,2
000000254368,3
000000174123,2
000000266409,2
000000068093,3
000000181499,2
000000325527,2
000000135902,2
000000558854,2
000000493772,3
000000009769,3
000000537053,2
000000374545,2
000000312340,2
000000280710,3
000000437110,2
000000297022,error
000000296284,2
000000376310,3
000000369323,3
000000459500,2
000000050326,3
000000464358,3
000000313562,3
000000080273,2
000000232244,2
000000197022,2
000000575357,2
000000001761,2
000000263860,2
000000530820,2
000000210708,2
000000011149,3
000000333772,2
000000102644,2
000000151480,2
000000378139,3
000000220584,3
000000023666,2
000000038048,3
000000036861,2
000000316404,2
000000164115,2
000000229659,3
000000102707,2
000000223738,2
000000530146,2
000000311928,3
000000485802,2
000000361506,4
000000523807,2
000000426297,2
000000493864,2
000000322352,3
000000212072,2
000000336356,2
000000432468,2
000000156278,3
000000033638,3
000000115245,2
000000532481,3
000000437205,2
000000230983,3
000000510095,2
000000555705,2
000000474167,2
000000489091,2
000000556000,3
000000140420,2
000000162581,3
000000557672,2
000000547854,2
000000419601,2
000000161781,2
000000305695,2
000000190140,2
000000293625,2
000000250619,2
000000244750,3
000000528578,2
000000113051,2
000000565989,2
000000166277,2
000000228942,3
000000080274,2
000000429761,2
000000361586,3
000000490413,2
000000273617,3
000000128148,3
000000309452,2
000000311190,2
000000062692,2
000000151962,2
000000173033,2
000000181303,2
000000014473,3
000000465585,2
000000540414,3
000000035279,3
000000060449,2
000000311883,2
000000335450,2
000000099024,2
000000163057,3
000000104666,2
000000554156,2
000000082812,3
000000459809,3
000000384651,3
000000394199,2
000000079014,2
000000430377,2
000000378453,3
000000261732,2
000000134112,2
000000132116,2
000000270474,2
000000579307,2
000000302107,2
000000033759,2
000000179765,2
000000494869,3
000000489611,2
000000509014,3
000000424642,3
000000221872,2
000000417632,2
000000206135,2
000000079034,2
000000119641,2
000000267351,Level: 1
000000015254,2
000000478393,2
000000403353,2
000000203546,2
000000209757,3
000000068933,2
000000369751,2
000000445999,2
000000491366,2
000000453584,2
000000048564,2
000000399296,2
000000068765,2
000000111086,4
000000489842,4
000000308793,3
000000396518,3
000000574520,3
000000283412,2
000000023272,2
000000157418,2
000000495146,2
000000295231,2
000000294855,2
000000318908,2
000000310980,2
000000311295,3
000000389109,3
000000379800,2
000000186345,2
000000148508,2
000000008690,3
000000208208,2
000000361180,2
000000553990,3
000000477689,2
000000125936,3
000000384350,2
000000490125,3
000000068409,2
000000416256,2
000000260657,2
000000100489,2
000000449406,2
000000521141,2
000000365766,2
000000377368,2
000000004765,3
000000275791,2
000000389315,2
000000505451,2
000000299609,2
000000548555,2
000000290771,2
000000520264,2
000000375493,3
000000500826,2
000000287959,2
000000046252,2
000000035770,3
000000045229,3
000000328601,2
000000494634,3
000000176857,3
000000456662,2
000000146831,2
000000427055,2
000000468965,3
000000566436,2
000000296222,2
000000277005,3
000000227482,3
000000125850,2
000000281929,2
000000017031,2
000000529105,2
000000366141,2
000000182805,3
000000492758,2
000000237517,2
000000193162,3
000000372819,2
000000283785,3
000000429281,2
000000018380,3
000000223747,3
000000153782,3
000000035197,2
000000335177,2
000000529122,3
000000246308,3
000000579900,2
000000035963,2
000000286458,3
000000150726,2
000000292236,3
000000049759,3
000000431876,3
000000236721,2
000000203931,2
000000258883,2
000000481404,2
000000214703,2
000000377393,2
000000569273,2
000000176606,2
000000469174,2
000000449996,3
000000210099,2
000000108026,2
000000044068,2
000000128748,2
000000014226,3
000000050006,3
000000555412,2
000000437351,3
000000565607,2
000000224222,3
000000488592,3
000000491470,3
000000266400,3
000000474170,3
000000410934,2
000000519688,2
000000382030,2
000000528399,2
000000200152,2
000000087470,3
000000268831,2
000000066926,Level: 1
000000275727,2
000000493566,2
000000326627,2
000000272566,3
000000580197,2
000000184400,2
000000153217,2
000000363188,3
000000045728,2
000000080057,2
000000138241,2
000000071938,2
000000343466,2
000000291619,3
000000147415,3
000000370818,2
000000324614,2
000000477955,2
000000382009,2
000000154213,Level: 1
000000384666,3
000000001503,2
000000273715,2
000000111207,3
000000439180,3
000000280779,3
000000578093,2
000000361142,2
000000189698,2
000000430073,3
000000058393,2
000000147725,3
000000168337,2
000000556158,2
000000451043,3
000000252216,2
000000045596,3
000000383838,2
000000388927,2
000000080932,2
000000213035,2
000000322211,3
000000449432,3
000000035062,3
000000148739,2
000000533536,2
000000518770,3
000000057244,3
000000054605,2
000000096549,2
000000303713,3
000000335800,2
000000417285,2
000000423229,2
000000542127,3
000000543300,2
000000361571,2
000000263969,2
000000519764,2
000000341469,2
000000131131,3
000000222863,2
000000131138,3
000000224807,3
000000549136,3
000000472298,2
000000190841,2
000000248314,3
000000465806,2
000000210230,3
000000113589,2
000000405432,2
000000013291,3
000000542073,2
000000191672,2
000000067310,3
000000477623,2
000000456292,2
000000504635,2
000000085576,2
000000342397,2
000000260105,2
000000502229,3
000000434459,3
000000229111,2
000000147338,2
000000104612,2
000000425702,2
000000522889,2
000000214539,3
000000140556,2
000000047801,2
000000250758,2
000000179285,2
000000433915,3
000000125211,2
000000396580,3
000000134886,2
000000428562,2
000000136633,3
000000501368,2
000000531771,2
000000318080,2
000000486479,2
000000329614,2
000000555972,2
000000061584,2
000000564133,2
000000031620,3
000000343706,2
000000416170,2
000000000802,2
000000235778,3
000000269121,2
000000198960,2
000000185802,2
000000281414,2
000000320696,2
000000218249,2
000000554838,2
000000561465,2
000000261706,2
000000407943,2
000000292225,2
000000178982,3
000000340894,3
000000239537,2
000000119445,3
000000227898,2
000000410878,2
000000266892,2
000000318114,2
000000463849,3
000000105264,3
000000407298,2
000000277051,2
000000546626,3
000000139077,2
000000170474,2
000000039951,2
000000066135,2
000000230008,2
000000042528,3
000000102331,2
000000172649,2
000000235057,2
000000546717,3
000000322574,2
000000101780,2
000000489046,2
000000297562,3
000000488673,3
000000441553,3
000000393093,3
000000149622,3
000000126107,2
000000198489,2
000000525286,2
000000128658,2
000000129945,3
000000160772,2
000000458663,2
000000090062,2
000000462614,2
000000254516,3
000000199395,2
000000407960,2
000000502599,3
000000061960,2
000000046378,3
000000505789,2
000000019786,3
000000574702,3
000000186929,2
000000228981,2
000000105923,2
000000229747,2
000000079837,3
000000362434,2
000000465822,3
000000361238,2
000000090208,2
000000334555,2
000000484029,2
000000031093,3
000000292082,2
000000163611,2
000000231339,2
000000332570,2
000000279541,2
000000017178,2
000000179141,3
000000282046,2
000000010977,2
000000246454,2
000000030675,2
000000511076,3
000000458255,2
000000152686,2
000000245513,2
000000323355,2
000000122217,2
000000574315,2
000000480212,2
000000466339,2
000000406570,2
000000224724,2
000000493334,2
000000244496,2
000000442836,2
000000012576,3
000000272416,2
000000085376,2
000000104424,2
000000545594,3
000000252776,2
000000134882,2
000000567898,2
000000132375,2
000000541055,2
000000185950,2
000000475732,2
000000523782,3
000000029640,2
000000569976,3
000000273198,3
000000541123,2
000000392933,2
000000310200,2
000000365655,2
000000513567,2
000000037988,2
000000343937,2
000000293390,2
000000025986,2
000000494913,3
000000078032,2
000000222094,2
000000098839,2
000000172330,2
000000018491,3
000000344614,2
000000190236,3
000000381971,3
000000244411,2
000000032285,2
000000020247,2
000000409630,2
000000115946,2
000000378454,2
000000458755,2
000000036539,2
000000424776,2
000000548339,2
000000449661,3
000000107087,3
000000384670,2
000000478286,2
000000263299,3
000000020571,3
000000447200,2
000000163257,2
000000161609,2
000000580418,3
000000116825,2
000000416745,2
