image_id,level,dataset,partition,prompt_strategy
000000338086,3,coco-rem,calibration,zeroshot
000000341111,3,coco-rem,calibration,zeroshot
000000393493,3,coco-rem,calibration,zeroshot
000000372464,3,coco-rem,calibration,zeroshot
000000106199,2,coco-rem,calibration,zeroshot
000000123330,2,coco-rem,calibration,zeroshot
000000169228,3,coco-rem,calibration,zeroshot
000000175513,3,coco-rem,calibration,zeroshot
000000382563,3,coco-rem,calibration,zeroshot
000000477259,3,coco-rem,calibration,zeroshot
000000452783,3,coco-rem,calibration,zeroshot
000000370310,2,coco-rem,calibration,zeroshot
000000131427,3,coco-rem,calibration,zeroshot
000000084881,3,coco-rem,calibration,zeroshot
000000252608,2,coco-rem,calibration,zeroshot
000000163759,3,coco-rem,calibration,zeroshot
000000385705,2,coco-rem,calibration,zeroshot
000000358429,3,coco-rem,calibration,zeroshot
000000179477,2,coco-rem,calibration,zeroshot
000000211217,4,coco-rem,calibration,zeroshot
000000447224,2,coco-rem,calibration,zeroshot
000000105468,3,coco-rem,calibration,zeroshot
000000057892,3,coco-rem,calibration,zeroshot
000000281431,3,coco-rem,calibration,zeroshot
000000027412,3,coco-rem,calibration,zeroshot
000000455363,2,coco-rem,calibration,zeroshot
000000069978,3,coco-rem,calibration,zeroshot
000000445087,2,coco-rem,calibration,zeroshot
000000013355,3,coco-rem,calibration,zeroshot
000000525880,3,coco-rem,calibration,zeroshot
000000351621,2,coco-rem,calibration,zeroshot
000000110642,3,coco-rem,calibration,zeroshot
000000291898,3,coco-rem,calibration,zeroshot
000000460038,3,coco-rem,calibration,zeroshot
000000068866,4,coco-rem,calibration,zeroshot
000000385098,4,coco-rem,calibration,zeroshot
000000428263,3,coco-rem,calibration,zeroshot
000000560254,3,coco-rem,calibration,zeroshot
000000581766,2,coco-rem,calibration,zeroshot
000000009668,2,coco-rem,calibration,zeroshot
000000486503,2,coco-rem,calibration,zeroshot
000000397685,2,coco-rem,calibration,zeroshot
000000082957,3,coco-rem,calibration,zeroshot
000000322222,2,coco-rem,calibration,zeroshot
000000298657,2,coco-rem,calibration,zeroshot
000000412510,2,coco-rem,calibration,zeroshot
000000127153,3,coco-rem,calibration,zeroshot
000000389036,2,coco-rem,calibration,zeroshot
000000226494,2,coco-rem,calibration,zeroshot
000000235547,3,coco-rem,calibration,zeroshot
000000015190,4,coco-rem,calibration,zeroshot
000000037638,4,coco-rem,calibration,zeroshot
000000157960,3,coco-rem,calibration,zeroshot
000000087509,3,coco-rem,calibration,zeroshot
000000508430,2,coco-rem,calibration,zeroshot
000000540068,2,coco-rem,calibration,zeroshot
000000329304,3,coco-rem,calibration,zeroshot
000000068235,3,coco-rem,calibration,zeroshot
000000335874,2,coco-rem,calibration,zeroshot
000000572786,3,coco-rem,calibration,zeroshot
000000295269,3,coco-rem,calibration,zeroshot
000000232001,3,coco-rem,calibration,zeroshot
000000498371,2,coco-rem,calibration,zeroshot
000000231460,3,coco-rem,calibration,zeroshot
000000209292,3,coco-rem,calibration,zeroshot
000000409364,2,coco-rem,calibration,zeroshot
000000293946,3,coco-rem,calibration,zeroshot
000000225281,3,coco-rem,calibration,zeroshot
000000053587,2,coco-rem,calibration,zeroshot
000000210322,3,coco-rem,calibration,zeroshot
000000088540,3,coco-rem,calibration,zeroshot
000000430583,3,coco-rem,calibration,zeroshot
000000524956,4,coco-rem,calibration,zeroshot
000000562008,4,coco-rem,calibration,zeroshot
000000202131,2,coco-rem,calibration,zeroshot
000000332420,2,coco-rem,calibration,zeroshot
000000327368,2,coco-rem,calibration,zeroshot
000000088162,3,coco-rem,calibration,zeroshot
000000173447,2,coco-rem,calibration,zeroshot
000000365353,2,coco-rem,calibration,zeroshot
000000223992,3,coco-rem,calibration,zeroshot
000000265253,3,coco-rem,calibration,zeroshot
000000368541,3,coco-rem,calibration,zeroshot
000000131825,2,coco-rem,calibration,zeroshot
000000007890,2,coco-rem,calibration,zeroshot
000000513946,2,coco-rem,calibration,zeroshot
000000459566,3,coco-rem,calibration,zeroshot
000000318240,3,coco-rem,calibration,zeroshot
000000243171,3,coco-rem,calibration,zeroshot
000000198312,3,coco-rem,calibration,zeroshot
000000385272,3,coco-rem,calibration,zeroshot
000000056193,3,coco-rem,calibration,zeroshot
000000259884,3,coco-rem,calibration,zeroshot
000000450543,3,coco-rem,calibration,zeroshot
000000483923,3,coco-rem,calibration,zeroshot
000000131494,2,coco-rem,calibration,zeroshot
000000406908,3,coco-rem,calibration,zeroshot
000000012700,3,coco-rem,calibration,zeroshot
000000567764,3,coco-rem,calibration,zeroshot
000000320374,3,coco-rem,calibration,zeroshot
000000488796,2,coco-rem,calibration,zeroshot
000000210549,2,coco-rem,calibration,zeroshot
000000298405,3,coco-rem,calibration,zeroshot
000000218762,3,coco-rem,calibration,zeroshot
000000044500,3,coco-rem,calibration,zeroshot
000000191327,3,coco-rem,calibration,zeroshot
000000370121,3,coco-rem,calibration,zeroshot
000000271943,1,coco-rem,calibration,zeroshot
000000256031,3,coco-rem,calibration,zeroshot
000000546480,3,coco-rem,calibration,zeroshot
000000074060,3,coco-rem,calibration,zeroshot
000000526085,3,coco-rem,calibration,zeroshot
000000439486,3,coco-rem,calibration,zeroshot
000000359357,3,coco-rem,calibration,zeroshot
000000417219,3,coco-rem,calibration,zeroshot
000000194921,3,coco-rem,calibration,zeroshot
000000287235,3,coco-rem,calibration,zeroshot
000000492817,2,coco-rem,calibration,zeroshot
000000416202,2,coco-rem,calibration,zeroshot
000000086139,3,coco-rem,calibration,zeroshot
000000105027,2,coco-rem,calibration,zeroshot
000000213268,4,coco-rem,calibration,zeroshot
000000070829,2,coco-rem,calibration,zeroshot
000000430281,2,coco-rem,calibration,zeroshot
000000541493,2,coco-rem,calibration,zeroshot
000000182401,2,coco-rem,calibration,zeroshot
000000334916,3,coco-rem,calibration,zeroshot
000000430319,3,coco-rem,calibration,zeroshot
000000067558,2,coco-rem,calibration,zeroshot
000000080892,3,coco-rem,calibration,zeroshot
000000108862,3,coco-rem,calibration,zeroshot
000000061831,2,coco-rem,calibration,zeroshot
000000137666,3,coco-rem,calibration,zeroshot
000000161897,3,coco-rem,calibration,zeroshot
000000069587,2,coco-rem,calibration,zeroshot
000000124390,2,coco-rem,calibration,zeroshot
000000466197,4,coco-rem,calibration,zeroshot
000000030113,3,coco-rem,calibration,zeroshot
000000512436,3,coco-rem,calibration,zeroshot
000000182527,2,coco-rem,calibration,zeroshot
000000206800,2,coco-rem,calibration,zeroshot
000000103746,3,coco-rem,calibration,zeroshot
000000118277,3,coco-rem,calibration,zeroshot
000000480576,3,coco-rem,calibration,zeroshot
000000098904,3,coco-rem,calibration,zeroshot
000000119787,3,coco-rem,calibration,zeroshot
000000264502,3,coco-rem,calibration,zeroshot
000000301950,3,coco-rem,calibration,zeroshot
000000268739,3,coco-rem,calibration,zeroshot
000000445745,3,coco-rem,calibration,zeroshot
000000042069,3,coco-rem,calibration,zeroshot
000000492183,2,coco-rem,calibration,zeroshot
000000545293,1,coco-rem,calibration,zeroshot
000000244844,3,coco-rem,calibration,zeroshot
000000502197,3,coco-rem,calibration,zeroshot
000000352965,2,coco-rem,calibration,zeroshot
000000118477,3,coco-rem,calibration,zeroshot
000000402759,3,coco-rem,calibration,zeroshot
000000432120,3,coco-rem,calibration,zeroshot
000000288114,2,coco-rem,calibration,zeroshot
000000291788,3,coco-rem,calibration,zeroshot
000000339105,3,coco-rem,calibration,zeroshot
000000099389,1,coco-rem,calibration,zeroshot
000000003729,3,coco-rem,calibration,zeroshot
000000150372,3,coco-rem,calibration,zeroshot
000000018661,4,coco-rem,calibration,zeroshot
000000317935,2,coco-rem,calibration,zeroshot
000000184320,3,coco-rem,calibration,zeroshot
000000010711,3,coco-rem,calibration,zeroshot
000000006101,3,coco-rem,calibration,zeroshot
000000342996,3,coco-rem,calibration,zeroshot
000000390179,3,coco-rem,calibration,zeroshot
000000404929,3,coco-rem,calibration,zeroshot
000000387421,3,coco-rem,calibration,zeroshot
000000165936,3,coco-rem,calibration,zeroshot
000000498436,4,coco-rem,calibration,zeroshot
000000399288,3,coco-rem,calibration,zeroshot
000000081315,3,coco-rem,calibration,zeroshot
000000518858,3,coco-rem,calibration,zeroshot
000000085802,2,coco-rem,calibration,zeroshot
000000121693,3,coco-rem,calibration,zeroshot
000000266518,1,coco-rem,calibration,zeroshot
000000142680,2,coco-rem,calibration,zeroshot
000000471895,2,coco-rem,calibration,zeroshot
000000036433,3,coco-rem,calibration,zeroshot
000000172989,2,coco-rem,calibration,zeroshot
000000543166,4,coco-rem,calibration,zeroshot
000000557922,3,coco-rem,calibration,zeroshot
000000450724,3,coco-rem,calibration,zeroshot
000000298004,2,coco-rem,calibration,zeroshot
000000499168,3,coco-rem,calibration,zeroshot
000000097021,3,coco-rem,calibration,zeroshot
000000544329,3,coco-rem,calibration,zeroshot
000000163138,3,coco-rem,calibration,zeroshot
000000227422,3,coco-rem,calibration,zeroshot
000000400975,1,coco-rem,calibration,zeroshot
000000229529,3,coco-rem,calibration,zeroshot
000000546159,4,coco-rem,calibration,zeroshot
000000256284,4,coco-rem,calibration,zeroshot
000000029593,2,coco-rem,calibration,zeroshot
000000085956,2,coco-rem,calibration,zeroshot
000000034475,4,coco-rem,calibration,zeroshot
000000017966,3,coco-rem,calibration,zeroshot
000000351554,2,coco-rem,calibration,zeroshot
000000565625,2,coco-rem,calibration,zeroshot
000000028010,3,coco-rem,calibration,zeroshot
000000469896,3,coco-rem,calibration,zeroshot
000000427382,3,coco-rem,calibration,zeroshot
000000566927,3,coco-rem,calibration,zeroshot
000000499274,3,coco-rem,calibration,zeroshot
000000244317,3,coco-rem,calibration,zeroshot
000000512380,2,coco-rem,calibration,zeroshot
000000230991,3,coco-rem,calibration,zeroshot
000000516782,3,coco-rem,calibration,zeroshot
000000423165,3,coco-rem,calibration,zeroshot
000000432569,2,coco-rem,calibration,zeroshot
000000545181,2,coco-rem,calibration,zeroshot
000000575909,1,coco-rem,calibration,zeroshot
000000395749,3,coco-rem,calibration,zeroshot
000000140473,3,coco-rem,calibration,zeroshot
000000102634,3,coco-rem,calibration,zeroshot
000000191280,3,coco-rem,calibration,zeroshot
000000396862,3,coco-rem,calibration,zeroshot
000000542325,3,coco-rem,calibration,zeroshot
000000006451,2,coco-rem,calibration,zeroshot
000000373758,3,coco-rem,calibration,zeroshot
000000427232,4,coco-rem,calibration,zeroshot
000000435750,2,coco-rem,calibration,zeroshot
000000284386,3,coco-rem,calibration,zeroshot
000000402378,2,coco-rem,calibration,zeroshot
000000344190,3,coco-rem,calibration,zeroshot
000000519035,3,coco-rem,calibration,zeroshot
000000230548,3,coco-rem,calibration,zeroshot
000000141587,3,coco-rem,calibration,zeroshot
000000323599,2,coco-rem,calibration,zeroshot
000000552159,3,coco-rem,calibration,zeroshot
000000383210,3,coco-rem,calibration,zeroshot
000000019157,3,coco-rem,calibration,zeroshot
000000483047,2,coco-rem,calibration,zeroshot
000000325836,3,coco-rem,calibration,zeroshot
000000530631,4,coco-rem,calibration,zeroshot
000000372625,3,coco-rem,calibration,zeroshot
000000215092,2,coco-rem,calibration,zeroshot
000000281210,2,coco-rem,calibration,zeroshot
000000023035,2,coco-rem,calibration,zeroshot
000000207805,3,coco-rem,calibration,zeroshot
000000469195,2,coco-rem,calibration,zeroshot
000000233365,2,coco-rem,calibration,zeroshot
000000496687,2,coco-rem,calibration,zeroshot
000000385577,3,coco-rem,calibration,zeroshot
000000165750,3,coco-rem,calibration,zeroshot
000000239458,2,coco-rem,calibration,zeroshot
000000198557,3,coco-rem,calibration,zeroshot
000000191716,3,coco-rem,calibration,zeroshot
000000275930,3,coco-rem,calibration,zeroshot
000000546952,4,coco-rem,calibration,zeroshot
000000211186,3,coco-rem,calibration,zeroshot
000000454867,2,coco-rem,calibration,zeroshot
000000010785,3,coco-rem,calibration,zeroshot
000000331162,3,coco-rem,calibration,zeroshot
000000334752,3,coco-rem,calibration,zeroshot
000000102056,3,coco-rem,calibration,zeroshot
000000151375,3,coco-rem,calibration,zeroshot
000000428079,2,coco-rem,calibration,zeroshot
000000290282,2,coco-rem,calibration,zeroshot
000000350514,3,coco-rem,calibration,zeroshot
000000450800,3,coco-rem,calibration,zeroshot
000000458802,4,coco-rem,calibration,zeroshot
000000234091,2,coco-rem,calibration,zeroshot
000000270586,3,coco-rem,calibration,zeroshot
000000300782,2,coco-rem,calibration,zeroshot
000000131084,2,coco-rem,calibration,zeroshot
000000250578,3,coco-rem,calibration,zeroshot
000000211172,2,coco-rem,calibration,zeroshot
000000215407,2,coco-rem,calibration,zeroshot
000000062017,2,coco-rem,calibration,zeroshot
000000458361,3,coco-rem,calibration,zeroshot
000000172492,3,coco-rem,calibration,zeroshot
000000419819,2,coco-rem,calibration,zeroshot
000000550056,4,coco-rem,calibration,zeroshot
000000491872,2,coco-rem,calibration,zeroshot
000000496430,3,coco-rem,calibration,zeroshot
000000235683,4,coco-rem,calibration,zeroshot
000000268927,2,coco-rem,calibration,zeroshot
000000160815,4,coco-rem,calibration,zeroshot
000000047952,3,coco-rem,calibration,zeroshot
000000061945,3,coco-rem,calibration,zeroshot
000000338156,2,coco-rem,calibration,zeroshot
000000429990,2,coco-rem,calibration,zeroshot
000000175334,2,coco-rem,calibration,zeroshot
000000418692,3,coco-rem,calibration,zeroshot
000000140352,3,coco-rem,calibration,zeroshot
000000441824,3,coco-rem,calibration,zeroshot
000000412914,3,coco-rem,calibration,zeroshot
000000485946,2,coco-rem,calibration,zeroshot
000000067776,2,coco-rem,calibration,zeroshot
000000366651,3,coco-rem,calibration,zeroshot
000000045840,3,coco-rem,calibration,zeroshot
000000565070,2,coco-rem,calibration,zeroshot
000000518932,3,coco-rem,calibration,zeroshot
000000383389,3,coco-rem,calibration,zeroshot
000000470004,3,coco-rem,calibration,zeroshot
000000100560,3,coco-rem,calibration,zeroshot
000000234728,3,coco-rem,calibration,zeroshot
000000574208,3,coco-rem,calibration,zeroshot
000000435764,3,coco-rem,calibration,zeroshot
000000258676,2,coco-rem,calibration,zeroshot
000000458156,1,coco-rem,calibration,zeroshot
000000431853,4,coco-rem,calibration,zeroshot
000000433446,3,coco-rem,calibration,zeroshot
000000572572,3,coco-rem,calibration,zeroshot
000000050960,2,coco-rem,calibration,zeroshot
000000521652,3,coco-rem,calibration,zeroshot
000000132067,3,coco-rem,calibration,zeroshot
000000189129,2,coco-rem,calibration,zeroshot
000000015919,3,coco-rem,calibration,zeroshot
000000271897,2,coco-rem,calibration,zeroshot
000000533677,3,coco-rem,calibration,zeroshot
000000263668,3,coco-rem,calibration,zeroshot
000000267691,3,coco-rem,calibration,zeroshot
000000286450,2,coco-rem,calibration,zeroshot
000000490244,3,coco-rem,calibration,zeroshot
000000160866,4,coco-rem,calibration,zeroshot
000000477718,3,coco-rem,calibration,zeroshot
000000576397,3,coco-rem,calibration,zeroshot
000000547644,3,coco-rem,calibration,zeroshot
000000221044,4,coco-rem,calibration,zeroshot
000000107797,3,coco-rem,calibration,zeroshot
000000220187,3,coco-rem,calibration,zeroshot
000000382729,2,coco-rem,calibration,zeroshot
000000248771,3,coco-rem,calibration,zeroshot
000000555101,3,coco-rem,calibration,zeroshot
000000103804,3,coco-rem,calibration,zeroshot
000000198724,2,coco-rem,calibration,zeroshot
000000297175,3,coco-rem,calibration,zeroshot
000000160139,2,coco-rem,calibration,zeroshot
000000145699,2,coco-rem,calibration,zeroshot
000000237372,3,coco-rem,calibration,zeroshot
000000106043,4,coco-rem,calibration,zeroshot
000000537337,3,coco-rem,calibration,zeroshot
000000236630,3,coco-rem,calibration,zeroshot
000000258136,2,coco-rem,calibration,zeroshot
000000111245,2,coco-rem,calibration,zeroshot
000000028806,3,coco-rem,calibration,zeroshot
000000530313,4,coco-rem,calibration,zeroshot
000000198508,4,coco-rem,calibration,zeroshot
000000507263,3,coco-rem,calibration,zeroshot
000000043226,3,coco-rem,calibration,zeroshot
000000310772,3,coco-rem,calibration,zeroshot
000000525087,3,coco-rem,calibration,zeroshot
000000209904,4,coco-rem,calibration,zeroshot
000000439837,3,coco-rem,calibration,zeroshot
000000022482,3,coco-rem,calibration,zeroshot
000000550842,3,coco-rem,calibration,zeroshot
000000370831,3,coco-rem,calibration,zeroshot
000000550392,2,coco-rem,calibration,zeroshot
000000202842,3,coco-rem,calibration,zeroshot
000000032044,3,coco-rem,calibration,zeroshot
000000150212,2,coco-rem,calibration,zeroshot
000000011209,3,coco-rem,calibration,zeroshot
000000324962,2,coco-rem,calibration,zeroshot
000000488731,3,coco-rem,calibration,zeroshot
000000288724,3,coco-rem,calibration,zeroshot
000000446354,3,coco-rem,calibration,zeroshot
000000121718,3,coco-rem,calibration,zeroshot
000000365205,3,coco-rem,calibration,zeroshot
000000486571,3,coco-rem,calibration,zeroshot
000000458611,3,coco-rem,calibration,zeroshot
000000574135,4,coco-rem,calibration,zeroshot
000000284366,3,coco-rem,calibration,zeroshot
000000365652,4,coco-rem,calibration,zeroshot
000000379672,3,coco-rem,calibration,zeroshot
000000442232,3,coco-rem,calibration,zeroshot
000000289510,3,coco-rem,calibration,zeroshot
000000536200,3,coco-rem,calibration,zeroshot
000000515837,3,coco-rem,calibration,zeroshot
000000162887,3,coco-rem,calibration,zeroshot
000000215215,1,coco-rem,calibration,zeroshot
000000300786,4,coco-rem,calibration,zeroshot
000000249273,2,coco-rem,calibration,zeroshot
000000314693,2,coco-rem,calibration,zeroshot
000000357805,3,coco-rem,calibration,zeroshot
000000576709,1,coco-rem,calibration,zeroshot
000000227134,1,coco-rem,calibration,zeroshot
000000097365,2,coco-rem,calibration,zeroshot
000000397241,2,coco-rem,calibration,zeroshot
000000384641,3,coco-rem,calibration,zeroshot
000000458870,2,coco-rem,calibration,zeroshot
000000103877,2,coco-rem,calibration,zeroshot
000000149566,2,coco-rem,calibration,zeroshot
000000341189,2,coco-rem,calibration,zeroshot
000000295334,2,coco-rem,calibration,zeroshot
000000119414,2,coco-rem,calibration,zeroshot
000000184889,3,coco-rem,calibration,zeroshot
000000040407,3,coco-rem,calibration,zeroshot
000000303520,3,coco-rem,calibration,zeroshot
000000255741,3,coco-rem,calibration,zeroshot
000000201375,2,coco-rem,calibration,zeroshot
000000459585,3,coco-rem,calibration,zeroshot
000000183007,3,coco-rem,calibration,zeroshot
000000404271,3,coco-rem,calibration,zeroshot
000000280087,3,coco-rem,calibration,zeroshot
000000470770,3,coco-rem,calibration,zeroshot
000000091948,3,coco-rem,calibration,zeroshot
000000428440,3,coco-rem,calibration,zeroshot
000000318200,3,coco-rem,calibration,zeroshot
000000124627,4,coco-rem,calibration,zeroshot
000000353981,3,coco-rem,calibration,zeroshot
000000226136,3,coco-rem,calibration,zeroshot
000000037717,3,coco-rem,calibration,zeroshot
000000030852,2,coco-rem,calibration,zeroshot
000000113898,3,coco-rem,calibration,zeroshot
000000212757,2,coco-rem,calibration,zeroshot
000000432615,3,coco-rem,calibration,zeroshot
000000511774,3,coco-rem,calibration,zeroshot
000000111180,3,coco-rem,calibration,zeroshot
000000409707,3,coco-rem,calibration,zeroshot
000000107216,3,coco-rem,calibration,zeroshot
000000083507,1,coco-rem,calibration,zeroshot
000000448944,2,coco-rem,calibration,zeroshot
000000398419,4,coco-rem,calibration,zeroshot
000000318637,3,coco-rem,calibration,zeroshot
000000449598,3,coco-rem,calibration,zeroshot
000000427449,3,coco-rem,calibration,zeroshot
000000068381,2,coco-rem,calibration,zeroshot
000000293072,3,coco-rem,calibration,zeroshot
000000348702,3,coco-rem,calibration,zeroshot
000000402806,2,coco-rem,calibration,zeroshot
000000185229,3,coco-rem,calibration,zeroshot
000000068003,3,coco-rem,calibration,zeroshot
000000570268,3,coco-rem,calibration,zeroshot
000000468346,4,coco-rem,calibration,zeroshot
000000519076,3,coco-rem,calibration,zeroshot
000000205344,3,coco-rem,calibration,zeroshot
000000366648,3,coco-rem,calibration,zeroshot
000000341232,3,coco-rem,calibration,zeroshot
000000472405,4,coco-rem,calibration,zeroshot
000000363344,3,coco-rem,calibration,zeroshot
000000049369,4,coco-rem,calibration,zeroshot
000000402420,3,coco-rem,calibration,zeroshot
000000025758,3,coco-rem,calibration,zeroshot
000000567495,2,coco-rem,calibration,zeroshot
000000305501,3,coco-rem,calibration,zeroshot
000000470516,3,coco-rem,calibration,zeroshot
000000571185,3,coco-rem,calibration,zeroshot
000000380122,3,coco-rem,calibration,zeroshot
000000487612,3,coco-rem,calibration,zeroshot
000000393735,3,coco-rem,calibration,zeroshot
000000410373,2,coco-rem,calibration,zeroshot
000000416188,2,coco-rem,calibration,zeroshot
000000561047,3,coco-rem,calibration,zeroshot
000000133237,3,coco-rem,calibration,zeroshot
000000266442,3,coco-rem,calibration,zeroshot
000000466665,2,coco-rem,calibration,zeroshot
000000080044,3,coco-rem,calibration,zeroshot
000000519707,3,coco-rem,calibration,zeroshot
000000030548,2,coco-rem,calibration,zeroshot
000000059584,2,coco-rem,calibration,zeroshot
000000267284,4,coco-rem,calibration,zeroshot
000000459537,3,coco-rem,calibration,zeroshot
000000401398,3,coco-rem,calibration,zeroshot
000000247909,4,coco-rem,calibration,zeroshot
000000512845,2,coco-rem,calibration,zeroshot
000000215376,2,coco-rem,calibration,zeroshot
000000555847,2,coco-rem,calibration,zeroshot
000000418653,2,coco-rem,calibration,zeroshot
000000529787,2,coco-rem,calibration,zeroshot
000000356733,3,coco-rem,calibration,zeroshot
000000541999,3,coco-rem,calibration,zeroshot
000000082275,2,coco-rem,calibration,zeroshot
000000026436,3,coco-rem,calibration,zeroshot
000000217054,2,coco-rem,calibration,zeroshot
000000364683,3,coco-rem,calibration,zeroshot
000000049095,3,coco-rem,calibration,zeroshot
000000246342,3,coco-rem,calibration,zeroshot
000000426252,3,coco-rem,calibration,zeroshot
000000402671,3,coco-rem,calibration,zeroshot
000000310906,3,coco-rem,calibration,zeroshot
000000161603,4,coco-rem,calibration,zeroshot
000000376911,3,coco-rem,calibration,zeroshot
000000132212,3,coco-rem,calibration,zeroshot
000000364010,3,coco-rem,calibration,zeroshot
000000114173,2,coco-rem,calibration,zeroshot
000000405271,3,coco-rem,calibration,zeroshot
000000145211,3,coco-rem,calibration,zeroshot
000000415856,3,coco-rem,calibration,zeroshot
000000231267,2,coco-rem,calibration,zeroshot
000000027776,3,coco-rem,calibration,zeroshot
000000328412,3,coco-rem,calibration,zeroshot
000000016362,4,coco-rem,calibration,zeroshot
000000264930,3,coco-rem,calibration,zeroshot
000000441473,3,coco-rem,calibration,zeroshot
000000170601,2,coco-rem,calibration,zeroshot
000000536237,3,coco-rem,calibration,zeroshot
000000128553,3,coco-rem,calibration,zeroshot
000000046809,2,coco-rem,calibration,zeroshot
000000448826,3,coco-rem,calibration,zeroshot
000000181876,3,coco-rem,calibration,zeroshot
000000052827,2,coco-rem,calibration,zeroshot
000000389159,3,coco-rem,calibration,zeroshot
000000485142,2,coco-rem,calibration,zeroshot
000000578060,3,coco-rem,calibration,zeroshot
000000464296,2,coco-rem,calibration,zeroshot
000000379630,3,coco-rem,calibration,zeroshot
000000155496,3,coco-rem,calibration,zeroshot
000000557065,2,coco-rem,calibration,zeroshot
000000447983,1,coco-rem,calibration,zeroshot
000000181851,3,coco-rem,calibration,zeroshot
000000155270,3,coco-rem,calibration,zeroshot
000000460496,3,coco-rem,calibration,zeroshot
000000288219,3,coco-rem,calibration,zeroshot
000000512864,2,coco-rem,calibration,zeroshot
000000124002,3,coco-rem,calibration,zeroshot
000000134697,3,coco-rem,calibration,zeroshot
000000579909,3,coco-rem,calibration,zeroshot
000000065955,3,coco-rem,calibration,zeroshot
000000024264,2,coco-rem,calibration,zeroshot
000000426064,3,coco-rem,calibration,zeroshot
000000319142,2,coco-rem,calibration,zeroshot
000000193444,3,coco-rem,calibration,zeroshot
000000397365,3,coco-rem,calibration,zeroshot
000000529061,3,coco-rem,calibration,zeroshot
000000184431,3,coco-rem,calibration,zeroshot
000000110759,3,coco-rem,calibration,zeroshot
000000151892,3,coco-rem,calibration,zeroshot
000000030210,3,coco-rem,calibration,zeroshot
000000403830,3,coco-rem,calibration,zeroshot
000000240243,3,coco-rem,calibration,zeroshot
000000396661,4,coco-rem,calibration,zeroshot
000000421889,2,coco-rem,calibration,zeroshot
000000404222,3,coco-rem,calibration,zeroshot
000000121690,2,coco-rem,calibration,zeroshot
000000364436,3,coco-rem,calibration,zeroshot
000000351268,1,coco-rem,calibration,zeroshot
000000434326,2,coco-rem,calibration,zeroshot
000000021674,3,coco-rem,calibration,zeroshot
000000475403,3,coco-rem,calibration,zeroshot
000000424989,3,coco-rem,calibration,zeroshot
000000104211,3,coco-rem,calibration,zeroshot
000000251232,3,coco-rem,calibration,zeroshot
000000013292,2,coco-rem,calibration,zeroshot
000000319591,2,coco-rem,calibration,zeroshot
000000061409,3,coco-rem,calibration,zeroshot
000000053361,3,coco-rem,calibration,zeroshot
000000231362,3,coco-rem,calibration,zeroshot
000000007625,3,coco-rem,calibration,zeroshot
000000287228,2,coco-rem,calibration,zeroshot
000000107516,3,coco-rem,calibration,zeroshot
000000245505,1,coco-rem,calibration,zeroshot
000000463452,2,coco-rem,calibration,zeroshot
000000147591,4,coco-rem,calibration,zeroshot
000000190700,3,coco-rem,calibration,zeroshot
000000095422,3,coco-rem,calibration,zeroshot
000000258017,2,coco-rem,calibration,zeroshot
000000175830,2,coco-rem,calibration,zeroshot
000000211158,3,coco-rem,calibration,zeroshot
000000133609,3,coco-rem,calibration,zeroshot
000000382345,3,coco-rem,calibration,zeroshot
000000217938,3,coco-rem,calibration,zeroshot
000000320137,3,coco-rem,calibration,zeroshot
000000409239,2,coco-rem,calibration,zeroshot
000000536366,2,coco-rem,calibration,zeroshot
000000177323,3,coco-rem,calibration,zeroshot
000000048719,3,coco-rem,calibration,zeroshot
000000258089,3,coco-rem,calibration,zeroshot
000000497873,3,coco-rem,calibration,zeroshot
000000111824,2,coco-rem,calibration,zeroshot
000000524059,3,coco-rem,calibration,zeroshot
000000091969,2,coco-rem,calibration,zeroshot
000000101573,2,coco-rem,calibration,zeroshot
000000108392,4,coco-rem,calibration,zeroshot
000000185555,4,coco-rem,calibration,zeroshot
000000402855,3,coco-rem,calibration,zeroshot
000000333124,2,coco-rem,calibration,zeroshot
000000392985,2,coco-rem,calibration,zeroshot
000000307272,3,coco-rem,calibration,zeroshot
000000377155,3,coco-rem,calibration,zeroshot
000000150717,3,coco-rem,calibration,zeroshot
000000448759,2,coco-rem,calibration,zeroshot
000000535013,2,coco-rem,calibration,zeroshot
000000264619,3,coco-rem,calibration,zeroshot
000000132621,3,coco-rem,calibration,zeroshot
000000232819,3,coco-rem,calibration,zeroshot
000000097270,2,coco-rem,calibration,zeroshot
000000478805,3,coco-rem,calibration,zeroshot
000000083045,3,coco-rem,calibration,zeroshot
000000527219,3,coco-rem,calibration,zeroshot
000000099443,3,coco-rem,calibration,zeroshot
000000392871,3,coco-rem,calibration,zeroshot
000000495356,3,coco-rem,calibration,zeroshot
000000132612,3,coco-rem,calibration,zeroshot
000000169634,3,coco-rem,calibration,zeroshot
000000372536,2,coco-rem,calibration,zeroshot
000000122537,2,coco-rem,calibration,zeroshot
000000416705,3,coco-rem,calibration,zeroshot
000000156284,2,coco-rem,calibration,zeroshot
000000202918,2,coco-rem,calibration,zeroshot
000000067207,2,coco-rem,calibration,zeroshot
000000329752,3,coco-rem,calibration,zeroshot
000000276169,2,coco-rem,calibration,zeroshot
000000106895,3,coco-rem,calibration,zeroshot
000000054335,3,coco-rem,calibration,zeroshot
000000073016,3,coco-rem,calibration,zeroshot
000000298225,3,coco-rem,calibration,zeroshot
000000502126,3,coco-rem,calibration,zeroshot
000000129699,3,coco-rem,calibration,zeroshot
000000260129,2,coco-rem,calibration,zeroshot
000000460370,3,coco-rem,calibration,zeroshot
000000250877,3,coco-rem,calibration,zeroshot
000000004904,3,coco-rem,calibration,zeroshot
000000400596,2,coco-rem,calibration,zeroshot
000000557811,2,coco-rem,calibration,zeroshot
000000506388,3,coco-rem,calibration,zeroshot
000000340804,3,coco-rem,calibration,zeroshot
000000081826,1,coco-rem,calibration,zeroshot
000000193972,2,coco-rem,calibration,zeroshot
000000292227,2,coco-rem,calibration,zeroshot
000000171536,3,coco-rem,calibration,zeroshot
000000221317,3,coco-rem,calibration,zeroshot
000000043933,3,coco-rem,calibration,zeroshot
000000565245,3,coco-rem,calibration,zeroshot
000000241390,3,coco-rem,calibration,zeroshot
000000563301,2,coco-rem,calibration,zeroshot
000000336167,4,coco-rem,calibration,zeroshot
000000067577,3,coco-rem,calibration,zeroshot
000000464602,2,coco-rem,calibration,zeroshot
000000478922,2,coco-rem,calibration,zeroshot
000000568155,3,coco-rem,calibration,zeroshot
000000487970,2,coco-rem,calibration,zeroshot
000000302489,3,coco-rem,calibration,zeroshot
000000573622,2,coco-rem,calibration,zeroshot
000000436511,3,coco-rem,calibration,zeroshot
000000013900,2,coco-rem,calibration,zeroshot
000000551170,2,coco-rem,calibration,zeroshot
000000135797,3,coco-rem,calibration,zeroshot
000000031653,2,coco-rem,calibration,zeroshot
000000503569,3,coco-rem,calibration,zeroshot
000000007735,3,coco-rem,calibration,zeroshot
000000471039,3,coco-rem,calibration,zeroshot
000000438539,3,coco-rem,calibration,zeroshot
000000213694,2,coco-rem,calibration,zeroshot
000000442811,4,coco-rem,calibration,zeroshot
000000221536,2,coco-rem,calibration,zeroshot
000000049819,2,coco-rem,calibration,zeroshot
000000332943,2,coco-rem,calibration,zeroshot
000000489900,3,coco-rem,calibration,zeroshot
000000001903,2,coco-rem,calibration,zeroshot
000000505188,2,coco-rem,calibration,zeroshot
000000264962,3,coco-rem,calibration,zeroshot
000000301965,3,coco-rem,calibration,zeroshot
000000069311,3,coco-rem,calibration,zeroshot
000000392320,3,coco-rem,calibration,zeroshot
000000347292,3,coco-rem,calibration,zeroshot
000000186968,3,coco-rem,calibration,zeroshot
000000546352,3,coco-rem,calibration,zeroshot
000000038053,3,coco-rem,calibration,zeroshot
000000006409,3,coco-rem,calibration,zeroshot
000000046085,2,coco-rem,calibration,zeroshot
000000378872,2,coco-rem,calibration,zeroshot
000000065900,3,coco-rem,calibration,zeroshot
000000118471,3,coco-rem,calibration,zeroshot
000000183445,2,coco-rem,calibration,zeroshot
000000269306,3,coco-rem,calibration,zeroshot
000000096070,2,coco-rem,calibration,zeroshot
000000380271,3,coco-rem,calibration,zeroshot
000000467686,3,coco-rem,calibration,zeroshot
000000522061,2,coco-rem,calibration,zeroshot
000000034097,4,coco-rem,calibration,zeroshot
000000310633,3,coco-rem,calibration,zeroshot
000000496339,2,coco-rem,calibration,zeroshot
000000284333,1,coco-rem,calibration,zeroshot
000000205967,3,coco-rem,calibration,zeroshot
000000211593,3,coco-rem,calibration,zeroshot
000000076001,3,coco-rem,calibration,zeroshot
000000186844,2,coco-rem,calibration,zeroshot
000000348602,2,coco-rem,calibration,zeroshot
000000478005,4,coco-rem,calibration,zeroshot
000000224595,2,coco-rem,calibration,zeroshot
000000436571,3,coco-rem,calibration,zeroshot
000000428786,2,coco-rem,calibration,zeroshot
000000211722,2,coco-rem,calibration,zeroshot
000000188068,1,coco-rem,calibration,zeroshot
000000346997,3,coco-rem,calibration,zeroshot
000000087105,3,coco-rem,calibration,zeroshot
000000467939,3,coco-rem,calibration,zeroshot
000000455481,3,coco-rem,calibration,zeroshot
000000158887,2,coco-rem,calibration,zeroshot
000000018819,2,coco-rem,calibration,zeroshot
000000338980,1,coco-rem,calibration,zeroshot
000000173229,1,coco-rem,calibration,zeroshot
000000106287,2,coco-rem,calibration,zeroshot
000000527518,2,coco-rem,calibration,zeroshot
000000011349,3,coco-rem,calibration,zeroshot
000000120509,3,coco-rem,calibration,zeroshot
000000246656,2,coco-rem,calibration,zeroshot
000000381334,3,coco-rem,calibration,zeroshot
000000492215,2,coco-rem,calibration,zeroshot
000000491211,2,coco-rem,calibration,zeroshot
000000269168,1,coco-rem,calibration,zeroshot
000000373648,4,coco-rem,calibration,zeroshot
000000472054,3,coco-rem,calibration,zeroshot
000000392753,2,coco-rem,calibration,zeroshot
000000166828,3,coco-rem,calibration,zeroshot
000000284324,2,coco-rem,calibration,zeroshot
000000403150,3,coco-rem,calibration,zeroshot
000000090255,3,coco-rem,calibration,zeroshot
000000050025,3,coco-rem,calibration,zeroshot
000000297273,4,coco-rem,calibration,zeroshot
000000070724,3,coco-rem,calibration,zeroshot
000000120524,2,coco-rem,calibration,zeroshot
000000044488,3,coco-rem,calibration,zeroshot
000000008599,3,coco-rem,calibration,zeroshot
000000550597,3,coco-rem,calibration,zeroshot
000000338121,2,coco-rem,calibration,zeroshot
000000335940,3,coco-rem,calibration,zeroshot
000000145163,2,coco-rem,calibration,zeroshot
000000259491,2,coco-rem,calibration,zeroshot
000000153136,3,coco-rem,calibration,zeroshot
000000483611,3,coco-rem,calibration,zeroshot
000000255093,3,coco-rem,calibration,zeroshot
000000340060,2,coco-rem,calibration,zeroshot
000000495692,3,coco-rem,calibration,zeroshot
000000338018,2,coco-rem,calibration,zeroshot
000000513574,4,coco-rem,calibration,zeroshot
000000420490,3,coco-rem,calibration,zeroshot
000000342874,2,coco-rem,calibration,zeroshot
000000231466,3,coco-rem,calibration,zeroshot
000000447448,4,coco-rem,calibration,zeroshot
000000437209,2,coco-rem,calibration,zeroshot
000000002179,3,coco-rem,calibration,zeroshot
000000386589,2,coco-rem,calibration,zeroshot
000000352524,2,coco-rem,calibration,zeroshot
000000486513,3,coco-rem,calibration,zeroshot
000000574537,3,coco-rem,calibration,zeroshot
000000199688,3,coco-rem,calibration,zeroshot
000000305093,3,coco-rem,calibration,zeroshot
000000286760,3,coco-rem,calibration,zeroshot
000000315062,3,coco-rem,calibration,zeroshot
000000482984,2,coco-rem,calibration,zeroshot
000000008006,2,coco-rem,calibration,zeroshot
000000022403,3,coco-rem,calibration,zeroshot
000000026512,2,coco-rem,calibration,zeroshot
000000318386,3,coco-rem,calibration,zeroshot
000000540342,3,coco-rem,calibration,zeroshot
000000385770,3,coco-rem,calibration,zeroshot
000000063140,2,coco-rem,calibration,zeroshot
000000083716,4,coco-rem,calibration,zeroshot
000000390183,3,coco-rem,calibration,zeroshot
000000347976,3,coco-rem,calibration,zeroshot
000000191690,3,coco-rem,calibration,zeroshot
000000121112,3,coco-rem,calibration,zeroshot
000000525813,3,coco-rem,calibration,zeroshot
000000073634,3,coco-rem,calibration,zeroshot
000000212733,3,coco-rem,calibration,zeroshot
000000028588,3,coco-rem,calibration,zeroshot
000000294943,3,coco-rem,calibration,zeroshot
000000361030,2,coco-rem,calibration,zeroshot
000000136415,2,coco-rem,calibration,zeroshot
000000426128,3,coco-rem,calibration,zeroshot
000000559039,3,coco-rem,calibration,zeroshot
000000015826,3,coco-rem,calibration,zeroshot
000000087249,3,coco-rem,calibration,zeroshot
000000155386,2,coco-rem,calibration,zeroshot
000000471330,2,coco-rem,calibration,zeroshot
000000317130,3,coco-rem,calibration,zeroshot
000000042044,2,coco-rem,calibration,zeroshot
000000398209,3,coco-rem,calibration,zeroshot
000000097696,2,coco-rem,calibration,zeroshot
000000368727,2,coco-rem,calibration,zeroshot
000000047898,3,coco-rem,calibration,zeroshot
000000203481,3,coco-rem,calibration,zeroshot
000000556360,3,coco-rem,calibration,zeroshot
000000157938,3,coco-rem,calibration,zeroshot
000000527994,2,coco-rem,calibration,zeroshot
000000508004,3,coco-rem,calibration,zeroshot
000000092219,2,coco-rem,calibration,zeroshot
000000208144,2,coco-rem,calibration,zeroshot
000000310553,3,coco-rem,calibration,zeroshot
000000424637,3,coco-rem,calibration,zeroshot
000000242745,3,coco-rem,calibration,zeroshot
000000357966,3,coco-rem,calibration,zeroshot
000000024368,2,coco-rem,calibration,zeroshot
000000161060,3,coco-rem,calibration,zeroshot
000000123901,3,coco-rem,calibration,zeroshot
000000368081,3,coco-rem,calibration,zeroshot
000000417766,4,coco-rem,calibration,zeroshot
000000094920,4,coco-rem,calibration,zeroshot
000000216364,2,coco-rem,calibration,zeroshot
000000371791,4,coco-rem,calibration,zeroshot
000000424544,2,coco-rem,calibration,zeroshot
000000058102,3,coco-rem,calibration,zeroshot
000000292901,3,coco-rem,calibration,zeroshot
000000392099,3,coco-rem,calibration,zeroshot
000000439874,3,coco-rem,calibration,zeroshot
000000424554,2,coco-rem,calibration,zeroshot
000000222753,3,coco-rem,calibration,zeroshot
000000124924,3,coco-rem,calibration,zeroshot
000000386371,3,coco-rem,calibration,zeroshot
000000187286,3,coco-rem,calibration,zeroshot
000000369140,3,coco-rem,calibration,zeroshot
000000346469,4,coco-rem,calibration,zeroshot
000000378692,2,coco-rem,calibration,zeroshot
000000280814,3,coco-rem,calibration,zeroshot
000000246540,2,coco-rem,calibration,zeroshot
000000228261,3,coco-rem,calibration,zeroshot
000000207740,2,coco-rem,calibration,zeroshot
000000410590,3,coco-rem,calibration,zeroshot
000000384422,3,coco-rem,calibration,zeroshot
000000563258,3,coco-rem,calibration,zeroshot
000000033476,2,coco-rem,calibration,zeroshot
000000579303,3,coco-rem,calibration,zeroshot
000000503860,2,coco-rem,calibration,zeroshot
000000470442,3,coco-rem,calibration,zeroshot
000000458401,3,coco-rem,calibration,zeroshot
000000012096,2,coco-rem,calibration,zeroshot
000000491384,4,coco-rem,calibration,zeroshot
000000493707,2,coco-rem,calibration,zeroshot
000000334840,3,coco-rem,calibration,zeroshot
000000405605,2,coco-rem,calibration,zeroshot
000000378618,3,coco-rem,calibration,zeroshot
000000151492,3,coco-rem,calibration,zeroshot
000000027539,3,coco-rem,calibration,zeroshot
000000191283,3,coco-rem,calibration,zeroshot
000000513434,2,coco-rem,calibration,zeroshot
000000258327,4,coco-rem,calibration,zeroshot
000000118748,3,coco-rem,calibration,zeroshot
000000297370,3,coco-rem,calibration,zeroshot
000000463581,1,coco-rem,calibration,zeroshot
000000328346,3,coco-rem,calibration,zeroshot
000000536949,4,coco-rem,calibration,zeroshot
000000375425,3,coco-rem,calibration,zeroshot
000000307583,1,coco-rem,calibration,zeroshot
000000425000,3,coco-rem,calibration,zeroshot
000000549410,2,coco-rem,calibration,zeroshot
000000437892,3,coco-rem,calibration,zeroshot
000000432997,4,coco-rem,calibration,zeroshot
000000541783,4,coco-rem,calibration,zeroshot
000000306947,2,coco-rem,calibration,zeroshot
000000043611,3,coco-rem,calibration,zeroshot
000000243153,3,coco-rem,calibration,zeroshot
000000461365,2,coco-rem,calibration,zeroshot
000000438617,2,coco-rem,calibration,zeroshot
000000219179,2,coco-rem,calibration,zeroshot
000000070288,2,coco-rem,calibration,zeroshot
000000121349,3,coco-rem,calibration,zeroshot
000000136493,2,coco-rem,calibration,zeroshot
000000346702,2,coco-rem,calibration,zeroshot
000000580975,4,coco-rem,calibration,zeroshot
000000379067,3,coco-rem,calibration,zeroshot
000000338972,3,coco-rem,calibration,zeroshot
000000560976,2,coco-rem,calibration,zeroshot
000000020781,3,coco-rem,calibration,zeroshot
000000172886,3,coco-rem,calibration,zeroshot
000000226324,3,coco-rem,calibration,zeroshot
000000430489,4,coco-rem,calibration,zeroshot
000000498915,3,coco-rem,calibration,zeroshot
000000268579,2,coco-rem,calibration,zeroshot
000000417440,3,coco-rem,calibration,zeroshot
000000079992,3,coco-rem,calibration,zeroshot
000000117644,2,coco-rem,calibration,zeroshot
000000413970,3,coco-rem,calibration,zeroshot
000000021968,3,coco-rem,calibration,zeroshot
000000006426,2,coco-rem,calibration,zeroshot
000000439288,3,coco-rem,calibration,zeroshot
000000039399,1,coco-rem,calibration,zeroshot
000000365444,3,coco-rem,calibration,zeroshot
000000147753,4,coco-rem,calibration,zeroshot
000000579548,3,coco-rem,calibration,zeroshot
000000004489,4,coco-rem,calibration,zeroshot
000000230057,3,coco-rem,calibration,zeroshot
000000161738,3,coco-rem,calibration,zeroshot
000000149123,2,coco-rem,calibration,zeroshot
000000560158,4,coco-rem,calibration,zeroshot
000000193255,3,coco-rem,calibration,zeroshot
000000326811,2,coco-rem,calibration,zeroshot
000000144372,3,coco-rem,calibration,zeroshot
000000065353,4,coco-rem,calibration,zeroshot
000000475621,2,coco-rem,calibration,zeroshot
000000351808,3,coco-rem,calibration,zeroshot
000000393887,2,coco-rem,calibration,zeroshot
000000470112,3,coco-rem,calibration,zeroshot
000000176298,2,coco-rem,calibration,zeroshot
000000379760,3,coco-rem,calibration,zeroshot
000000579463,2,coco-rem,calibration,zeroshot
000000180779,3,coco-rem,calibration,zeroshot
000000491831,4,coco-rem,calibration,zeroshot
000000266533,3,coco-rem,calibration,zeroshot
000000011265,3,coco-rem,calibration,zeroshot
000000419767,3,coco-rem,calibration,zeroshot
000000240586,3,coco-rem,calibration,zeroshot
000000315868,2,coco-rem,calibration,zeroshot
000000003389,3,coco-rem,calibration,zeroshot
000000190722,3,coco-rem,calibration,zeroshot
000000145488,2,coco-rem,calibration,zeroshot
000000070336,3,coco-rem,calibration,zeroshot
000000416048,3,coco-rem,calibration,zeroshot
000000460858,2,coco-rem,calibration,zeroshot
000000188532,4,coco-rem,calibration,zeroshot
000000358795,2,coco-rem,calibration,zeroshot
000000355214,3,coco-rem,calibration,zeroshot
000000027343,3,coco-rem,calibration,zeroshot
000000413600,3,coco-rem,calibration,zeroshot
000000549797,3,coco-rem,calibration,zeroshot
000000097951,3,coco-rem,calibration,zeroshot
000000096582,3,coco-rem,calibration,zeroshot
000000179571,3,coco-rem,calibration,zeroshot
000000104594,3,coco-rem,calibration,zeroshot
000000483941,1,coco-rem,calibration,zeroshot
000000178901,4,coco-rem,calibration,zeroshot
000000161543,2,coco-rem,calibration,zeroshot
000000506371,4,coco-rem,calibration,zeroshot
000000209133,2,coco-rem,calibration,zeroshot
000000164499,3,coco-rem,calibration,zeroshot
000000532260,2,coco-rem,calibration,zeroshot
000000249226,3,coco-rem,calibration,zeroshot
000000376490,2,coco-rem,calibration,zeroshot
000000384967,3,coco-rem,calibration,zeroshot
000000306178,2,coco-rem,calibration,zeroshot
000000530863,3,coco-rem,calibration,zeroshot
000000478380,4,coco-rem,calibration,zeroshot
000000407990,1,coco-rem,calibration,zeroshot
000000160967,3,coco-rem,calibration,zeroshot
000000518027,3,coco-rem,calibration,zeroshot
000000143929,3,coco-rem,calibration,zeroshot
000000014857,2,coco-rem,calibration,zeroshot
000000521306,3,coco-rem,calibration,zeroshot
000000493760,3,coco-rem,calibration,zeroshot
000000436611,2,coco-rem,calibration,zeroshot
000000326531,3,coco-rem,calibration,zeroshot
000000420411,2,coco-rem,calibration,zeroshot
000000427802,4,coco-rem,calibration,zeroshot
000000019781,1,coco-rem,calibration,zeroshot
000000358421,2,coco-rem,calibration,zeroshot
000000357498,3,coco-rem,calibration,zeroshot
000000475808,3,coco-rem,calibration,zeroshot
000000367639,3,coco-rem,calibration,zeroshot
000000535179,3,coco-rem,calibration,zeroshot
000000401251,3,coco-rem,calibration,zeroshot
000000185091,3,coco-rem,calibration,zeroshot
000000383972,3,coco-rem,calibration,zeroshot
000000530758,3,coco-rem,calibration,zeroshot
000000156100,2,coco-rem,calibration,zeroshot
000000148409,2,coco-rem,calibration,zeroshot
000000092847,3,coco-rem,calibration,zeroshot
000000223481,3,coco-rem,calibration,zeroshot
000000398463,3,coco-rem,calibration,zeroshot
000000569769,3,coco-rem,calibration,zeroshot
000000118775,3,coco-rem,calibration,zeroshot
000000026654,3,coco-rem,calibration,zeroshot
000000349230,3,coco-rem,calibration,zeroshot
000000557812,2,coco-rem,calibration,zeroshot
000000253693,3,coco-rem,calibration,zeroshot
000000289245,3,coco-rem,calibration,zeroshot
000000505919,3,coco-rem,calibration,zeroshot
000000238448,3,coco-rem,calibration,zeroshot
000000516088,2,coco-rem,calibration,zeroshot
000000141862,2,coco-rem,calibration,zeroshot
000000401499,2,coco-rem,calibration,zeroshot
000000061660,3,coco-rem,calibration,zeroshot
000000319031,3,coco-rem,calibration,zeroshot
000000522452,2,coco-rem,calibration,zeroshot
000000427958,3,coco-rem,calibration,zeroshot
000000554643,3,coco-rem,calibration,zeroshot
000000190537,2,coco-rem,calibration,zeroshot
000000314082,3,coco-rem,calibration,zeroshot
000000348144,2,coco-rem,calibration,zeroshot
000000355304,3,coco-rem,calibration,zeroshot
000000206068,4,coco-rem,calibration,zeroshot
000000502978,2,coco-rem,calibration,zeroshot
000000457168,3,coco-rem,calibration,zeroshot
000000517748,3,coco-rem,calibration,zeroshot
000000480057,4,coco-rem,calibration,zeroshot
000000564936,3,coco-rem,calibration,zeroshot
000000530160,3,coco-rem,calibration,zeroshot
000000179011,2,coco-rem,calibration,zeroshot
000000504769,2,coco-rem,calibration,zeroshot
000000271364,3,coco-rem,calibration,zeroshot
000000532245,4,coco-rem,calibration,zeroshot
000000200735,3,coco-rem,calibration,zeroshot
000000075522,4,coco-rem,calibration,zeroshot
000000568256,1,coco-rem,calibration,zeroshot
000000115973,3,coco-rem,calibration,zeroshot
000000164224,3,coco-rem,calibration,zeroshot
000000321935,3,coco-rem,calibration,zeroshot
000000404579,2,coco-rem,calibration,zeroshot
000000143054,3,coco-rem,calibration,zeroshot
000000121420,3,coco-rem,calibration,zeroshot
000000004309,3,coco-rem,calibration,zeroshot
000000472630,2,coco-rem,calibration,zeroshot
000000403143,3,coco-rem,calibration,zeroshot
000000570963,3,coco-rem,calibration,zeroshot
000000118436,2,coco-rem,calibration,zeroshot
000000109558,1,coco-rem,calibration,zeroshot
000000272487,1,coco-rem,calibration,zeroshot
000000103697,4,coco-rem,calibration,zeroshot
000000283874,4,coco-rem,calibration,zeroshot
000000424370,2,coco-rem,calibration,zeroshot
000000019375,3,coco-rem,calibration,zeroshot
000000449712,3,coco-rem,calibration,zeroshot
000000071214,3,coco-rem,calibration,zeroshot
000000022741,4,coco-rem,calibration,zeroshot
000000144935,4,coco-rem,calibration,zeroshot
000000242828,3,coco-rem,calibration,zeroshot
000000016523,2,coco-rem,calibration,zeroshot
000000418297,3,coco-rem,calibration,zeroshot
000000324052,3,coco-rem,calibration,zeroshot
000000241836,2,coco-rem,calibration,zeroshot
000000253095,4,coco-rem,calibration,zeroshot
000000436605,3,coco-rem,calibration,zeroshot
000000508087,3,coco-rem,calibration,zeroshot
000000323827,3,coco-rem,calibration,zeroshot
000000014941,3,coco-rem,calibration,zeroshot
000000202372,4,coco-rem,calibration,zeroshot
000000575361,3,coco-rem,calibration,zeroshot
000000568459,2,coco-rem,calibration,zeroshot
000000466599,3,coco-rem,calibration,zeroshot
000000116031,3,coco-rem,calibration,zeroshot
000000435377,3,coco-rem,calibration,zeroshot
000000180966,3,coco-rem,calibration,zeroshot
000000428152,3,coco-rem,calibration,zeroshot
000000225490,3,coco-rem,calibration,zeroshot
000000214834,4,coco-rem,calibration,zeroshot
000000035725,4,coco-rem,calibration,zeroshot
000000072018,3,coco-rem,calibration,zeroshot
000000070863,3,coco-rem,calibration,zeroshot
000000275657,3,coco-rem,calibration,zeroshot
000000237632,3,coco-rem,calibration,zeroshot
000000396481,3,coco-rem,calibration,zeroshot
000000319690,4,coco-rem,calibration,zeroshot
000000490461,3,coco-rem,calibration,zeroshot
000000271490,2,coco-rem,calibration,zeroshot
000000227734,3,coco-rem,calibration,zeroshot
000000260230,3,coco-rem,calibration,zeroshot
000000133486,3,coco-rem,calibration,zeroshot
000000361572,4,coco-rem,calibration,zeroshot
000000197616,2,coco-rem,calibration,zeroshot
000000185025,3,coco-rem,calibration,zeroshot
000000225989,3,coco-rem,calibration,zeroshot
000000431660,3,coco-rem,calibration,zeroshot
000000526227,3,coco-rem,calibration,zeroshot
000000446670,2,coco-rem,calibration,zeroshot
000000054532,3,coco-rem,calibration,zeroshot
000000364299,3,coco-rem,calibration,zeroshot
000000440387,3,coco-rem,calibration,zeroshot
000000423717,2,coco-rem,calibration,zeroshot
000000365271,3,coco-rem,calibration,zeroshot
000000181223,3,coco-rem,calibration,zeroshot
000000295823,3,coco-rem,calibration,zeroshot
000000044178,3,coco-rem,calibration,zeroshot
000000286348,2,coco-rem,calibration,zeroshot
000000160101,3,coco-rem,calibration,zeroshot
000000472614,4,coco-rem,calibration,zeroshot
000000530384,3,coco-rem,calibration,zeroshot
000000339536,3,coco-rem,calibration,zeroshot
000000440891,4,coco-rem,calibration,zeroshot
000000521752,3,coco-rem,calibration,zeroshot
000000374829,3,coco-rem,calibration,zeroshot
000000482122,3,coco-rem,calibration,zeroshot
000000369296,3,coco-rem,calibration,zeroshot
000000443635,4,coco-rem,calibration,zeroshot
000000120380,2,coco-rem,calibration,zeroshot
000000190277,2,coco-rem,calibration,zeroshot
000000324497,1,coco-rem,calibration,zeroshot
000000365479,3,coco-rem,calibration,zeroshot
000000314188,2,coco-rem,calibration,zeroshot
000000331395,4,coco-rem,calibration,zeroshot
000000496097,3,coco-rem,calibration,zeroshot
000000033172,3,coco-rem,calibration,zeroshot
000000440329,3,coco-rem,calibration,zeroshot
000000543836,3,coco-rem,calibration,zeroshot
000000349485,3,coco-rem,calibration,zeroshot
000000490405,3,coco-rem,calibration,zeroshot
000000340217,3,coco-rem,calibration,zeroshot
000000127259,4,coco-rem,calibration,zeroshot
000000215196,2,coco-rem,calibration,zeroshot
000000127558,3,coco-rem,calibration,zeroshot
000000122302,4,coco-rem,calibration,zeroshot
000000258837,3,coco-rem,calibration,zeroshot
000000560511,3,coco-rem,calibration,zeroshot
000000063676,3,coco-rem,calibration,zeroshot
000000295655,3,coco-rem,calibration,zeroshot
000000507871,3,coco-rem,calibration,zeroshot
000000118330,3,coco-rem,calibration,zeroshot
000000237203,3,coco-rem,calibration,zeroshot
000000229539,3,coco-rem,calibration,zeroshot
000000244283,3,coco-rem,calibration,zeroshot
000000404471,3,coco-rem,calibration,zeroshot
000000426551,3,coco-rem,calibration,zeroshot
000000379188,2,coco-rem,calibration,zeroshot
000000523468,4,coco-rem,calibration,zeroshot
000000236176,3,coco-rem,calibration,zeroshot
000000563809,3,coco-rem,calibration,zeroshot
000000241402,3,coco-rem,calibration,zeroshot
000000344920,3,coco-rem,calibration,zeroshot
000000330701,3,coco-rem,calibration,zeroshot
000000499627,3,coco-rem,calibration,zeroshot
000000001591,3,coco-rem,calibration,zeroshot
000000131902,3,coco-rem,calibration,zeroshot
000000290379,3,coco-rem,calibration,zeroshot
000000273600,3,coco-rem,calibration,zeroshot
000000064342,3,coco-rem,calibration,zeroshot
000000000761,4,coco-rem,calibration,zeroshot
000000393617,3,coco-rem,calibration,zeroshot
000000208288,4,coco-rem,calibration,zeroshot
000000273808,3,coco-rem,calibration,zeroshot
000000238858,3,coco-rem,calibration,zeroshot
000000107519,3,coco-rem,calibration,zeroshot
000000185002,4,coco-rem,calibration,zeroshot
000000354070,3,coco-rem,calibration,zeroshot
000000108557,3,coco-rem,calibration,zeroshot
000000496313,3,coco-rem,calibration,zeroshot
000000052086,3,coco-rem,calibration,zeroshot
000000538187,4,coco-rem,calibration,zeroshot
000000552222,3,coco-rem,calibration,zeroshot
000000044523,2,coco-rem,calibration,zeroshot
000000265677,5,coco-rem,calibration,zeroshot
000000530599,3,coco-rem,calibration,zeroshot
000000045479,2,coco-rem,calibration,zeroshot
000000573357,3,coco-rem,calibration,zeroshot
000000474953,2,coco-rem,calibration,zeroshot
000000116872,2,coco-rem,calibration,zeroshot
000000426975,3,coco-rem,calibration,zeroshot
000000561589,3,coco-rem,calibration,zeroshot
000000089725,4,coco-rem,calibration,zeroshot
000000093604,3,coco-rem,calibration,zeroshot
000000253170,3,coco-rem,calibration,zeroshot
000000084454,3,coco-rem,calibration,zeroshot
000000521232,4,coco-rem,calibration,zeroshot
000000165455,3,coco-rem,calibration,zeroshot
000000421360,3,coco-rem,calibration,zeroshot
000000363986,4,coco-rem,calibration,zeroshot
000000326700,3,coco-rem,calibration,zeroshot
000000325220,4,coco-rem,calibration,zeroshot
000000214742,2,coco-rem,calibration,zeroshot
000000270330,3,coco-rem,calibration,zeroshot
000000127945,3,coco-rem,calibration,zeroshot
000000426377,3,coco-rem,calibration,zeroshot
000000027642,4,coco-rem,calibration,zeroshot
000000090343,3,coco-rem,calibration,zeroshot
000000348371,3,coco-rem,calibration,zeroshot
000000075932,3,coco-rem,calibration,zeroshot
000000534736,4,coco-rem,calibration,zeroshot
000000285457,3,coco-rem,calibration,zeroshot
000000019589,3,coco-rem,calibration,zeroshot
000000269325,3,coco-rem,calibration,zeroshot
000000261585,4,coco-rem,calibration,zeroshot
000000040874,3,coco-rem,calibration,zeroshot
000000137301,3,coco-rem,calibration,zeroshot
000000458935,3,coco-rem,calibration,zeroshot
000000025123,4,coco-rem,calibration,zeroshot
000000043393,4,coco-rem,calibration,zeroshot
000000307757,3,coco-rem,calibration,zeroshot
000000074407,3,coco-rem,calibration,zeroshot
000000113556,3,coco-rem,calibration,zeroshot
000000568396,3,coco-rem,calibration,zeroshot
000000275450,3,coco-rem,calibration,zeroshot
000000209286,2,coco-rem,calibration,zeroshot
000000086292,3,coco-rem,calibration,zeroshot
000000108701,3,coco-rem,calibration,zeroshot
000000419216,3,coco-rem,calibration,zeroshot
000000574623,2,coco-rem,calibration,zeroshot
000000041913,4,coco-rem,calibration,zeroshot
000000518889,3,coco-rem,calibration,zeroshot
000000539793,3,coco-rem,calibration,zeroshot
000000521620,3,coco-rem,calibration,zeroshot
000000523754,3,coco-rem,calibration,zeroshot
000000026833,3,coco-rem,calibration,zeroshot
000000150444,3,coco-rem,calibration,zeroshot
000000322094,2,coco-rem,calibration,zeroshot
000000328066,2,coco-rem,calibration,zeroshot
000000485447,4,coco-rem,calibration,zeroshot
000000325371,3,coco-rem,calibration,zeroshot
000000263008,2,coco-rem,calibration,zeroshot
000000269346,3,coco-rem,calibration,zeroshot
000000250790,3,coco-rem,calibration,zeroshot
000000126229,3,coco-rem,calibration,zeroshot
000000399540,3,coco-rem,calibration,zeroshot
000000566668,3,coco-rem,calibration,zeroshot
000000396420,4,coco-rem,calibration,zeroshot
000000297220,3,coco-rem,calibration,zeroshot
000000236282,4,coco-rem,calibration,zeroshot
000000207995,2,coco-rem,calibration,zeroshot
000000175437,3,coco-rem,calibration,zeroshot
000000136683,3,coco-rem,calibration,zeroshot
000000049175,2,coco-rem,calibration,zeroshot
000000061899,4,coco-rem,calibration,zeroshot
000000382101,2,coco-rem,calibration,zeroshot
000000560123,3,coco-rem,calibration,zeroshot
000000012455,3,coco-rem,calibration,zeroshot
000000472690,4,coco-rem,calibration,zeroshot
000000517032,2,coco-rem,calibration,zeroshot
000000361670,3,coco-rem,calibration,zeroshot
000000246014,4,coco-rem,calibration,zeroshot
000000419483,4,coco-rem,calibration,zeroshot
000000401785,4,coco-rem,calibration,zeroshot
000000366789,4,coco-rem,calibration,zeroshot
000000163985,3,coco-rem,calibration,zeroshot
000000131364,3,coco-rem,calibration,zeroshot
000000435076,4,coco-rem,calibration,zeroshot
000000298067,3,coco-rem,calibration,zeroshot
000000253212,3,coco-rem,calibration,zeroshot
000000157519,3,coco-rem,calibration,zeroshot
000000024923,2,coco-rem,calibration,zeroshot
000000345880,3,coco-rem,calibration,zeroshot
000000380828,3,coco-rem,calibration,zeroshot
000000359131,1,coco-rem,calibration,zeroshot
000000545022,3,coco-rem,calibration,zeroshot
000000232279,3,coco-rem,calibration,zeroshot
000000551515,2,coco-rem,calibration,zeroshot
000000209428,3,coco-rem,calibration,zeroshot
000000223020,3,coco-rem,calibration,zeroshot
000000500071,3,coco-rem,calibration,zeroshot
000000100519,3,coco-rem,calibration,zeroshot
000000094103,3,coco-rem,calibration,zeroshot
000000355425,3,coco-rem,calibration,zeroshot
000000514016,2,coco-rem,calibration,zeroshot
000000502712,3,coco-rem,calibration,zeroshot
000000258792,2,coco-rem,calibration,zeroshot
000000526432,3,coco-rem,calibration,zeroshot
000000155861,3,coco-rem,calibration,zeroshot
000000015586,2,coco-rem,calibration,zeroshot
000000513899,4,coco-rem,calibration,zeroshot
000000411343,3,coco-rem,calibration,zeroshot
000000104337,3,coco-rem,calibration,zeroshot
000000055873,3,coco-rem,calibration,zeroshot
000000298540,3,coco-rem,calibration,zeroshot
000000185041,3,coco-rem,calibration,zeroshot
000000462565,4,coco-rem,calibration,zeroshot
000000469300,3,coco-rem,calibration,zeroshot
000000037401,3,coco-rem,calibration,zeroshot
000000432796,3,coco-rem,calibration,zeroshot
000000130538,3,coco-rem,calibration,zeroshot
000000002608,3,coco-rem,calibration,zeroshot
000000275631,2,coco-rem,calibration,zeroshot
000000144983,3,coco-rem,calibration,zeroshot
000000557985,3,coco-rem,calibration,zeroshot
000000484579,3,coco-rem,calibration,zeroshot
000000362373,3,coco-rem,calibration,zeroshot
000000474031,3,coco-rem,calibration,zeroshot
000000198596,3,coco-rem,calibration,zeroshot
000000342639,2,coco-rem,calibration,zeroshot
000000343619,2,coco-rem,calibration,zeroshot
000000159582,2,coco-rem,calibration,zeroshot
000000537248,2,coco-rem,calibration,zeroshot
000000210997,2,coco-rem,calibration,zeroshot
000000011320,3,coco-rem,calibration,zeroshot
000000035696,3,coco-rem,calibration,zeroshot
000000375321,3,coco-rem,calibration,zeroshot
000000058232,3,coco-rem,calibration,zeroshot
000000111591,4,coco-rem,calibration,zeroshot
000000105768,4,coco-rem,calibration,zeroshot
000000129334,3,coco-rem,calibration,zeroshot
000000428391,3,coco-rem,calibration,zeroshot
000000126230,3,coco-rem,calibration,zeroshot
000000001756,4,coco-rem,calibration,zeroshot
000000269033,2,coco-rem,calibration,zeroshot
000000525615,3,coco-rem,calibration,zeroshot
000000187822,4,coco-rem,calibration,zeroshot
000000246007,3,coco-rem,calibration,zeroshot
000000456833,2,coco-rem,calibration,zeroshot
000000108803,3,coco-rem,calibration,zeroshot
000000050204,3,coco-rem,calibration,zeroshot
000000509811,3,coco-rem,calibration,zeroshot
000000304789,3,coco-rem,calibration,zeroshot
000000233994,4,coco-rem,calibration,zeroshot
000000028698,3,coco-rem,calibration,zeroshot
000000271495,3,coco-rem,calibration,zeroshot
000000250194,3,coco-rem,calibration,zeroshot
000000310538,3,coco-rem,calibration,zeroshot
000000511929,2,coco-rem,calibration,zeroshot
000000549224,3,coco-rem,calibration,zeroshot
000000181084,3,coco-rem,calibration,zeroshot
000000550477,2,coco-rem,calibration,zeroshot
000000377910,2,coco-rem,calibration,zeroshot
000000246815,4,coco-rem,calibration,zeroshot
000000240952,3,coco-rem,calibration,zeroshot
000000542472,3,coco-rem,calibration,zeroshot
000000279373,3,coco-rem,calibration,zeroshot
000000154727,1,coco-rem,calibration,zeroshot
000000184161,2,coco-rem,calibration,zeroshot
000000271310,5,coco-rem,calibration,zeroshot
000000269843,3,coco-rem,calibration,zeroshot
000000120285,3,coco-rem,calibration,zeroshot
000000564803,3,coco-rem,calibration,zeroshot
000000154301,3,coco-rem,calibration,zeroshot
000000326408,4,coco-rem,calibration,zeroshot
000000116601,1,coco-rem,calibration,zeroshot
000000262359,3,coco-rem,calibration,zeroshot
000000082787,2,coco-rem,calibration,zeroshot
000000535151,3,coco-rem,calibration,zeroshot
000000511639,3,coco-rem,calibration,zeroshot
000000301110,3,coco-rem,calibration,zeroshot
000000364079,3,coco-rem,calibration,zeroshot
000000006753,4,coco-rem,calibration,zeroshot
000000191225,3,coco-rem,calibration,zeroshot
000000012884,3,coco-rem,calibration,zeroshot
000000565405,3,coco-rem,calibration,zeroshot
000000343349,3,coco-rem,calibration,zeroshot
000000577843,3,coco-rem,calibration,zeroshot
000000354827,3,coco-rem,calibration,zeroshot
000000100959,3,coco-rem,calibration,zeroshot
000000304530,4,coco-rem,calibration,zeroshot
000000274753,3,coco-rem,calibration,zeroshot
000000158922,3,coco-rem,calibration,zeroshot
000000515392,3,coco-rem,calibration,zeroshot
000000127235,3,coco-rem,calibration,zeroshot
000000152633,3,coco-rem,calibration,zeroshot
000000202990,4,coco-rem,calibration,zeroshot
000000300501,3,coco-rem,calibration,zeroshot
000000501054,3,coco-rem,calibration,zeroshot
000000062543,3,coco-rem,calibration,zeroshot
000000330140,2,coco-rem,calibration,zeroshot
000000002764,3,coco-rem,calibration,zeroshot
000000247945,3,coco-rem,calibration,zeroshot
000000209574,3,coco-rem,calibration,zeroshot
000000178566,3,coco-rem,calibration,zeroshot
000000256550,3,coco-rem,calibration,zeroshot
000000097873,3,coco-rem,calibration,zeroshot
000000012497,3,coco-rem,calibration,zeroshot
000000559463,4,coco-rem,calibration,zeroshot
000000337146,3,coco-rem,calibration,zeroshot
000000310390,3,coco-rem,calibration,zeroshot
000000354402,2,coco-rem,calibration,zeroshot
000000113985,3,coco-rem,calibration,zeroshot
000000255665,3,coco-rem,calibration,zeroshot
000000256101,4,coco-rem,calibration,zeroshot
000000521533,3,coco-rem,calibration,zeroshot
000000084840,3,coco-rem,calibration,zeroshot
000000292257,2,coco-rem,calibration,zeroshot
000000313872,2,coco-rem,calibration,zeroshot
000000569437,3,coco-rem,calibration,zeroshot
000000348314,3,coco-rem,calibration,zeroshot
000000027710,4,coco-rem,calibration,zeroshot
000000382715,3,coco-rem,calibration,zeroshot
000000042204,4,coco-rem,calibration,zeroshot
000000228681,4,coco-rem,calibration,zeroshot
000000018267,2,coco-rem,calibration,zeroshot
000000022593,3,coco-rem,calibration,zeroshot
000000493294,3,coco-rem,calibration,zeroshot
000000285603,4,coco-rem,calibration,zeroshot
000000271461,2,coco-rem,calibration,zeroshot
000000091366,3,coco-rem,calibration,zeroshot
000000035004,3,coco-rem,calibration,zeroshot
000000248167,2,coco-rem,calibration,zeroshot
000000281679,3,coco-rem,calibration,zeroshot
000000455548,3,coco-rem,calibration,zeroshot
000000164330,3,coco-rem,calibration,zeroshot
000000261026,3,coco-rem,calibration,zeroshot
000000423161,3,coco-rem,calibration,zeroshot
000000104756,4,coco-rem,calibration,zeroshot
000000422279,2,coco-rem,calibration,zeroshot
000000554587,3,coco-rem,calibration,zeroshot
000000384998,3,coco-rem,calibration,zeroshot
000000122357,3,coco-rem,calibration,zeroshot
000000568137,2,coco-rem,calibration,zeroshot
000000528341,3,coco-rem,calibration,zeroshot
000000217303,3,coco-rem,calibration,zeroshot
000000304523,3,coco-rem,calibration,zeroshot
000000299764,2,coco-rem,calibration,zeroshot
000000423534,3,coco-rem,calibration,zeroshot
000000467432,3,coco-rem,calibration,zeroshot
000000165550,2,coco-rem,calibration,zeroshot
000000352480,3,coco-rem,calibration,zeroshot
000000477622,2,coco-rem,calibration,zeroshot
000000351148,2,coco-rem,calibration,zeroshot
000000037527,4,coco-rem,calibration,zeroshot
000000217487,4,coco-rem,calibration,zeroshot
000000527906,2,coco-rem,calibration,zeroshot
000000085187,3,coco-rem,calibration,zeroshot
000000187181,3,coco-rem,calibration,zeroshot
000000169885,3,coco-rem,calibration,zeroshot
000000315487,2,coco-rem,calibration,zeroshot
000000327532,3,coco-rem,calibration,zeroshot
000000570023,2,coco-rem,calibration,zeroshot
000000074901,3,coco-rem,calibration,zeroshot
000000052461,2,coco-rem,calibration,zeroshot
000000576857,3,coco-rem,calibration,zeroshot
000000532817,4,coco-rem,calibration,zeroshot
000000290400,2,coco-rem,calibration,zeroshot
000000116155,4,coco-rem,calibration,zeroshot
000000329343,3,coco-rem,calibration,zeroshot
000000472253,4,coco-rem,calibration,zeroshot
000000359232,2,coco-rem,calibration,zeroshot
000000102037,4,coco-rem,calibration,zeroshot
000000443964,3,coco-rem,calibration,zeroshot
000000228463,3,coco-rem,calibration,zeroshot
000000170513,3,coco-rem,calibration,zeroshot
000000092464,2,coco-rem,calibration,zeroshot
000000100827,4,coco-rem,calibration,zeroshot
000000356153,3,coco-rem,calibration,zeroshot
000000533137,3,coco-rem,calibration,zeroshot
000000528957,3,coco-rem,calibration,zeroshot
000000395321,2,coco-rem,calibration,zeroshot
000000210845,4,coco-rem,calibration,zeroshot
000000340488,3,coco-rem,calibration,zeroshot
000000514321,3,coco-rem,calibration,zeroshot
000000153734,3,coco-rem,calibration,zeroshot
000000536605,3,coco-rem,calibration,zeroshot
000000505520,3,coco-rem,calibration,zeroshot
000000171453,3,coco-rem,calibration,zeroshot
000000355685,3,coco-rem,calibration,zeroshot
000000155285,3,coco-rem,calibration,zeroshot
000000066520,3,coco-rem,calibration,zeroshot
000000267152,3,coco-rem,calibration,zeroshot
000000493840,3,coco-rem,calibration,zeroshot
000000170000,3,coco-rem,calibration,zeroshot
000000074127,3,coco-rem,calibration,zeroshot
000000207264,4,coco-rem,calibration,zeroshot
000000552336,3,coco-rem,calibration,zeroshot
000000372548,3,coco-rem,calibration,zeroshot
000000511026,4,coco-rem,calibration,zeroshot
000000572016,4,coco-rem,calibration,zeroshot
000000480014,3,coco-rem,calibration,zeroshot
000000413626,3,coco-rem,calibration,zeroshot
000000433968,3,coco-rem,calibration,zeroshot
000000061951,3,coco-rem,calibration,zeroshot
000000154713,3,coco-rem,calibration,zeroshot
000000059252,3,coco-rem,calibration,zeroshot
000000390782,3,coco-rem,calibration,zeroshot
000000253474,4,coco-rem,calibration,zeroshot
000000008188,3,coco-rem,calibration,zeroshot
000000042526,2,coco-rem,calibration,zeroshot
000000429741,3,coco-rem,calibration,zeroshot
000000430660,4,coco-rem,calibration,zeroshot
000000467145,4,coco-rem,calibration,zeroshot
000000143445,3,coco-rem,calibration,zeroshot
000000140507,2,coco-rem,calibration,zeroshot
000000065518,3,coco-rem,calibration,zeroshot
000000352091,3,coco-rem,calibration,zeroshot
000000251242,3,coco-rem,calibration,zeroshot
000000546147,3,coco-rem,calibration,zeroshot
000000386945,2,coco-rem,calibration,zeroshot
000000377432,3,coco-rem,calibration,zeroshot
000000301977,4,coco-rem,calibration,zeroshot
000000498022,3,coco-rem,calibration,zeroshot
000000498988,2,coco-rem,calibration,zeroshot
000000401416,3,coco-rem,calibration,zeroshot
000000388880,3,coco-rem,calibration,zeroshot
000000110794,3,coco-rem,calibration,zeroshot
000000198978,4,coco-rem,calibration,zeroshot
000000180341,4,coco-rem,calibration,zeroshot
000000496274,3,coco-rem,calibration,zeroshot
000000002283,4,coco-rem,calibration,zeroshot
000000453352,2,coco-rem,calibration,zeroshot
000000157804,4,coco-rem,calibration,zeroshot
000000497273,3,coco-rem,calibration,zeroshot
000000102330,3,coco-rem,calibration,zeroshot
000000329613,3,coco-rem,calibration,zeroshot
000000319494,3,coco-rem,calibration,zeroshot
000000544615,3,coco-rem,calibration,zeroshot
000000313465,3,coco-rem,calibration,zeroshot
000000365131,3,coco-rem,calibration,zeroshot
000000015451,3,coco-rem,calibration,zeroshot
000000490044,4,coco-rem,calibration,zeroshot
000000277089,3,coco-rem,calibration,zeroshot
000000329097,2,coco-rem,calibration,zeroshot
000000393317,3,coco-rem,calibration,zeroshot
000000288906,4,coco-rem,calibration,zeroshot
000000554106,3,coco-rem,calibration,zeroshot
000000333654,4,coco-rem,calibration,zeroshot
000000241916,4,coco-rem,calibration,zeroshot
000000513690,3,coco-rem,calibration,zeroshot
000000317595,3,coco-rem,calibration,zeroshot
000000230554,3,coco-rem,calibration,zeroshot
000000395527,3,coco-rem,calibration,zeroshot
000000106813,3,coco-rem,calibration,zeroshot
000000400567,3,coco-rem,calibration,zeroshot
000000178258,4,coco-rem,calibration,zeroshot
000000075982,3,coco-rem,calibration,zeroshot
000000075270,3,coco-rem,calibration,zeroshot
000000491681,3,coco-rem,calibration,zeroshot
000000362314,3,coco-rem,calibration,zeroshot
000000450107,3,coco-rem,calibration,zeroshot
000000522930,3,coco-rem,calibration,zeroshot
000000143578,2,coco-rem,calibration,zeroshot
000000073626,4,coco-rem,calibration,zeroshot
000000172439,4,coco-rem,calibration,zeroshot
000000081200,3,coco-rem,calibration,zeroshot
000000432417,3,coco-rem,calibration,zeroshot
000000194774,3,coco-rem,calibration,zeroshot
000000202582,3,coco-rem,calibration,zeroshot
000000256648,2,coco-rem,calibration,zeroshot
000000517007,2,coco-rem,calibration,zeroshot
000000151577,3,coco-rem,calibration,zeroshot
000000293165,3,coco-rem,calibration,zeroshot
000000006263,2,coco-rem,calibration,zeroshot
000000084996,3,coco-rem,calibration,zeroshot
000000355737,3,coco-rem,calibration,zeroshot
000000403853,2,coco-rem,calibration,zeroshot
000000550643,3,coco-rem,calibration,zeroshot
000000149364,3,coco-rem,calibration,zeroshot
000000158718,3,coco-rem,calibration,zeroshot
000000409956,4,coco-rem,calibration,zeroshot
000000476080,3,coco-rem,calibration,zeroshot
000000075630,2,coco-rem,calibration,zeroshot
000000013985,2,coco-rem,calibration,zeroshot
000000325328,3,coco-rem,calibration,zeroshot
000000446500,4,coco-rem,calibration,zeroshot
000000349344,3,coco-rem,calibration,zeroshot
000000207763,3,coco-rem,calibration,zeroshot
